Workbook

Sheet แบบประเมินคณะกำกับหลักสูตร
A1: ประทับเวลา | B1: ที่อยู่อีเมล | C1: ตำแหน่ง/ความรับผิดชอบในหลักสูตร เช่น เป็น อจ.กำกับหลักสูตร/ อจ.ที่ปรึกษา/ นายสิบประจำหลักสูตร ฯลฯ | D1: 1. ด้านการจัดการเรียนรู้ | E1: 2. ด้านเนื้อหารายวิชา | F1: 3. ด้านกิจกรรมเสริมเพื่อเพิ่มทักษะ | G1: 4. ด้านทรัพยากรที่ใช้ในหลักสูตร | H1: 5. ด้านการปฏิบัติตามกฎระเบียบของโรงเรียน ความมีวินัยและการตรงต่อเวลาของผู้เรียน | I1: ข้อเสนอแนะอื่นๆ
A2: 46213.431 | B2: signal.school01711@gmail.com | C2: นายสิบประจำหลักสูตร (2) | D2: มีการจัดการเรียนการสอนตรงตามหลักสูตรที่กำหนดเนื้อหาวิชาครบถ้วน | E2: เนื้อหารายวิชามีความสอดคล้องกันและมีความทันสมัย | F2: มีเวลาสำหรับกิจกรรมเสริมหลักสูตรเพื่อเพิ่มทักษะให้กับผู้เรียนเพียงพอ | G2: มีความพร้อมของห้องเรียนและเครื่องช่วยฝึกที่ใช้ในการเรียนการสอนเพียงพอ | H2: ผู้เรียนมีการปฏิบัติตามกฎ ระเบียบของโรงเรียน และความมีวินัยอย่างเคร่งครัด
A3: 46213.434 | B3: edu.log@signalschool.ac.th | C3: ผช.อาจารย์ที่ปรึกษาหลักสูตร (1) | D3: มีการจัดการเรียนการสอนตรงตามหลักสูตรที่กำหนดเนื้อหาวิชาครบถ้วน | E3: เนื้อหารายวิชามีความสอดคล้องกันและมีความทันสมัย | F3: มีเวลาสำหรับกิจกรรมเสริมหลักสูตรเพื่อเพิ่มทักษะให้กับผู้เรียน "ไม่เพียงพอ" | G3: มีความพร้อมของห้องเรียนและเครื่องช่วยฝึกที่ใช้ในการเรียนการสอนเพียงพอ | H3: ผู้เรียนมีการปฏิบัติตามกฎ ระเบียบของโรงเรียน และความมีวินัย
A4: 46213.435 | B4: nantipong.h@signalschool.ac.th | C4: ผช.อาจารย์กำกับหลักสูตร (3) | D4: มีการจัดการเรียนการสอนตรงตามหลักสูตรที่กำหนดเนื้อหาวิชาครบถ้วน | E4: เนื้อหารายวิชามีความสอดคล้องกันและมีความทันสมัย | F4: มีเวลาสำหรับกิจกรรมเสริมหลักสูตรเพื่อเพิ่มทักษะให้กับผู้เรียนเพียงพอ | G4: มีความพร้อมของห้องเรียนและเครื่องช่วยฝึกที่ใช้ในการเรียนการสอนเพียงพอ | H4: ผู้เรียนมีการปฏิบัติตามกฎ ระเบียบของโรงเรียน และความมีวินัยอย่างเคร่งครัด
A5: 46213.436 | B5: jaroonbuasri@gmail.com | C5: นายสิบประจำหลักสูตร (1) | D5: มีการจัดการเรียนการสอนตรงตามหลักสูตรที่กำหนดเนื้อหาวิชาครบถ้วน | E5: เนื้อหารายวิชามีความสอดคล้องกันและมีความทันสมัย | F5: มีเวลาสำหรับกิจกรรมเสริมหลักสูตรเพื่อเพิ่มทักษะให้กับผู้เรียนเพียงพอ | G5: มีความพร้อมของห้องเรียนและเครื่องช่วยฝึกที่ใช้ในการเรียนการสอนเพียงพอ | H5: ผู้เรียนมีการปฏิบัติตามกฎ ระเบียบของโรงเรียน และความมีวินัยอย่างเคร่งครัด
A6: 46213.438 | B6: supatt89@gmail.com | C6: อาจารย์กำกับหลักสูตร | D6: มีการจัดการเรียนการสอนตรงตามหลักสูตรที่กำหนดเนื้อหาวิชาครบถ้วน | E6: เนื้อหารายวิชามีความสอดคล้องกันและมีความทันสมัย | F6: มีเวลาสำหรับกิจกรรมเสริมหลักสูตรเพื่อเพิ่มทักษะให้กับผู้เรียนเพียงพอ | G6: มีความพร้อมของห้องเรียนและเครื่องช่วยฝึกที่ใช้ในการเรียนการสอนเพียงพอ | H6: ผู้เรียนมีการปฏิบัติตามกฎ ระเบียบของโรงเรียน และความมีวินัย | I6: เห็นควรมีการพิจารณาปรับปรุงหลักสูตรโดยใช้ข้อมูล feedback จากทุกฝ่าย
A7: 46213.441 | B7: sitthisak3@signalschool.ac.th | C7: นายสิบประจำหลักสูตร (4) | D7: มีการจัดการเรียนการสอนตรงตามหลักสูตรที่กำหนดเนื้อหาวิชาครบถ้วน | E7: เนื้อหารายวิชามีความสอดคล้องกันและมีความทันสมัย | F7: มีเวลาสำหรับกิจกรรมเสริมหลักสูตรเพื่อเพิ่มทักษะให้กับผู้เรียนเพียงพอ | G7: มีความพร้อมของห้องเรียนและเครื่องช่วยฝึกที่ใช้ในการเรียนการสอนเพียงพอ | H7: ผู้เรียนมีการปฏิบัติตามกฎ ระเบียบของโรงเรียน และความมีวินัยอย่างเคร่งครัด
A8: 46213.456 | B8: premmee191@gmail.com | C8: ผช.อาจารย์กำกับหลักสูตร (2) | D8: มีการจัดการเรียนการสอนตรงตามหลักสูตรที่กำหนดเนื้อหาวิชาครบถ้วน | E8: เนื้อหารายวิชามีความสอดคล้องกันและมีความทันสมัย | F8: มีเวลาสำหรับกิจกรรมเสริมหลักสูตรเพื่อเพิ่มทักษะให้กับผู้เรียนเพียงพอ | G8: มีความพร้อมของห้องเรียนและเครื่องช่วยฝึกที่ใช้ในการเรียนการสอนเพียงพอ | H8: ผู้เรียนมีการปฏิบัติตามกฎ ระเบียบของโรงเรียน และความมีวินัย
A9: 46213.51 | B9: sanya.n@signalschool.ac.th | C9: ผช.อาจารย์ที่ปรึกษาหลักสูตร (2) | D9: มีการจัดการเรียนการสอนตรงตามหลักสูตรที่กำหนดเนื้อหาวิชาครบถ้วน | E9: เนื้อหารายวิชามีความสอดคล้องกันและมีความทันสมัย | F9: มีเวลาสำหรับกิจกรรมเสริมหลักสูตรเพื่อเพิ่มทักษะให้กับผู้เรียนเพียงพอ | G9: มีความพร้อมของห้องเรียนและเครื่องช่วยฝึกที่ใช้ในการเรียนการสอนเพียงพอ | H9: ผู้เรียนมีการปฏิบัติตามกฎ ระเบียบของโรงเรียน และความมีวินัย
A10: 46215.436 | B10: winyu3551@gmail.com | C10: ผช.อาจารย์กำกับหลักสูตร (1) | D10: มีการจัดการเรียนการสอนตรงตามหลักสูตรที่กำหนดเนื้อหาวิชาครบถ้วน | E10: เนื้อหารายวิชามีความสอดคล้องกันและมีความทันสมัย | F10: มีเวลาสำหรับกิจกรรมเสริมหลักสูตรเพื่อเพิ่มทักษะให้กับผู้เรียนเพียงพอ | G10: มีความพร้อมของห้องเรียนและเครื่องช่วยฝึกที่ใช้ในการเรียนการสอนเพียงพอ | H10: ผู้เรียนมีการปฏิบัติตามกฎ ระเบียบของโรงเรียน และความมีวินัยอย่างเคร่งครัด

Sheet toNum
A1: ประทับเวลา | B1: ที่อยู่อีเมล | C1: ตำแหน่ง/ความรับผิดชอบในหลักสูตร | E1: 1. ด้านการจัดการเรียนรู้ | F1: 2. ด้านเนื้อหารายวิชา | G1: 3. ด้านกิจกรรมเสริมเพื่อเพิ่มทักษะ | H1: 4. ด้านทรัพยากรที่ใช้ในหลักสูตร | I1: 5. ด้านการปฏิบัติตามกฎระเบียบของโรงเรียน ความมีวินัยและการตรงต่อเวลาของผู้เรียน | K1: ตรวจสอบผู้เข้าประเมิน
A2: ='แบบประเมินคณะกำกับหลักสูตร'!A:A -> 46213.431 | B2: ='แบบประเมินคณะกำกับหลักสูตร'!B:B -> signal.school01711@gmail.com | C2: ='แบบประเมินคณะกำกับหลักสูตร'!C:C -> นายสิบประจำหลักสูตร (2) | D2: 1 | E2: =iferror(vlookup('แบบประเมินคณะกำกับหลักสูตร'!D:D,lookup!$A$2:$B$4,2,false),"") -> 5 | F2: =iferror(vlookup('แบบประเมินคณะกำกับหลักสูตร'!E:E,lookup!$A$6:$B$8,2,false),"") -> 5 | G2: =iferror(vlookup('แบบประเมินคณะกำกับหลักสูตร'!F:F,lookup!$A$10:$B$12,2,false),"") -> 5 | H2: =iferror(vlookup('แบบประเมินคณะกำกับหลักสูตร'!G:G,lookup!$A$14:$B$16,2,false),"") -> 5 | I2: =iferror(vlookup('แบบประเมินคณะกำกับหลักสูตร'!H:H,lookup!$A$18:$B$20,2,false),"") -> 5 | K2: {=SEQUENCE(7,1)} -> 1 | L2: อาจารย์กำกับหลักสูตร | M2: =IFERROR(VLOOKUP(L2,C$2:D$13,2,FALSE),0) -> 1
A3: ='แบบประเมินคณะกำกับหลักสูตร'!A:A -> 46213.434 | B3: ='แบบประเมินคณะกำกับหลักสูตร'!B:B -> edu.log@signalschool.ac.th | C3: ='แบบประเมินคณะกำกับหลักสูตร'!C:C -> ผช.อาจารย์ที่ปรึกษาหลักสูตร (1) | D3: 1 | E3: =iferror(vlookup('แบบประเมินคณะกำกับหลักสูตร'!D:D,lookup!$A$2:$B$4,2,false),"") -> 5 | F3: =iferror(vlookup('แบบประเมินคณะกำกับหลักสูตร'!E:E,lookup!$A$6:$B$8,2,false),"") -> 5 | G3: =iferror(vlookup('แบบประเมินคณะกำกับหลักสูตร'!F:F,lookup!$A$10:$B$12,2,false),"") -> 3 | H3: =iferror(vlookup('แบบประเมินคณะกำกับหลักสูตร'!G:G,lookup!$A$14:$B$16,2,false),"") -> 5 | I3: =iferror(vlookup('แบบประเมินคณะกำกับหลักสูตร'!H:H,lookup!$A$18:$B$20,2,false),"") -> 3 | K3: 2 | L3: ผช.อาจารย์กำกับหลักสูตร (1) | M3: =IFERROR(VLOOKUP(L3,C$2:D$13,2,FALSE),0) -> 1
A4: ='แบบประเมินคณะกำกับหลักสูตร'!A:A -> 46213.435 | B4: ='แบบประเมินคณะกำกับหลักสูตร'!B:B -> nantipong.h@signalschool.ac.th | C4: ='แบบประเมินคณะกำกับหลักสูตร'!C:C -> ผช.อาจารย์กำกับหลักสูตร (3) | D4: 1 | E4: =iferror(vlookup('แบบประเมินคณะกำกับหลักสูตร'!D:D,lookup!$A$2:$B$4,2,false),"") -> 5 | F4: =iferror(vlookup('แบบประเมินคณะกำกับหลักสูตร'!E:E,lookup!$A$6:$B$8,2,false),"") -> 5 | G4: =iferror(vlookup('แบบประเมินคณะกำกับหลักสูตร'!F:F,lookup!$A$10:$B$12,2,false),"") -> 5 | H4: =iferror(vlookup('แบบประเมินคณะกำกับหลักสูตร'!G:G,lookup!$A$14:$B$16,2,false),"") -> 5 | I4: =iferror(vlookup('แบบประเมินคณะกำกับหลักสูตร'!H:H,lookup!$A$18:$B$20,2,false),"") -> 5 | K4: 3 | L4: ผช.อาจารย์กำกับหลักสูตร (2) | M4: =IFERROR(VLOOKUP(L4,C$2:D$13,2,FALSE),0) -> 1
A5: ='แบบประเมินคณะกำกับหลักสูตร'!A:A -> 46213.436 | B5: ='แบบประเมินคณะกำกับหลักสูตร'!B:B -> jaroonbuasri@gmail.com | C5: ='แบบประเมินคณะกำกับหลักสูตร'!C:C -> นายสิบประจำหลักสูตร (1) | D5: 1 | E5: =iferror(vlookup('แบบประเมินคณะกำกับหลักสูตร'!D:D,lookup!$A$2:$B$4,2,false),"") -> 5 | F5: =iferror(vlookup('แบบประเมินคณะกำกับหลักสูตร'!E:E,lookup!$A$6:$B$8,2,false),"") -> 5 | G5: =iferror(vlookup('แบบประเมินคณะกำกับหลักสูตร'!F:F,lookup!$A$10:$B$12,2,false),"") -> 5 | H5: =iferror(vlookup('แบบประเมินคณะกำกับหลักสูตร'!G:G,lookup!$A$14:$B$16,2,false),"") -> 5 | I5: =iferror(vlookup('แบบประเมินคณะกำกับหลักสูตร'!H:H,lookup!$A$18:$B$20,2,false),"") -> 5 | K5: 4 | L5: ผช.อาจารย์กำกับหลักสูตร (3) | M5: =IFERROR(VLOOKUP(L5,C$2:D$13,2,FALSE),0) -> 1
A6: ='แบบประเมินคณะกำกับหลักสูตร'!A:A -> 46213.438 | B6: ='แบบประเมินคณะกำกับหลักสูตร'!B:B -> supatt89@gmail.com | C6: ='แบบประเมินคณะกำกับหลักสูตร'!C:C -> อาจารย์กำกับหลักสูตร | D6: 1 | E6: =iferror(vlookup('แบบประเมินคณะกำกับหลักสูตร'!D:D,lookup!$A$2:$B$4,2,false),"") -> 5 | F6: =iferror(vlookup('แบบประเมินคณะกำกับหลักสูตร'!E:E,lookup!$A$6:$B$8,2,false),"") -> 5 | G6: =iferror(vlookup('แบบประเมินคณะกำกับหลักสูตร'!F:F,lookup!$A$10:$B$12,2,false),"") -> 5 | H6: =iferror(vlookup('แบบประเมินคณะกำกับหลักสูตร'!G:G,lookup!$A$14:$B$16,2,false),"") -> 5 | I6: =iferror(vlookup('แบบประเมินคณะกำกับหลักสูตร'!H:H,lookup!$A$18:$B$20,2,false),"") -> 3 | K6: 5 | L6: อาจารย์ที่ปรึกษาหลักสูตร | M6: =IFERROR(VLOOKUP(L6,C$2:D$13,2,FALSE),0) -> 0
A7: ='แบบประเมินคณะกำกับหลักสูตร'!A:A -> 46213.441 | B7: ='แบบประเมินคณะกำกับหลักสูตร'!B:B -> sitthisak3@signalschool.ac.th | C7: ='แบบประเมินคณะกำกับหลักสูตร'!C:C -> นายสิบประจำหลักสูตร (4) | D7: 1 | E7: =iferror(vlookup('แบบประเมินคณะกำกับหลักสูตร'!D:D,lookup!$A$2:$B$4,2,false),"") -> 5 | F7: =iferror(vlookup('แบบประเมินคณะกำกับหลักสูตร'!E:E,lookup!$A$6:$B$8,2,false),"") -> 5 | G7: =iferror(vlookup('แบบประเมินคณะกำกับหลักสูตร'!F:F,lookup!$A$10:$B$12,2,false),"") -> 5 | H7: =iferror(vlookup('แบบประเมินคณะกำกับหลักสูตร'!G:G,lookup!$A$14:$B$16,2,false),"") -> 5 | I7: =iferror(vlookup('แบบประเมินคณะกำกับหลักสูตร'!H:H,lookup!$A$18:$B$20,2,false),"") -> 5 | K7: 6 | L7: ผช.อาจารย์ที่ปรึกษาหลักสูตร (1) | M7: =IFERROR(VLOOKUP(L7,C$2:D$13,2,FALSE),0) -> 1
A8: ='แบบประเมินคณะกำกับหลักสูตร'!A:A -> 46213.456 | B8: ='แบบประเมินคณะกำกับหลักสูตร'!B:B -> premmee191@gmail.com | C8: ='แบบประเมินคณะกำกับหลักสูตร'!C:C -> ผช.อาจารย์กำกับหลักสูตร (2) | D8: 1 | E8: =iferror(vlookup('แบบประเมินคณะกำกับหลักสูตร'!D:D,lookup!$A$2:$B$4,2,false),"") -> 5 | F8: =iferror(vlookup('แบบประเมินคณะกำกับหลักสูตร'!E:E,lookup!$A$6:$B$8,2,false),"") -> 5 | G8: =iferror(vlookup('แบบประเมินคณะกำกับหลักสูตร'!F:F,lookup!$A$10:$B$12,2,false),"") -> 5 | H8: =iferror(vlookup('แบบประเมินคณะกำกับหลักสูตร'!G:G,lookup!$A$14:$B$16,2,false),"") -> 5 | I8: =iferror(vlookup('แบบประเมินคณะกำกับหลักสูตร'!H:H,lookup!$A$18:$B$20,2,false),"") -> 3 | K8: 7 | L8: ผช.อาจารย์ที่ปรึกษาหลักสูตร (2) | M8: =IFERROR(VLOOKUP(L8,C$2:D$13,2,FALSE),0) -> 1
A9: ='แบบประเมินคณะกำกับหลักสูตร'!A:A -> 46213.51 | B9: ='แบบประเมินคณะกำกับหลักสูตร'!B:B -> sanya.n@signalschool.ac.th | C9: ='แบบประเมินคณะกำกับหลักสูตร'!C:C -> ผช.อาจารย์ที่ปรึกษาหลักสูตร (2) | D9: 1 | E9: =iferror(vlookup('แบบประเมินคณะกำกับหลักสูตร'!D:D,lookup!$A$2:$B$4,2,false),"") -> 5 | F9: =iferror(vlookup('แบบประเมินคณะกำกับหลักสูตร'!E:E,lookup!$A$6:$B$8,2,false),"") -> 5 | G9: =iferror(vlookup('แบบประเมินคณะกำกับหลักสูตร'!F:F,lookup!$A$10:$B$12,2,false),"") -> 5 | H9: =iferror(vlookup('แบบประเมินคณะกำกับหลักสูตร'!G:G,lookup!$A$14:$B$16,2,false),"") -> 5 | I9: =iferror(vlookup('แบบประเมินคณะกำกับหลักสูตร'!H:H,lookup!$A$18:$B$20,2,false),"") -> 3 | K9: 8 | L9: นายสิบประจำหลักสูตร (1) | M9: =IFERROR(VLOOKUP(L9,C$2:D$13,2,FALSE),0) -> 1
A10: ='แบบประเมินคณะกำกับหลักสูตร'!A:A -> 46215.436 | B10: ='แบบประเมินคณะกำกับหลักสูตร'!B:B -> winyu3551@gmail.com | C10: ='แบบประเมินคณะกำกับหลักสูตร'!C:C -> ผช.อาจารย์กำกับหลักสูตร (1) | D10: 1 | E10: =iferror(vlookup('แบบประเมินคณะกำกับหลักสูตร'!D:D,lookup!$A$2:$B$4,2,false),"") -> 5 | F10: =iferror(vlookup('แบบประเมินคณะกำกับหลักสูตร'!E:E,lookup!$A$6:$B$8,2,false),"") -> 5 | G10: =iferror(vlookup('แบบประเมินคณะกำกับหลักสูตร'!F:F,lookup!$A$10:$B$12,2,false),"") -> 5 | H10: =iferror(vlookup('แบบประเมินคณะกำกับหลักสูตร'!G:G,lookup!$A$14:$B$16,2,false),"") -> 5 | I10: =iferror(vlookup('แบบประเมินคณะกำกับหลักสูตร'!H:H,lookup!$A$18:$B$20,2,false),"") -> 5 | K10: 9 | L10: นายสิบประจำหลักสูตร (2) | M10: =IFERROR(VLOOKUP(L10,C$2:D$13,2,FALSE),0) -> 1
A11: ='แบบประเมินคณะกำกับหลักสูตร'!A:A | B11: ='แบบประเมินคณะกำกับหลักสูตร'!B:B | C11: ='แบบประเมินคณะกำกับหลักสูตร'!C:C | D11: 1 | E11: 5 | F11: 5 | G11: 3 | H11: 5 | I11: 3 | K11: 10 | L11: นายสิบประจำหลักสูตร (3) | M11: =IFERROR(VLOOKUP(L11,C$2:D$13,2,FALSE),0) -> 0
A12: ='แบบประเมินคณะกำกับหลักสูตร'!A:A | B12: ='แบบประเมินคณะกำกับหลักสูตร'!B:B | C12: ='แบบประเมินคณะกำกับหลักสูตร'!C:C | D12: 1 | E12: 5 | F12: 5 | G12: 5 | H12: 5 | I12: 5 | K12: 11 | L12: นายสิบประจำหลักสูตร (4) | M12: =IFERROR(VLOOKUP(L12,C$2:D$13,2,FALSE),0) -> 1
A13: ='แบบประเมินคณะกำกับหลักสูตร'!A:A | B13: ='แบบประเมินคณะกำกับหลักสูตร'!B:B | C13: ='แบบประเมินคณะกำกับหลักสูตร'!C:C | D13: 1 | J13: เฉลี่ยรวม | L13: ยอดผู้เข้าประเมิน | M13: =SUM(M2:M12) -> 9
A14: ค่าเฉลี่ย | E14: =IFERROR(AVERAGE(E2:E12),"") -> 5 | F14: =IFERROR(AVERAGE(F2:F12),"") -> 5 | G14: =IFERROR(AVERAGE(G2:G12),"") -> 4.6363636 | H14: =IFERROR(AVERAGE(H2:H12),"") -> 5 | I14: =IFERROR(AVERAGE(I2:I12),"") -> 4.0909091 | J14: =IFERROR(AVERAGE(E14:I14),"") -> 4.7454545 | L14: ภาพรวมร้อยละ | M14: =(M13*100)/11 -> 81.818182

Sheet Show on Web
A1: ลำดับ | B1: รายวิชา | C1: ตรวจสอบ
A2: 1 | B2: อาจารย์กำกับหลักสูตร | C2: =if(toNum!M2=1,IMAGE("https://cdn-icons-png.flaticon.com/512/716/716225.png"),IMAGE("https://cdn-icons-png.flaticon.com/512/753/753345.png"))
A3: 2 | B3: ผช.อาจารย์กำกับหลักสูตร (1) | C3: =if(toNum!M3=1,IMAGE("https://cdn-icons-png.flaticon.com/512/716/716225.png"),IMAGE("https://cdn-icons-png.flaticon.com/512/753/753345.png"))
A4: 3 | B4: ผช.อาจารย์กำกับหลักสูตร (2) | C4: =if(toNum!M4=1,IMAGE("https://cdn-icons-png.flaticon.com/512/716/716225.png"),IMAGE("https://cdn-icons-png.flaticon.com/512/753/753345.png"))
A5: 4 | B5: ผช.อาจารย์กำกับหลักสูตร (3) | C5: =if(toNum!M5=1,IMAGE("https://cdn-icons-png.flaticon.com/512/716/716225.png"),IMAGE("https://cdn-icons-png.flaticon.com/512/753/753345.png"))
A6: 5 | B6: อาจารย์ที่ปรึกษาหลักสูตร | C6: =if(toNum!M6=1,IMAGE("https://cdn-icons-png.flaticon.com/512/716/716225.png"),IMAGE("https://cdn-icons-png.flaticon.com/512/753/753345.png"))
A7: 6 | B7: ผช.อาจารย์ที่ปรึกษาหลักสูตร (1) | C7: =if(toNum!M7=1,IMAGE("https://cdn-icons-png.flaticon.com/512/716/716225.png"),IMAGE("https://cdn-icons-png.flaticon.com/512/753/753345.png"))
A8: 7 | B8: ผช.อาจารย์ที่ปรึกษาหลักสูตร (2) | C8: =if(toNum!M8=1,IMAGE("https://cdn-icons-png.flaticon.com/512/716/716225.png"),IMAGE("https://cdn-icons-png.flaticon.com/512/753/753345.png"))
A9: 8 | B9: นายสิบประจำหลักสูตร (1) | C9: =if(toNum!M9=1,IMAGE("https://cdn-icons-png.flaticon.com/512/716/716225.png"),IMAGE("https://cdn-icons-png.flaticon.com/512/753/753345.png"))
A10: 9 | B10: นายสิบประจำหลักสูตร (2) | C10: =if(toNum!M10=1,IMAGE("https://cdn-icons-png.flaticon.com/512/716/716225.png"),IMAGE("https://cdn-icons-png.flaticon.com/512/753/753345.png"))
A11: 10 | B11: นายสิบประจำหลักสูตร (3) | C11: =if(toNum!M11=1,IMAGE("https://cdn-icons-png.flaticon.com/512/716/716225.png"),IMAGE("https://cdn-icons-png.flaticon.com/512/753/753345.png"))
A12: 11 | B12: นายสิบประจำหลักสูตร (4) | C12: =if(toNum!M12=1,IMAGE("https://cdn-icons-png.flaticon.com/512/716/716225.png"),IMAGE("https://cdn-icons-png.flaticon.com/512/753/753345.png"))
A13: ยอดผู้เข้าประเมิน | C13: =toNum!M13 -> 9
A14: ภาพรวมร้อยละ | C14: =toNum!M14 -> 81.818182

Sheet lookup
A2: มีการจัดการเรียนการสอนตรงตามหลักสูตรที่กำหนดเนื้อหาวิชาครบถ้วน | B2: 5
A3: มีการจัดการเรียนการสอนตรงตามหลักสูตรที่กำหนด "แต่เนื้อหาวิชาไม่ครบถ้วน" | B3: 3
A4: มีการจัดการเรียนการสอน "ไม่ตรง" ตามหลักสูตรที่กำหนดและ "เนื้อหาวิชาไม่ครบถ้วน" | B4: 1
A6: เนื้อหารายวิชามีความสอดคล้องกันและมีความทันสมัย | B6: 5
A7: เนื้อหารายวิชามีความสอดคล้องกัน "แต่ไม่มีความทันสมัย" | B7: 3
A8: เนื้อหารายวิชา "ไม่มีความสอดคล้องกัน" และ "ไม่มีความทันสมัย" | B8: 1
A10: มีเวลาสำหรับกิจกรรมเสริมหลักสูตรเพื่อเพิ่มทักษะให้กับผู้เรียนเพียงพอ | B10: 5
A11: มีเวลาสำหรับกิจกรรมเสริมหลักสูตรเพื่อเพิ่มทักษะให้กับผู้เรียน "ไม่เพียงพอ" | B11: 3
A12: "ไม่มีเวลา" สำหรับกิจกรรมเสริมหลักสูตรเพื่อเพิ่มทักษะให้กับผู้เรียน | B12: 1
A14: มีความพร้อมของห้องเรียนและเครื่องช่วยฝึกที่ใช้ในการเรียนการสอนเพียงพอ | B14: 5
A15: มีความพร้อมของห้องเรียนแต่เครื่องช่วยฝึกที่ใช้ในการเรียนการสอน "ไม่เพียงพอ" | B15: 3
A16: "ไม่มีความพร้อม" ของห้องเรียนและเครื่องช่วยฝึกที่ใช้ในการเรียนการสอน"ไม่เพียงพอ" | B16: 1
... A20: ผู้เรียน "ไม่ปฏิบัติ" ตามกฎ ระเบียบของโรงเรียน และ "ไม่มีวินัย" | B20: 1
