Workbook

Sheet แบบประเมิน
A1: ประทับเวลา | B1: ที่อยู่อีเมล | C1: ยศ - ชื่อ - สกุล ผู้สอน | D1: วิชาที่สอน | E1: 1. ความตั้งใจเรียนและการให้ความร่วมมือของนักเรียน | F1: 2. ความพร้อมที่จะเรียนและความกระตือรือร้นในการเรียน | G1: 3. การปฏิบัติตามกฏ ระเบียบของโรงเรียนและความมีวินัย | H1: 4. ความซื่อสัตย์ในการสอบและความตรงต่อเวลาในการส่งงาน | I1: 5. คุณลักษณะของผู้เรียน | J1: ข้อเสนอแนะอื่นๆ
A2: 46182.435 | B2: bnco0966@signalschool.ac.th | C2: ส.อ.พจนันท์ ประสิทธิสัชณุกรณ์ | D2: 6 การสื่อสารประเภทสาย | E2: มีความตั้งใจเรียนและให้ความร่วมมือในการทำกิจกรรม | F2: มีความพร้อมที่จะเรียนและมีความกระตือรือร้นในการเรียนเป็นอย่างมาก | G2: มีการปฏิบัติตามกฏ ระเบียบของโรงเรียน และความมีวินัยอย่างเคร่งครัด | H2: มีความซื่อสัตย์ในการสอบและตรงต่อเวลาในการส่งงาน | I2: มีลักษณะทางทหารและมีความเป็นผู้นำได้อย่างดีมาก
A3: 46213.429 | B3: signal.school01711@gmail.com | C3: จ.ส.อ. พัลลภ ดวงเดือน | D3: 3 วงจรไฟฟ้า | E3: มีความตั้งใจเรียนและให้ความร่วมมือในการทำกิจกรรม | F3: มีความพร้อมที่จะเรียนและมีความกระตือรือร้นในการเรียนเป็นอย่างมาก | G3: มีการปฏิบัติตามกฏ ระเบียบของโรงเรียน และความมีวินัยอย่างเคร่งครัด | H3: มีความซื่อสัตย์ในการสอบและตรงต่อเวลาในการส่งงาน | I3: มีลักษณะทางทหารและมีความเป็นผู้นำได้อย่างดีมาก
A4: 46214.796 | B4: edu.sap@signalschool.ac.th | C4: พ.ต. ไมตรี บุญเหลื่อม | D4: 10 การรักษาความปลอดภัย | E4: มีความตั้งใจเรียนและให้ความร่วมมือในการทำกิจกรรม | F4: มีความพร้อมที่จะเรียนและมีความกระตือรือร้นในการเรียน | G4: มีการปฏิบัติตามกฏ ระเบียบของโรงเรียน และความมีวินัย | H4: มีความซื่อสัตย์ในการสอบและตรงต่อเวลาในการส่งงาน | I4: มีลักษณะทางทหารและมีความเป็นผู้นำได้อย่างมีความเหมาะสม
A5: 46214.797 | B5: edu.sap@signalschool.ac.th | C5: พ.ต. ไมตรี บุญเหลื่อม | D5: 11 การป้องกันและปราบปรามการก่อความไม่สงบ | E5: มีความตั้งใจเรียนและให้ความร่วมมือในการทำกิจกรรม | F5: มีความพร้อมที่จะเรียนและมีความกระตือรือร้นในการเรียนเป็นอย่างมาก | G5: มีการปฏิบัติตามกฏ ระเบียบของโรงเรียน และความมีวินัย | H5: มีความซื่อสัตย์ในการสอบและตรงต่อเวลาในการส่งงาน | I5: มีลักษณะทางทหารและมีความเป็นผู้นำได้อย่างมีความเหมาะสม
A6: 46214.797 | B6: edu.sap@signalschool.ac.th | C6: พ.ต. ไมตรี บุญเหลื่อม | D6: 12 ระเบียบงานสารบรรณ | E6: มีความตั้งใจเรียนและให้ความร่วมมือในการทำกิจกรรม | F6: มีความพร้อมที่จะเรียนและมีความกระตือรือร้นในการเรียน | G6: มีการปฏิบัติตามกฏ ระเบียบของโรงเรียน และความมีวินัยอย่างเคร่งครัด | H6: มีความซื่อสัตย์ในการสอบและตรงต่อเวลาในการส่งงาน | I6: มีลักษณะทางทหารและมีความเป็นผู้นำได้อย่างมีความเหมาะสม
A7: 46214.797 | B7: edu.sap@signalschool.ac.th | C7: พ.ต. ไมตรี บุญเหลื่อม | D7: 13 แผนที่เข็มทิศ | E7: มีความตั้งใจเรียนและให้ความร่วมมือในการทำกิจกรรม | F7: มีความพร้อมที่จะเรียนและมีความกระตือรือร้นในการเรียน | G7: มีการปฏิบัติตามกฏ ระเบียบของโรงเรียน และความมีวินัย | H7: มีความซื่อสัตย์ในการสอบและตรงต่อเวลาในการส่งงาน | I7: มีลักษณะทางทหารและมีความเป็นผู้นำได้อย่างดีมาก
A8: 46214.797 | B8: edu.sap@signalschool.ac.th | C8: พ.ต. ไมตรี บุญเหลื่อม | D8: 14 ผู้นำหน่วย | E8: มีความตั้งใจเรียนและให้ความร่วมมือในการทำกิจกรรม | F8: มีความพร้อมที่จะเรียนและมีความกระตือรือร้นในการเรียนเป็นอย่างมาก | G8: มีการปฏิบัติตามกฏ ระเบียบของโรงเรียน และความมีวินัยอย่างเคร่งครัด | H8: มีความซื่อสัตย์ในการสอบและตรงต่อเวลาในการส่งงาน | I8: มีลักษณะทางทหารและมีความเป็นผู้นำได้อย่างดีมาก
A9: 46214.798 | B9: edu.sap@signalschool.ac.th | C9: พ.ต. ไมตรี บุญเหลื่อม | D9: 16 ฝึกทบทวนการใช้เครื่องมือสื่อสาร | E9: มีความตั้งใจเรียนและให้ความร่วมมือในการทำกิจกรรม | F9: มีความพร้อมที่จะเรียนและมีความกระตือรือร้นในการเรียน | G9: มีการปฏิบัติตามกฏ ระเบียบของโรงเรียน และความมีวินัย | H9: มีความซื่อสัตย์ในการสอบและตรงต่อเวลาในการส่งงาน | I9: มีลักษณะทางทหารและมีความเป็นผู้นำได้อย่างมีความเหมาะสม
A10: 46260.362 | B10: edu.rad@signalschool.ac.th | C10: จ.ส.อ.สุริวัฒน์ นาคเกตุ | D10: 5 การสื่อสารประเภทวิทยุและการสงครามอิเล็กทรอนิกส์ | E10: มีความตั้งใจเรียนและให้ความร่วมมือในการทำกิจกรรม | F10: มีความพร้อมที่จะเรียนและมีความกระตือรือร้นในการเรียนเป็นอย่างมาก | G10: มีการปฏิบัติตามกฏ ระเบียบของโรงเรียน และความมีวินัยอย่างเคร่งครัด | H10: มีความซื่อสัตย์ในการสอบและตรงต่อเวลาในการส่งงาน | I10: มีลักษณะทางทหารและมีความเป็นผู้นำได้อย่างดีมาก
A11: 46262.45 | B11: edu.gen@signalschool.ac.th | C11: ส.อ.ชาตรี คำทะเนตร | D11: 9 ภาษาอังกฤษทางทหาร | E11: มีความตั้งใจเรียนและให้ความร่วมมือในการทำกิจกรรม | F11: มีความพร้อมที่จะเรียนและมีความกระตือรือร้นในการเรียนเป็นอย่างมาก | G11: มีการปฏิบัติตามกฏ ระเบียบของโรงเรียน และความมีวินัยอย่างเคร่งครัด | H11: มีความซื่อสัตย์ในการสอบและตรงต่อเวลาในการส่งงาน | I11: มีลักษณะทางทหารและมีความเป็นผู้นำได้อย่างดีมาก
A12: 46262.451 | B12: edu.gen@signalschool.ac.th | C12: จ.ส.อ. ชัยยุทธ ดิษบุตร | D12: 15 วิชาตามนโยบายที่กองทัพบกกำหนด | E12: มีความตั้งใจเรียนและให้ความร่วมมือในการทำกิจกรรม | F12: มีความพร้อมที่จะเรียนและมีความกระตือรือร้นในการเรียนเป็นอย่างมาก | G12: มีการปฏิบัติตามกฏ ระเบียบของโรงเรียน และความมีวินัยอย่างเคร่งครัด | H12: มีความซื่อสัตย์ในการสอบและตรงต่อเวลาในการส่งงาน | I12: มีลักษณะทางทหารและมีความเป็นผู้นำได้อย่างดีมาก
A13: 46287.428 | B13: edu.wir@signalschool.ac.th | C13: ส.อ. พจนนันท์ ประสิทธิ์สัชฌุกร , ส.อ. ศุภณัฐ ไชยโสภา | D13: 6 การสื่อสารประเภทสาย | E13: มีความตั้งใจเรียนและให้ความร่วมมือในการทำกิจกรรม | F13: มีความพร้อมที่จะเรียนและมีความกระตือรือร้นในการเรียนเป็นอย่างมาก | G13: มีการปฏิบัติตามกฏ ระเบียบของโรงเรียน และความมีวินัยอย่างเคร่งครัด | H13: มีความซื่อสัตย์ในการสอบและตรงต่อเวลาในการส่งงาน | I13: มีลักษณะทางทหารและมีความเป็นผู้นำได้อย่างดีมาก

Sheet toNum
A1: ประทับเวลา | B1: ที่อยู่อีเมล | C1: วิชาที่สอน | E1: 1. ความตั้งใจเรียนและการให้ความร่วมมือของนักเรียน | F1: 2. ความพร้อมที่จะเรียนและความกระตือรือร้นในการเรียน | G1: 3. การปฏิบัติตามกฏ ระเบียบของโรงเรียนและความมีวินัย | H1: 4. ความซื่อสัตย์ในการสอบและตรงต่อเวลาในการส่งงาน | I1: 5. คุณลักษณะของผู้เรียน | L1: ต่รวจสอบการเข้าประเมิน
A2: ='แบบประเมิน'!A:A -> 46182.435 | B2: ='แบบประเมิน'!B:B -> bnco0966@signalschool.ac.th | C2: ='แบบประเมิน'!D:D -> 6 การสื่อสารประเภทสาย | D2: 1 | E2: =iferror(vlookup('แบบประเมิน'!E:E,lookup!$A$2:$B$4,2,false),"") -> 5 | F2: =iferror(vlookup('แบบประเมิน'!F:F,lookup!$A$6:$B$8,2,false),"") -> 5 | G2: =iferror(vlookup('แบบประเมิน'!G:G,lookup!$A$10:$B$12,2,false),"") -> 5 | H2: =iferror(vlookup('แบบประเมิน'!H:H,lookup!$A$14:$B$16,2,false),"") -> 5 | I2: =iferror(vlookup('แบบประเมิน'!I:I,lookup!$A$18:$B$20,2,false),"") -> 5 | K2: ลำดับ | L2: รายวิชา | M2: ตรวจสอบ
A3: ='แบบประเมิน'!A:A -> 46213.429 | B3: ='แบบประเมิน'!B:B -> signal.school01711@gmail.com | C3: ='แบบประเมิน'!D:D -> 3 วงจรไฟฟ้า | D3: 1 | E3: =iferror(vlookup('แบบประเมิน'!E:E,lookup!$A$2:$B$4,2,false),"") -> 5 | F3: =iferror(vlookup('แบบประเมิน'!F:F,lookup!$A$6:$B$8,2,false),"") -> 5 | G3: =iferror(vlookup('แบบประเมิน'!G:G,lookup!$A$10:$B$12,2,false),"") -> 5 | H3: =iferror(vlookup('แบบประเมิน'!H:H,lookup!$A$14:$B$16,2,false),"") -> 5 | I3: =iferror(vlookup('แบบประเมิน'!I:I,lookup!$A$18:$B$20,2,false),"") -> 5 | K3: 1 | L3: 1. การจัดหน่วยทหารสื่อสาร | M3: =IFERROR(VLOOKUP(L3,C$2:D$21,2,FALSE),0) -> 0
A4: ='แบบประเมิน'!A:A -> 46214.796 | B4: ='แบบประเมิน'!B:B -> edu.sap@signalschool.ac.th | C4: ='แบบประเมิน'!D:D -> 10 การรักษาความปลอดภัย | D4: 1 | E4: =iferror(vlookup('แบบประเมิน'!E:E,lookup!$A$2:$B$4,2,false),"") -> 5 | F4: =iferror(vlookup('แบบประเมิน'!F:F,lookup!$A$6:$B$8,2,false),"") -> 3 | G4: =iferror(vlookup('แบบประเมิน'!G:G,lookup!$A$10:$B$12,2,false),"") -> 3 | H4: =iferror(vlookup('แบบประเมิน'!H:H,lookup!$A$14:$B$16,2,false),"") -> 5 | I4: =iferror(vlookup('แบบประเมิน'!I:I,lookup!$A$18:$B$20,2,false),"") -> 3 | K4: 2 | L4: 2. การส่งกำลังและซ่อมบำรุงสายสื่อสาร | M4: =IFERROR(VLOOKUP(L4,C$2:D$21,2,FALSE),0) -> 0
A5: ='แบบประเมิน'!A:A -> 46214.797 | B5: ='แบบประเมิน'!B:B -> edu.sap@signalschool.ac.th | C5: ='แบบประเมิน'!D:D -> 11 การป้องกันและปราบปรามการก่อความไม่สงบ | D5: 1 | E5: =iferror(vlookup('แบบประเมิน'!E:E,lookup!$A$2:$B$4,2,false),"") -> 5 | F5: =iferror(vlookup('แบบประเมิน'!F:F,lookup!$A$6:$B$8,2,false),"") -> 5 | G5: =iferror(vlookup('แบบประเมิน'!G:G,lookup!$A$10:$B$12,2,false),"") -> 3 | H5: =iferror(vlookup('แบบประเมิน'!H:H,lookup!$A$14:$B$16,2,false),"") -> 5 | I5: =iferror(vlookup('แบบประเมิน'!I:I,lookup!$A$18:$B$20,2,false),"") -> 3 | K5: 3 | L5: 3. วงจรไฟฟ้า | M5: =IFERROR(VLOOKUP(L5,C$2:D$21,2,FALSE),0) -> 1
A6: ='แบบประเมิน'!A:A -> 46214.797 | B6: ='แบบประเมิน'!B:B -> edu.sap@signalschool.ac.th | C6: ='แบบประเมิน'!D:D -> 12 ระเบียบงานสารบรรณ | D6: 1 | E6: =iferror(vlookup('แบบประเมิน'!E:E,lookup!$A$2:$B$4,2,false),"") -> 5 | F6: =iferror(vlookup('แบบประเมิน'!F:F,lookup!$A$6:$B$8,2,false),"") -> 3 | G6: =iferror(vlookup('แบบประเมิน'!G:G,lookup!$A$10:$B$12,2,false),"") -> 5 | H6: =iferror(vlookup('แบบประเมิน'!H:H,lookup!$A$14:$B$16,2,false),"") -> 5 | I6: =iferror(vlookup('แบบประเมิน'!I:I,lookup!$A$18:$B$20,2,false),"") -> 3 | K6: 4 | L6: 4. การสื่อสารทางยุทธวิธี | M6: =IFERROR(VLOOKUP(L6,C$2:D$21,2,FALSE),0) -> 0
A7: ='แบบประเมิน'!A:A -> 46214.797 | B7: ='แบบประเมิน'!B:B -> edu.sap@signalschool.ac.th | C7: ='แบบประเมิน'!D:D -> 13 แผนที่เข็มทิศ | D7: 1 | E7: =iferror(vlookup('แบบประเมิน'!E:E,lookup!$A$2:$B$4,2,false),"") -> 5 | F7: =iferror(vlookup('แบบประเมิน'!F:F,lookup!$A$6:$B$8,2,false),"") -> 3 | G7: =iferror(vlookup('แบบประเมิน'!G:G,lookup!$A$10:$B$12,2,false),"") -> 3 | H7: =iferror(vlookup('แบบประเมิน'!H:H,lookup!$A$14:$B$16,2,false),"") -> 5 | I7: =iferror(vlookup('แบบประเมิน'!I:I,lookup!$A$18:$B$20,2,false),"") -> 5 | K7: 5 | L7: 5. การสื่อสารประเภทวิทยุและการสงครามอิเล็กทรอนิกส์ | M7: =IFERROR(VLOOKUP(L7,C$2:D$21,2,FALSE),0) -> 1
A8: ='แบบประเมิน'!A:A -> 46214.797 | B8: ='แบบประเมิน'!B:B -> edu.sap@signalschool.ac.th | C8: ='แบบประเมิน'!D:D -> 14 ผู้นำหน่วย | D8: 1 | E8: =iferror(vlookup('แบบประเมิน'!E:E,lookup!$A$2:$B$4,2,false),"") -> 5 | F8: =iferror(vlookup('แบบประเมิน'!F:F,lookup!$A$6:$B$8,2,false),"") -> 5 | G8: =iferror(vlookup('แบบประเมิน'!G:G,lookup!$A$10:$B$12,2,false),"") -> 5 | H8: =iferror(vlookup('แบบประเมิน'!H:H,lookup!$A$14:$B$16,2,false),"") -> 5 | I8: =iferror(vlookup('แบบประเมิน'!I:I,lookup!$A$18:$B$20,2,false),"") -> 5 | K8: 6 | L8: 6. การสื่อสารประเภทสาย | M8: =IFERROR(VLOOKUP(L8,C$2:D$21,2,FALSE),0) -> 1
A9: ='แบบประเมิน'!A:A -> 46214.798 | B9: ='แบบประเมิน'!B:B -> edu.sap@signalschool.ac.th | C9: ='แบบประเมิน'!D:D -> 16 ฝึกทบทวนการใช้เครื่องมือสื่อสาร | D9: 1 | E9: =iferror(vlookup('แบบประเมิน'!E:E,lookup!$A$2:$B$4,2,false),"") -> 5 | F9: =iferror(vlookup('แบบประเมิน'!F:F,lookup!$A$6:$B$8,2,false),"") -> 3 | G9: =iferror(vlookup('แบบประเมิน'!G:G,lookup!$A$10:$B$12,2,false),"") -> 3 | H9: =iferror(vlookup('แบบประเมิน'!H:H,lookup!$A$14:$B$16,2,false),"") -> 5 | I9: =iferror(vlookup('แบบประเมิน'!I:I,lookup!$A$18:$B$20,2,false),"") -> 3 | K9: 7 | L9: 7. การอำนวยการทางการสื่อสาร | M9: =IFERROR(VLOOKUP(L9,C$2:D$21,2,FALSE),0) -> 0
A10: ='แบบประเมิน'!A:A -> 46260.362 | B10: ='แบบประเมิน'!B:B -> edu.rad@signalschool.ac.th | C10: ='แบบประเมิน'!D:D -> 5 การสื่อสารประเภทวิทยุและการสงครามอิเล็กทรอนิกส์ | D10: 1 | E10: 5 | F10: 5 | G10: 5 | H10: 5 | I10: 5 | K10: 8 | L10: 8. ภาษาอังกฤษทางทหาร | M10: =IFERROR(VLOOKUP(L10,C$2:D$21,2,FALSE),0) -> 0
A11: ='แบบประเมิน'!A:A -> 46262.45 | B11: ='แบบประเมิน'!B:B -> edu.gen@signalschool.ac.th | C11: ='แบบประเมิน'!D:D -> 9 ภาษาอังกฤษทางทหาร | D11: 1 | E11: 5 | F11: 5 | G11: 5 | H11: 5 | I11: 5 | K11: 9 | L11: 9. การพัฒนาทักษะดิจิทัลที่จำเป็น ระดับต้น | M11: =IFERROR(VLOOKUP(L11,C$2:D$21,2,FALSE),0) -> 0
A12: ='แบบประเมิน'!A:A -> 46262.451 | B12: ='แบบประเมิน'!B:B -> edu.gen@signalschool.ac.th | C12: ='แบบประเมิน'!D:D -> 15 วิชาตามนโยบายที่กองทัพบกกำหนด | D12: 1 | E12: 5 | F12: 3 | G12: 3 | H12: 5 | I12: 3 | K12: 10 | L12: 10. การรักษาความปลอดภัย | M12: =IFERROR(VLOOKUP(L12,C$2:D$21,2,FALSE),0) -> 1
A13: ='แบบประเมิน'!A:A -> 46287.428 | B13: ='แบบประเมิน'!B:B -> edu.wir@signalschool.ac.th | C13: ='แบบประเมิน'!D:D -> 6 การสื่อสารประเภทสาย | D13: 1 | E13: 5 | F13: 5 | G13: 3 | H13: 5 | I13: 3 | K13: 11 | L13: 11. การป้องกันและปราบปรามการก่อความไม่สงบ | M13: =IFERROR(VLOOKUP(L13,C$2:D$21,2,FALSE),0) -> 1
A14: ='แบบประเมิน'!A:A | B14: ='แบบประเมิน'!B:B | C14: ='แบบประเมิน'!D:D | D14: 1 | E14: 5 | F14: 3 | G14: 5 | H14: 5 | I14: 3 | K14: 12 | L14: 12. ระเบียบงานสารบรรณ | M14: =IFERROR(VLOOKUP(L14,C$2:D$21,2,FALSE),0) -> 1
A15: ='แบบประเมิน'!A:A | B15: ='แบบประเมิน'!B:B | C15: ='แบบประเมิน'!D:D | D15: 1 | E15: 5 | F15: 3 | G15: 3 | H15: 5 | I15: 5 | K15: 13 | L15: 13. แผนที่เข็มทิศ | M15: =IFERROR(VLOOKUP(L15,C$2:D$21,2,FALSE),0) -> 1
A16: ='แบบประเมิน'!A:A | B16: ='แบบประเมิน'!B:B | C16: ='แบบประเมิน'!D:D | D16: 1 | E16: 5 | F16: 5 | G16: 5 | H16: 5 | I16: 5 | K16: 14 | L16: 14. ผู้นำหน่วย | M16: =IFERROR(VLOOKUP(L16,C$2:D$21,2,FALSE),0) -> 1
A17: ='แบบประเมิน'!A:A | B17: ='แบบประเมิน'!B:B | C17: ='แบบประเมิน'!D:D | D17: 1 | E17: 5 | F17: 3 | G17: 3 | H17: 5 | I17: 3 | K17: 15 | L17: 15. วิชาตามนโยบายที่กองทัพบกกำหนด | M17: =IFERROR(VLOOKUP(L17,C$2:D$21,2,FALSE),0) -> 1
A18: ='แบบประเมิน'!A:A | B18: ='แบบประเมิน'!B:B | C18: ='แบบประเมิน'!D:D | D18: 1 | E18: =iferror(vlookup('แบบประเมิน'!E:E,lookup!$A$2:$B$4,2,false),"") | F18: =iferror(vlookup('แบบประเมิน'!F:F,lookup!$A$6:$B$8,2,false),"") | G18: =iferror(vlookup('แบบประเมิน'!G:G,lookup!$A$10:$B$12,2,false),"") | H18: =iferror(vlookup('แบบประเมิน'!H:H,lookup!$A$14:$B$16,2,false),"") | I18: =iferror(vlookup('แบบประเมิน'!I:I,lookup!$A$18:$B$20,2,false),"") | K18: 16 | L18: 16. ฝึกทบทวนการใช้เครื่องมือสื่อสาร | M18: =IFERROR(VLOOKUP(L18,C$2:D$21,2,FALSE),0) -> 1
A19: ='แบบประเมิน'!A:A | B19: ='แบบประเมิน'!B:B | C19: ='แบบประเมิน'!D:D | D19: 1 | E19: =iferror(vlookup('แบบประเมิน'!E:E,lookup!$A$2:$B$4,2,false),"") | F19: =iferror(vlookup('แบบประเมิน'!F:F,lookup!$A$6:$B$8,2,false),"") | G19: =iferror(vlookup('แบบประเมิน'!G:G,lookup!$A$10:$B$12,2,false),"") | H19: =iferror(vlookup('แบบประเมิน'!H:H,lookup!$A$14:$B$16,2,false),"") | I19: =iferror(vlookup('แบบประเมิน'!I:I,lookup!$A$18:$B$20,2,false),"") | L19: ยอดผู้เข้าประเมิน | M19: =SUM(M3:M18) -> 10
A20: ='แบบประเมิน'!A:A | B20: ='แบบประเมิน'!B:B | C20: ='แบบประเมิน'!D:D | D20: 1 | E20: =iferror(vlookup('แบบประเมิน'!E:E,lookup!$A$2:$B$4,2,false),"") | F20: =iferror(vlookup('แบบประเมิน'!F:F,lookup!$A$6:$B$8,2,false),"") | G20: =iferror(vlookup('แบบประเมิน'!G:G,lookup!$A$10:$B$12,2,false),"") | H20: =iferror(vlookup('แบบประเมิน'!H:H,lookup!$A$14:$B$16,2,false),"") | I20: =iferror(vlookup('แบบประเมิน'!I:I,lookup!$A$18:$B$20,2,false),"") | L20: ภาพรวมร้อยละ | M20: =(M19*100)/16 -> 62.5
A21: ='แบบประเมิน'!A:A | B21: ='แบบประเมิน'!B:B | C21: ='แบบประเมิน'!D:D | D21: 1 | E21: =iferror(vlookup('แบบประเมิน'!E:E,lookup!$A$2:$B$4,2,false),"") | F21: =iferror(vlookup('แบบประเมิน'!F:F,lookup!$A$6:$B$8,2,false),"") | G21: =iferror(vlookup('แบบประเมิน'!G:G,lookup!$A$10:$B$12,2,false),"") | H21: =iferror(vlookup('แบบประเมิน'!H:H,lookup!$A$14:$B$16,2,false),"") | I21: =iferror(vlookup('แบบประเมิน'!I:I,lookup!$A$18:$B$20,2,false),"") | J21: เฉลี่ยรวม
A23: ค่าเฉลี่ย | E23: =IFERROR(AVERAGE(E2:E17),"") -> 5 | F23: =IFERROR(AVERAGE(F2:F17),"") -> 4 | G23: =IFERROR(AVERAGE(G2:G17),"") -> 4 | H23: =IFERROR(AVERAGE(H2:H17),"") -> 5 | I23: =IFERROR(AVERAGE(I2:I17),"") -> 4 | J23: =IFERROR(AVERAGE(E23:I23),"") -> 4.4

Sheet Show on Web
A1: ลำดับ | B1: รายวิชา | C1: ตรวจสอบ
A2: 1 | B2: 1. การจัดหน่วยทหารสื่อสาร | C2: =if(toNum!M3=1,IMAGE("https://cdn-icons-png.flaticon.com/512/716/716225.png"),IMAGE("https://cdn-icons-png.flaticon.com/512/753/753345.png"))
A3: 2 | B3: 2. การส่งกำลังและซ่อมบำรุงสายสื่อสาร | C3: =if(toNum!M4=1,IMAGE("https://cdn-icons-png.flaticon.com/512/716/716225.png"),IMAGE("https://cdn-icons-png.flaticon.com/512/753/753345.png"))
A4: 3 | B4: 3. วงจรไฟฟ้า | C4: =if(toNum!M5=1,IMAGE("https://cdn-icons-png.flaticon.com/512/716/716225.png"),IMAGE("https://cdn-icons-png.flaticon.com/512/753/753345.png"))
A5: 4 | B5: 4. การสื่อสารทางยุทธวิธี | C5: =if(toNum!M6=1,IMAGE("https://cdn-icons-png.flaticon.com/512/716/716225.png"),IMAGE("https://cdn-icons-png.flaticon.com/512/753/753345.png"))
A6: 5 | B6: 5. การสื่อสารประเภทวิทยุและการสงครามอิเล็กทรอนิกส์ | C6: =if(toNum!M7=1,IMAGE("https://cdn-icons-png.flaticon.com/512/716/716225.png"),IMAGE("https://cdn-icons-png.flaticon.com/512/753/753345.png"))
A7: 6 | B7: 6. การสื่อสารประเภทสาย | C7: =if(toNum!M8=1,IMAGE("https://cdn-icons-png.flaticon.com/512/716/716225.png"),IMAGE("https://cdn-icons-png.flaticon.com/512/753/753345.png"))
A8: 7 | B8: 7. การอำนวยการทางการสื่อสาร | C8: =if(toNum!M9=1,IMAGE("https://cdn-icons-png.flaticon.com/512/716/716225.png"),IMAGE("https://cdn-icons-png.flaticon.com/512/753/753345.png"))
A9: 8 | B9: 8. ภาษาอังกฤษทางทหาร | C9: =if(toNum!M10=1,IMAGE("https://cdn-icons-png.flaticon.com/512/716/716225.png"),IMAGE("https://cdn-icons-png.flaticon.com/512/753/753345.png"))
A10: 9 | B10: 9. การพัฒนาทักษะดิจิทัลที่จำเป็น ระดับต้น | C10: =if(toNum!M11=1,IMAGE("https://cdn-icons-png.flaticon.com/512/716/716225.png"),IMAGE("https://cdn-icons-png.flaticon.com/512/753/753345.png"))
A11: 10 | B11: 10. การรักษาความปลอดภัย | C11: =if(toNum!M12=1,IMAGE("https://cdn-icons-png.flaticon.com/512/716/716225.png"),IMAGE("https://cdn-icons-png.flaticon.com/512/753/753345.png"))
A12: 11 | B12: 11. การป้องกันและปราบปรามการก่อความไม่สงบ | C12: =if(toNum!M13=1,IMAGE("https://cdn-icons-png.flaticon.com/512/716/716225.png"),IMAGE("https://cdn-icons-png.flaticon.com/512/753/753345.png"))
A13: 12 | B13: 12. ระเบียบงานสารบรรณ | C13: =if(toNum!M14=1,IMAGE("https://cdn-icons-png.flaticon.com/512/716/716225.png"),IMAGE("https://cdn-icons-png.flaticon.com/512/753/753345.png"))
... A17: 16 | B17: 16. ฝึกทบทวนการใช้เครื่องมือสื่อสาร | C17: =if(toNum!M18=1,IMAGE("https://cdn-icons-png.flaticon.com/512/716/716225.png"),IMAGE("https://cdn-icons-png.flaticon.com/512/753/753345.png"))
A18: ยอดผู้เข้าประเมิน | C18: =toNum!M19 -> 10
A19: ภาพรวมร้อยละ | C19: =toNum!M20 -> 62.5

Sheet lookup
A2: มีความตั้งใจเรียนและให้ความร่วมมือในการทำกิจกรรม | B2: 5
A3: มีความตั้งใจเรียน "แต่ไม่ค่อยให้ความร่วมมือ" ในการทำกิจกรรม | B3: 3
A4: "ไม่ตั้งใจเรียน" และ "ไม่ให้ความร่วมมือ" ในการทำกิจกรรม | B4: 1
A6: มีความพร้อมที่จะเรียนและมีความกระตือรือร้นในการเรียนเป็นอย่างมาก | B6: 5
A7: มีความพร้อมที่จะเรียนและมีความกระตือรือร้นในการเรียน | B7: 3
A8: "ไม่มีความพร้อมที่จะเรียน" และ "ไม่มีความกระตือรือร้น" ในการเรียน | B8: 1
A10: มีการปฏิบัติตามกฏ ระเบียบของโรงเรียน และความมีวินัยอย่างเคร่งครัด | B10: 5
A11: มีการปฏิบัติตามกฏ ระเบียบของโรงเรียน และความมีวินัย | B11: 3
A12: ไม่ปฏิบัติตามกฏ ระเบียบของโรงเรียน และไม่มีวินัย | B12: 1
A14: มีความซื่อสัตย์ในการสอบและตรงต่อเวลาในการส่งงาน | B14: 5
A15: มีความซื่อสัตย์ในการสอบ "แต่ไม่ตรงต่อเวลา" ในการส่งงาน | B15: 3
A16: "ไม่มีความซื่อสัตย์ในการสอบ" และ "ไม่ตรงต่อเวลา" ในการส่งงาน | B16: 1
... A20: ลักษณะทางทหารต้องได้รับการปรับปรุง | B20: 1
