Workbook

Sheet 1.1
A1: ประทับเวลา | B1: ที่อยู่อีเมล | C1: ยศ ชื่อ-สกุล ครู-อาจารย์ผู้สอน | D1: 1. บุคลิกภาพและลักษณะท่าทางของอาจารย์ผู้สอน | E1: 2. การพูดและการใช้นํ้าเสียง | F1: 3. การเตรียมการสอน | G1: 4. การจัดเตรียมสื่อการสอน | H1: 5. การถ่ายทอดความรู้และการนำเข้าสู่บทเรียน | I1: 6. ผู้เรียนได้ฝึกทักษะการคิดวิเคราะห์ หรือการพัฒนาความคิดสร้างสรรค์จากการเรียนรายวิชานี้มากน้อยเพียงใด | J1: 7. ผู้เรียนได้ฝึกทักษะการสื่อสาร การนำเสนอ และการใช้งานเทคโนโลยีสารสนเทศจากการเรียนรายวิชานี้มากน้อยเพียงใด | K1: ข้อเสนอแนะอื่นๆ
A2: 46262.41 | B2: bnco1013@signalschool.ac.th | C2: ส.อ.ไชยพร รักษากุล | D2: ลักษณะทางทหาร "ดีมาก" มีความเชื่อมั่นในตนเองเป็นแบบอย่างที่ดีแก่ผู้เรียนได้ | E2: เสียงดังฟังชัดและจังหวะการพูดไม่ช้า/เร็วเกินไป | F2: มีประมวลรายวิชาและแนะนำเนื้อหาวิชา | G2: มีการจัดเตรียมสื่อการเรียนการสอนและรวบรวมแหล่งอ้างอิงไว้อย่างเหมาะสม | H2: มีการจัดการเรียนการสอนเป็นไปตามประมวลรายวิชาครบถ้วนและการนำเข้าสู่บทเรียนให้ข้อมูลที่เป็นประโยชน์แก่ผู้เรียนครบถ้วน | I2: มีการส่งเสริมให้ผู้เรียนได้ฝึกทักษะการคิดได้อย่างเหมาะสมดีมาก | J2: มีการส่งเสริมให้ผู้เรียนได้ฝึกทักษะการสื่อสารได้อย่างเหมาะสมดีมาก
A3: 46262.412 | B3: bnco1058@signalschool.ac.th | C3: ส.อ.ไชยพร รักษากุล | D3: ลักษณะทางทหาร "ดีมาก" มีความเชื่อมั่นในตนเองเป็นแบบอย่างที่ดีแก่ผู้เรียนได้ | E3: เสียงดังฟังชัดและจังหวะการพูดไม่ช้า/เร็วเกินไป | F3: มีประมวลรายวิชาและแนะนำเนื้อหาวิชา | G3: มีการจัดเตรียมสื่อการเรียนการสอนและรวบรวมแหล่งอ้างอิงไว้อย่างเหมาะสม | H3: มีการจัดการเรียนการสอนเป็นไปตามประมวลรายวิชาครบถ้วนและการนำเข้าสู่บทเรียนให้ข้อมูลที่เป็นประโยชน์แก่ผู้เรียนครบถ้วน | I3: มีการส่งเสริมให้ผู้เรียนได้ฝึกทักษะการคิดได้อย่างเหมาะสมดีมาก | J3: มีการส่งเสริมให้ผู้เรียนได้ฝึกทักษะการสื่อสารได้อย่างเหมาะสมดีมาก
A4: 46262.415 | B4: bnco1009@signalschool.ac.th | C4: ส.อ.ไชยพร รักษากุล | D4: ลักษณะทางทหาร "ดีมาก" มีความเชื่อมั่นในตนเองเป็นแบบอย่างที่ดีแก่ผู้เรียนได้ | E4: เสียงดังฟังชัดและจังหวะการพูดไม่ช้า/เร็วเกินไป | F4: มีประมวลรายวิชาและแนะนำเนื้อหาวิชา | G4: มีการจัดเตรียมสื่อการเรียนการสอนและรวบรวมแหล่งอ้างอิงไว้อย่างเหมาะสม | H4: มีการจัดการเรียนการสอนเป็นไปตามประมวลรายวิชาครบถ้วนและการนำเข้าสู่บทเรียนให้ข้อมูลที่เป็นประโยชน์แก่ผู้เรียนครบถ้วน | I4: มีการส่งเสริมให้ผู้เรียนได้ฝึกทักษะการคิดได้อย่างเหมาะสมดีมาก | J4: มีการส่งเสริมให้ผู้เรียนได้ฝึกทักษะการสื่อสารได้อย่างเหมาะสมดีมาก
A5: 46262.416 | B5: bnco1056@signalschool.ac.th | C5: ร.ท.ศุภรัชฏ หมอกสุข | D5: ลักษณะทางทหาร "ดีมาก" มีความเชื่อมั่นในตนเองเป็นแบบอย่างที่ดีแก่ผู้เรียนได้ | E5: เสียงดังฟังชัดและจังหวะการพูดไม่ช้า/เร็วเกินไป | F5: มีประมวลรายวิชาและแนะนำเนื้อหาวิชา | G5: มีการจัดเตรียมสื่อการเรียนการสอนและรวบรวมแหล่งอ้างอิงไว้อย่างเหมาะสม | H5: มีการจัดการเรียนการสอนเป็นไปตามประมวลรายวิชาครบถ้วนและการนำเข้าสู่บทเรียนให้ข้อมูลที่เป็นประโยชน์แก่ผู้เรียนครบถ้วน | I5: มีการส่งเสริมให้ผู้เรียนได้ฝึกทักษะการคิดได้อย่างเหมาะสมดีมาก | J5: มีการส่งเสริมให้ผู้เรียนได้ฝึกทักษะการสื่อสารได้อย่างเหมาะสมดีมาก
A6: 46262.422 | B6: bnco1062@signalschool.ac.th | C6: ส.อ.ไชยพร รักษากุล | D6: ลักษณะทางทหาร "ดีมาก" มีความเชื่อมั่นในตนเองเป็นแบบอย่างที่ดีแก่ผู้เรียนได้ | E6: เสียงดังฟังชัดและจังหวะการพูดไม่ช้า/เร็วเกินไป | F6: มีประมวลรายวิชาและแนะนำเนื้อหาวิชา | G6: มีการจัดเตรียมสื่อการเรียนการสอนและรวบรวมแหล่งอ้างอิงไว้อย่างเหมาะสม | H6: มีการจัดการเรียนการสอนเป็นไปตามประมวลรายวิชาครบถ้วนและการนำเข้าสู่บทเรียนให้ข้อมูลที่เป็นประโยชน์แก่ผู้เรียนครบถ้วน | I6: มีการส่งเสริมให้ผู้เรียนได้ฝึกทักษะการคิดได้อย่างเหมาะสมดีมาก | J6: มีการส่งเสริมให้ผู้เรียนได้ฝึกทักษะการสื่อสารได้อย่างเหมาะสมดีมาก
A7: 46262.425 | B7: bnco1041@signalschool.ac.th | C7: พ.ต.ไมตรี บุญเหลื่อม | D7: ลักษณะทางทหาร "ดีมาก" มีความเชื่อมั่นในตนเองเป็นแบบอย่างที่ดีแก่ผู้เรียนได้ | E7: เสียงดังฟังชัดและจังหวะการพูดไม่ช้า/เร็วเกินไป | F7: มีประมวลรายวิชาและแนะนำเนื้อหาวิชา | G7: มีการจัดเตรียมสื่อการเรียนการสอนและรวบรวมแหล่งอ้างอิงไว้อย่างเหมาะสม | H7: มีการจัดการเรียนการสอนเป็นไปตามประมวลรายวิชาครบถ้วนและการนำเข้าสู่บทเรียนให้ข้อมูลที่เป็นประโยชน์แก่ผู้เรียนครบถ้วน | I7: มีการส่งเสริมให้ผู้เรียนได้ฝึกทักษะการคิดได้อย่างเหมาะสมดีมาก | J7: มีการส่งเสริมให้ผู้เรียนได้ฝึกทักษะการสื่อสารได้อย่างเหมาะสมดีมาก | K7: ขอบคุณมากครับ สำหรับความรู้ที่อาจารย์มอบให้ครับ ^_^
A8: 46262.434 | B8: bnco1012@signalschool.ac.th | C8: ร.ท.ศุภรัชฏ หมอกสุข | D8: ลักษณะทางทหาร "ดีมาก" มีความเชื่อมั่นในตนเองเป็นแบบอย่างที่ดีแก่ผู้เรียนได้ | E8: เสียงดังฟังชัดและจังหวะการพูดไม่ช้า/เร็วเกินไป | F8: มีประมวลรายวิชาและแนะนำเนื้อหาวิชา | G8: มีการจัดเตรียมสื่อการเรียนการสอนและรวบรวมแหล่งอ้างอิงไว้อย่างเหมาะสม | H8: มีการจัดการเรียนการสอนเป็นไปตามประมวลรายวิชาครบถ้วนและการนำเข้าสู่บทเรียนให้ข้อมูลที่เป็นประโยชน์แก่ผู้เรียนครบถ้วน | I8: มีการส่งเสริมให้ผู้เรียนได้ฝึกทักษะการคิดได้อย่างเหมาะสมดีมาก | J8: มีการส่งเสริมให้ผู้เรียนได้ฝึกทักษะการสื่อสารได้อย่างเหมาะสมดีมาก | K8: ไม่มี
A9: 46262.436 | B9: bnco1006@signalschool.ac.th | C9: ร.ท.ศุภรัชฎ หมอกสุข | D9: ลักษณะทางทหาร "ดีมาก" มีความเชื่อมั่นในตนเองเป็นแบบอย่างที่ดีแก่ผู้เรียนได้ | E9: เสียงดังฟังชัดและจังหวะการพูดไม่ช้า/เร็วเกินไป | F9: มีประมวลรายวิชาและแนะนำเนื้อหาวิชา | G9: มีการจัดเตรียมสื่อการเรียนการสอนและรวบรวมแหล่งอ้างอิงไว้อย่างเหมาะสม | H9: มีการจัดการเรียนการสอนเป็นไปตามประมวลรายวิชาครบถ้วนและการนำเข้าสู่บทเรียนให้ข้อมูลที่เป็นประโยชน์แก่ผู้เรียนครบถ้วน | I9: มีการส่งเสริมให้ผู้เรียนได้ฝึกทักษะการคิดได้อย่างเหมาะสมดีมาก | J9: มีการส่งเสริมให้ผู้เรียนได้ฝึกทักษะการสื่อสารได้อย่างเหมาะสมดีมาก
A10: 46262.441 | B10: bnco1051@signalschool.ac.th | C10: ร.อ.สุพจน์ มงคล | D10: ลักษณะทางทหาร "ดีมาก" มีความเชื่อมั่นในตนเองเป็นแบบอย่างที่ดีแก่ผู้เรียนได้ | E10: เสียงดังฟังชัดและจังหวะการพูดไม่ช้า/เร็วเกินไป | F10: มีประมวลรายวิชาและแนะนำเนื้อหาวิชา | G10: มีการจัดเตรียมสื่อการเรียนการสอนและรวบรวมแหล่งอ้างอิงไว้อย่างเหมาะสม | H10: มีการจัดการเรียนการสอนเป็นไปตามประมวลรายวิชาครบถ้วนและการนำเข้าสู่บทเรียนให้ข้อมูลที่เป็นประโยชน์แก่ผู้เรียนครบถ้วน | I10: มีการส่งเสริมให้ผู้เรียนได้ฝึกทักษะการคิดได้อย่างเหมาะสมดีมาก | J10: มีการส่งเสริมให้ผู้เรียนได้ฝึกทักษะการสื่อสารได้อย่างเหมาะสมดีมาก
A11: 46262.441 | B11: bnco1050@signalschool.ac.th | C11: ร.อ.สุพจน์ มงคล | D11: ลักษณะทางทหาร "ดีมาก" มีความเชื่อมั่นในตนเองเป็นแบบอย่างที่ดีแก่ผู้เรียนได้ | E11: เสียงดังฟังชัดและจังหวะการพูดไม่ช้า/เร็วเกินไป | F11: มีประมวลรายวิชาและแนะนำเนื้อหาวิชา | G11: มีการจัดเตรียมสื่อการเรียนการสอนและรวบรวมแหล่งอ้างอิงไว้อย่างเหมาะสม | H11: มีการจัดการเรียนการสอนเป็นไปตามประมวลรายวิชาครบถ้วนและการนำเข้าสู่บทเรียนให้ข้อมูลที่เป็นประโยชน์แก่ผู้เรียนครบถ้วน | I11: มีการส่งเสริมให้ผู้เรียนได้ฝึกทักษะการคิดได้อย่างเหมาะสมดีมาก | J11: มีการส่งเสริมให้ผู้เรียนได้ฝึกทักษะการสื่อสารได้อย่างเหมาะสมดีมาก
A12: 46262.442 | B12: bnco1052@signalschool.ac.th | C12: ร.ท.ศุภรัชฎ หมอกสุข | D12: ลักษณะทางทหาร "ดีมาก" มีความเชื่อมั่นในตนเองเป็นแบบอย่างที่ดีแก่ผู้เรียนได้ | E12: เสียงดังฟังชัดและจังหวะการพูดไม่ช้า/เร็วเกินไป | F12: มีประมวลรายวิชาและแนะนำเนื้อหาวิชา | G12: มีการจัดเตรียมสื่อการเรียนการสอนและรวบรวมแหล่งอ้างอิงไว้อย่างเหมาะสม | H12: มีการจัดการเรียนการสอนเป็นไปตามประมวลรายวิชาครบถ้วนและการนำเข้าสู่บทเรียนให้ข้อมูลที่เป็นประโยชน์แก่ผู้เรียนครบถ้วน | I12: มีการส่งเสริมให้ผู้เรียนได้ฝึกทักษะการคิดได้อย่างเหมาะสมดีมาก | J12: มีการส่งเสริมให้ผู้เรียนได้ฝึกทักษะการสื่อสารได้อย่างเหมาะสมดีมาก
A13: 46262.444 | B13: bnco1018@signalschool.ac.th | C13: ร.ท.ศุภรัชฎ หมอกสุข | D13: ลักษณะทางทหาร "ดีมาก" มีความเชื่อมั่นในตนเองเป็นแบบอย่างที่ดีแก่ผู้เรียนได้ | E13: เสียงดังฟังชัดและจังหวะการพูดไม่ช้า/เร็วเกินไป | F13: มีประมวลรายวิชาและแนะนำเนื้อหาวิชา | G13: มีการจัดเตรียมสื่อการเรียนการสอนและรวบรวมแหล่งอ้างอิงไว้อย่างเหมาะสม | H13: มีการจัดการเรียนการสอนเป็นไปตามประมวลรายวิชาครบถ้วนและการนำเข้าสู่บทเรียนให้ข้อมูลที่เป็นประโยชน์แก่ผู้เรียนครบถ้วน | I13: มีการส่งเสริมให้ผู้เรียนได้ฝึกทักษะการคิดได้อย่างเหมาะสมดีมาก | J13: มีการส่งเสริมให้ผู้เรียนได้ฝึกทักษะการสื่อสารได้อย่างเหมาะสมดีมาก | K13: ไม่มีครับ
A14: 46262.449 | B14: bnco1038@signalschool.ac.th | C14: ร.ท.ศุภรัชฎ หมอกสุข | D14: ลักษณะทางทหาร "ดีมาก" มีความเชื่อมั่นในตนเองเป็นแบบอย่างที่ดีแก่ผู้เรียนได้ | E14: เสียงดังฟังชัดและจังหวะการพูดไม่ช้า/เร็วเกินไป | F14: มีประมวลรายวิชาและแนะนำเนื้อหาวิชา | G14: มีการจัดเตรียมสื่อการเรียนการสอนและรวบรวมแหล่งอ้างอิงไว้อย่างเหมาะสม | H14: มีการจัดการเรียนการสอนเป็นไปตามประมวลรายวิชาครบถ้วนและการนำเข้าสู่บทเรียนให้ข้อมูลที่เป็นประโยชน์แก่ผู้เรียนครบถ้วน | I14: มีการส่งเสริมให้ผู้เรียนได้ฝึกทักษะการคิดได้อย่างเหมาะสมดีมาก | J14: มีการส่งเสริมให้ผู้เรียนได้ฝึกทักษะการสื่อสารได้อย่างเหมาะสมดีมาก | K14: อาจารย์สอนดี เน้นย้ำในส่วนสำคัญให้เข้าใจมากขึ้น
A15: 46262.45 | B15: bnco1035@signalschool.ac.th | C15: ร.ท.ศุภรัชฎ หมอกสุข | D15: ลักษณะทางทหาร "ดีมาก" มีความเชื่อมั่นในตนเองเป็นแบบอย่างที่ดีแก่ผู้เรียนได้ | E15: เสียงดังฟังชัดและจังหวะการพูดไม่ช้า/เร็วเกินไป | F15: มีประมวลรายวิชาและแนะนำเนื้อหาวิชา | G15: มีการจัดเตรียมสื่อการเรียนการสอนและรวบรวมแหล่งอ้างอิงไว้อย่างเหมาะสม | H15: มีการจัดการเรียนการสอนเป็นไปตามประมวลรายวิชาครบถ้วนและการนำเข้าสู่บทเรียนให้ข้อมูลที่เป็นประโยชน์แก่ผู้เรียนครบถ้วน | I15: มีการส่งเสริมให้ผู้เรียนได้ฝึกทักษะการคิดได้อย่างเหมาะสมดีมาก | J15: มีการส่งเสริมให้ผู้เรียนได้ฝึกทักษะการสื่อสารได้อย่างเหมาะสมดีมาก
A16: 46262.452 | B16: bnco1070@signalschool.ac.th | C16: พ.ต.ไมตรี บุญเหลี่ยม | D16: ลักษณะทางทหาร "ดีมาก" มีความเชื่อมั่นในตนเองเป็นแบบอย่างที่ดีแก่ผู้เรียนได้ | E16: เสียงดังฟังชัดและจังหวะการพูดไม่ช้า/เร็วเกินไป | F16: มีประมวลรายวิชา "แต่ไม่มีการ" แนะนำเนื้อหาวิชา | G16: มีการจัดเตรียมสื่อการเรียนการสอน "แต่ไม่ปรากฏ" แหล่งอ้างอิง | H16: มีการจัดการเรียนการสอนเป็นไปตามประมวลรายวิชาครบถ้วนและการนำเข้าสู่บทเรียนให้ข้อมูลที่เป็นประโยชน์แก่ผู้เรียนครบถ้วน | I16: มีการส่งเสริมให้ผู้เรียนได้ฝึกทักษะการคิดได้อย่างเหมาะสม | J16: มีการส่งเสริมให้ผู้เรียนได้ฝึกทักษะการสื่อสารได้อย่างเหมาะสม
A17: 46262.457 | B17: bnco1036@signalschool.ac.th | C17: ร.ท.ศุภรัชฎ หมอกสุข | D17: ลักษณะทางทหาร "ดีมาก" มีความเชื่อมั่นในตนเองเป็นแบบอย่างที่ดีแก่ผู้เรียนได้ | E17: เสียงดังฟังชัดและจังหวะการพูดไม่ช้า/เร็วเกินไป | F17: มีประมวลรายวิชาและแนะนำเนื้อหาวิชา | G17: มีการจัดเตรียมสื่อการเรียนการสอนและรวบรวมแหล่งอ้างอิงไว้อย่างเหมาะสม | H17: มีการจัดการเรียนการสอนเป็นไปตามประมวลรายวิชาครบถ้วนและการนำเข้าสู่บทเรียนให้ข้อมูลที่เป็นประโยชน์แก่ผู้เรียนครบถ้วน | I17: มีการส่งเสริมให้ผู้เรียนได้ฝึกทักษะการคิดได้อย่างเหมาะสมดีมาก | J17: มีการส่งเสริมให้ผู้เรียนได้ฝึกทักษะการสื่อสารได้อย่างเหมาะสมดีมาก
A18: 46262.459 | B18: bnco1042@signalschool.ac.th | C18: ร.ท.ศุภรัชฎ หมอกสุข | D18: ลักษณะทางทหาร "ดีมาก" มีความเชื่อมั่นในตนเองเป็นแบบอย่างที่ดีแก่ผู้เรียนได้ | E18: เสียงดังฟังชัดและจังหวะการพูดไม่ช้า/เร็วเกินไป | F18: มีประมวลรายวิชาและแนะนำเนื้อหาวิชา | G18: มีการจัดเตรียมสื่อการเรียนการสอนและรวบรวมแหล่งอ้างอิงไว้อย่างเหมาะสม | H18: มีการจัดการเรียนการสอนเป็นไปตามประมวลรายวิชาครบถ้วนและการนำเข้าสู่บทเรียนให้ข้อมูลที่เป็นประโยชน์แก่ผู้เรียนครบถ้วน | I18: มีการส่งเสริมให้ผู้เรียนได้ฝึกทักษะการคิดได้อย่างเหมาะสมดีมาก | J18: มีการส่งเสริมให้ผู้เรียนได้ฝึกทักษะการสื่อสารได้อย่างเหมาะสมดีมาก
A19: 46262.463 | B19: bnco1003@signalschool.ac.th | C19: ร.ท.ศุภรัชฎ หมอกสุข | D19: ลักษณะทางทหาร "ดีมาก" มีความเชื่อมั่นในตนเองเป็นแบบอย่างที่ดีแก่ผู้เรียนได้ | E19: เสียงดังฟังชัดและจังหวะการพูดไม่ช้า/เร็วเกินไป | F19: มีประมวลรายวิชาและแนะนำเนื้อหาวิชา | G19: มีการจัดเตรียมสื่อการเรียนการสอนและรวบรวมแหล่งอ้างอิงไว้อย่างเหมาะสม | H19: มีการจัดการเรียนการสอนเป็นไปตามประมวลรายวิชาครบถ้วนและการนำเข้าสู่บทเรียนให้ข้อมูลที่เป็นประโยชน์แก่ผู้เรียนครบถ้วน | I19: มีการส่งเสริมให้ผู้เรียนได้ฝึกทักษะการคิดได้อย่างเหมาะสมดีมาก | J19: มีการส่งเสริมให้ผู้เรียนได้ฝึกทักษะการสื่อสารได้อย่างเหมาะสมดีมาก
A20: 46262.466 | B20: bnco1079@signalschool.ac.th | C20: ร.ท.ศุภรัชฎ หมอกสุข | D20: ลักษณะทางทหาร "ดีมาก" มีความเชื่อมั่นในตนเองเป็นแบบอย่างที่ดีแก่ผู้เรียนได้ | E20: เสียงดังฟังชัดและจังหวะการพูดไม่ช้า/เร็วเกินไป | F20: มีประมวลรายวิชาและแนะนำเนื้อหาวิชา | G20: มีการจัดเตรียมสื่อการเรียนการสอนและรวบรวมแหล่งอ้างอิงไว้อย่างเหมาะสม | H20: มีการจัดการเรียนการสอนเป็นไปตามประมวลรายวิชาครบถ้วนและการนำเข้าสู่บทเรียนให้ข้อมูลที่เป็นประโยชน์แก่ผู้เรียนครบถ้วน | I20: มีการส่งเสริมให้ผู้เรียนได้ฝึกทักษะการคิดได้อย่างเหมาะสมดีมาก | J20: มีการส่งเสริมให้ผู้เรียนได้ฝึกทักษะการสื่อสารได้อย่างเหมาะสมดีมาก
A21: 46262.481 | B21: bnco1032@signalschool.ac.th | C21: ร.ท.ศุภรัชฏ หมอกสุข | D21: ลักษณะทางทหาร "ดีมาก" มีความเชื่อมั่นในตนเองเป็นแบบอย่างที่ดีแก่ผู้เรียนได้ | E21: เสียงดังฟังชัดและจังหวะการพูดไม่ช้า/เร็วเกินไป | F21: มีประมวลรายวิชาและแนะนำเนื้อหาวิชา | G21: มีการจัดเตรียมสื่อการเรียนการสอนและรวบรวมแหล่งอ้างอิงไว้อย่างเหมาะสม | H21: มีการจัดการเรียนการสอนเป็นไปตามประมวลรายวิชาครบถ้วนและการนำเข้าสู่บทเรียนให้ข้อมูลที่เป็นประโยชน์แก่ผู้เรียนครบถ้วน | I21: มีการส่งเสริมให้ผู้เรียนได้ฝึกทักษะการคิดได้อย่างเหมาะสมดีมาก | J21: มีการส่งเสริมให้ผู้เรียนได้ฝึกทักษะการสื่อสารได้อย่างเหมาะสมดีมาก | K21: อาจาร์ยสอนเข้าใจง่ายดีครับ
A22: 46262.486 | B22: bnco1060@signalschool.ac.th | C22: ร.ท.ศุภรัฎ หมอกสุข | D22: ลักษณะทางทหาร "ดีมาก" มีความเชื่อมั่นในตนเองเป็นแบบอย่างที่ดีแก่ผู้เรียนได้ | E22: เสียงดังฟังชัดและจังหวะการพูดไม่ช้า/เร็วเกินไป | F22: มีประมวลรายวิชาและแนะนำเนื้อหาวิชา | G22: มีการจัดเตรียมสื่อการเรียนการสอนและรวบรวมแหล่งอ้างอิงไว้อย่างเหมาะสม | H22: มีการจัดการเรียนการสอนเป็นไปตามประมวลรายวิชาครบถ้วนและการนำเข้าสู่บทเรียนให้ข้อมูลที่เป็นประโยชน์แก่ผู้เรียนครบถ้วน | I22: มีการส่งเสริมให้ผู้เรียนได้ฝึกทักษะการคิดได้อย่างเหมาะสมดีมาก | J22: มีการส่งเสริมให้ผู้เรียนได้ฝึกทักษะการสื่อสารได้อย่างเหมาะสมดีมาก | K22: สอนเข้าใจมากครับ
A23: 46262.494 | B23: bnco1031@signalschool.ac.th | C23: ร.ท. ศุภรัชฎ หมอกสุข | D23: ลักษณะทางทหาร "ดีมาก" มีความเชื่อมั่นในตนเองเป็นแบบอย่างที่ดีแก่ผู้เรียนได้ | E23: เสียงดังฟังชัดและจังหวะการพูดไม่ช้า/เร็วเกินไป | F23: มีประมวลรายวิชาและแนะนำเนื้อหาวิชา | G23: มีการจัดเตรียมสื่อการเรียนการสอนและรวบรวมแหล่งอ้างอิงไว้อย่างเหมาะสม | H23: มีการจัดการเรียนการสอนเป็นไปตามประมวลรายวิชาครบถ้วนและการนำเข้าสู่บทเรียนให้ข้อมูลที่เป็นประโยชน์แก่ผู้เรียนครบถ้วน | I23: มีการส่งเสริมให้ผู้เรียนได้ฝึกทักษะการคิดได้อย่างเหมาะสมดีมาก | J23: มีการส่งเสริมให้ผู้เรียนได้ฝึกทักษะการสื่อสารได้อย่างเหมาะสมดีมาก
A24: 46262.499 | B24: bnco1063@signalschool.ac.th | C24: ร.ท.ศุภรัชฎ หมอกสุข | D24: ลักษณะทางทหาร "ดีมาก" มีความเชื่อมั่นในตนเองเป็นแบบอย่างที่ดีแก่ผู้เรียนได้ | E24: เสียงดังฟังชัดและจังหวะการพูดไม่ช้า/เร็วเกินไป | F24: มีประมวลรายวิชาและแนะนำเนื้อหาวิชา | G24: มีการจัดเตรียมสื่อการเรียนการสอนและรวบรวมแหล่งอ้างอิงไว้อย่างเหมาะสม | H24: มีการจัดการเรียนการสอนเป็นไปตามประมวลรายวิชาครบถ้วนและการนำเข้าสู่บทเรียนให้ข้อมูลที่เป็นประโยชน์แก่ผู้เรียนครบถ้วน | I24: มีการส่งเสริมให้ผู้เรียนได้ฝึกทักษะการคิดได้อย่างเหมาะสมดีมาก | J24: มีการส่งเสริมให้ผู้เรียนได้ฝึกทักษะการสื่อสารได้อย่างเหมาะสมดีมาก
A25: 46262.521 | B25: bnco1066@signalschool.ac.th | C25: ร.ท.ศุภรัชฎ หมอกสุข | D25: ลักษณะทางทหาร "ดีมาก" มีความเชื่อมั่นในตนเองเป็นแบบอย่างที่ดีแก่ผู้เรียนได้ | E25: เสียงดังฟังชัดและจังหวะการพูดไม่ช้า/เร็วเกินไป | F25: มีประมวลรายวิชาและแนะนำเนื้อหาวิชา | G25: มีการจัดเตรียมสื่อการเรียนการสอนและรวบรวมแหล่งอ้างอิงไว้อย่างเหมาะสม | H25: มีการจัดการเรียนการสอนเป็นไปตามประมวลรายวิชาครบถ้วนและการนำเข้าสู่บทเรียนให้ข้อมูลที่เป็นประโยชน์แก่ผู้เรียนครบถ้วน | I25: มีการส่งเสริมให้ผู้เรียนได้ฝึกทักษะการคิดได้อย่างเหมาะสมดีมาก | J25: มีการส่งเสริมให้ผู้เรียนได้ฝึกทักษะการสื่อสารได้อย่างเหมาะสมดีมาก
A26: 46262.528 | B26: bnco1069@signalschool.ac.th | C26: ร.ท.ศุภรัชฎ หมอกสุข | D26: ลักษณะทางทหาร "ดีมาก" มีความเชื่อมั่นในตนเองเป็นแบบอย่างที่ดีแก่ผู้เรียนได้ | E26: เสียงดังฟังชัดและจังหวะการพูดไม่ช้า/เร็วเกินไป | F26: มีประมวลรายวิชาและแนะนำเนื้อหาวิชา | G26: มีการจัดเตรียมสื่อการเรียนการสอนและรวบรวมแหล่งอ้างอิงไว้อย่างเหมาะสม | H26: มีการจัดการเรียนการสอนเป็นไปตามประมวลรายวิชาครบถ้วนและการนำเข้าสู่บทเรียนให้ข้อมูลที่เป็นประโยชน์แก่ผู้เรียนครบถ้วน | I26: มีการส่งเสริมให้ผู้เรียนได้ฝึกทักษะการคิดได้อย่างเหมาะสมดีมาก | J26: มีการส่งเสริมให้ผู้เรียนได้ฝึกทักษะการสื่อสารได้อย่างเหมาะสมดีมาก
A27: 46262.552 | B27: bnco1044@signalschool.ac.th | C27: ร.ท. ศุภรัชฏ หมอกสุข | D27: ลักษณะทางทหาร "ดีมาก" มีความเชื่อมั่นในตนเองเป็นแบบอย่างที่ดีแก่ผู้เรียนได้ | E27: เสียงดังฟังชัดและจังหวะการพูดไม่ช้า/เร็วเกินไป | F27: มีประมวลรายวิชาและแนะนำเนื้อหาวิชา | G27: มีการจัดเตรียมสื่อการเรียนการสอนและรวบรวมแหล่งอ้างอิงไว้อย่างเหมาะสม | H27: มีการจัดการเรียนการสอนเป็นไปตามประมวลรายวิชาครบถ้วนและการนำเข้าสู่บทเรียนให้ข้อมูลที่เป็นประโยชน์แก่ผู้เรียนครบถ้วน | I27: มีการส่งเสริมให้ผู้เรียนได้ฝึกทักษะการคิดได้อย่างเหมาะสมดีมาก | J27: มีการส่งเสริมให้ผู้เรียนได้ฝึกทักษะการสื่อสารได้อย่างเหมาะสมดีมาก
A28: 46262.553 | B28: bnco1068@signalschool.ac.th | C28: ร.ท.ศุภรัชฎ หมอกสุข | D28: ลักษณะทางทหาร "ดีมาก" มีความเชื่อมั่นในตนเองเป็นแบบอย่างที่ดีแก่ผู้เรียนได้ | E28: เสียงดังฟังชัดและจังหวะการพูดไม่ช้า/เร็วเกินไป | F28: มีประมวลรายวิชาและแนะนำเนื้อหาวิชา | G28: มีการจัดเตรียมสื่อการเรียนการสอนและรวบรวมแหล่งอ้างอิงไว้อย่างเหมาะสม | H28: มีการจัดการเรียนการสอนเป็นไปตามประมวลรายวิชาครบถ้วนและการนำเข้าสู่บทเรียนให้ข้อมูลที่เป็นประโยชน์แก่ผู้เรียนครบถ้วน | I28: มีการส่งเสริมให้ผู้เรียนได้ฝึกทักษะการคิดได้อย่างเหมาะสมดีมาก | J28: มีการส่งเสริมให้ผู้เรียนได้ฝึกทักษะการสื่อสารได้อย่างเหมาะสมดีมาก
A29: 46262.558 | B29: bnco1049@signalschool.ac.th | C29: ร.ท.ศุภรัชฎ หมอกสุข | D29: ลักษณะทางทหาร "ดีมาก" มีความเชื่อมั่นในตนเองเป็นแบบอย่างที่ดีแก่ผู้เรียนได้ | E29: เสียงดังฟังชัดและจังหวะการพูดไม่ช้า/เร็วเกินไป | F29: มีประมวลรายวิชาและแนะนำเนื้อหาวิชา | G29: มีการจัดเตรียมสื่อการเรียนการสอนและรวบรวมแหล่งอ้างอิงไว้อย่างเหมาะสม | H29: มีการจัดการเรียนการสอนเป็นไปตามประมวลรายวิชาครบถ้วนและการนำเข้าสู่บทเรียนให้ข้อมูลที่เป็นประโยชน์แก่ผู้เรียนครบถ้วน | I29: มีการส่งเสริมให้ผู้เรียนได้ฝึกทักษะการคิดได้อย่างเหมาะสมดีมาก | J29: มีการส่งเสริมให้ผู้เรียนได้ฝึกทักษะการสื่อสารได้อย่างเหมาะสมดีมาก
A30: 46262.559 | B30: bnco1008@signalschool.ac.th | C30: ร.ท.ศุภรัชฎ หมอกสุข | D30: ลักษณะทางทหาร "ดีมาก" มีความเชื่อมั่นในตนเองเป็นแบบอย่างที่ดีแก่ผู้เรียนได้ | E30: เสียงดังฟังชัดและจังหวะการพูดไม่ช้า/เร็วเกินไป | F30: มีประมวลรายวิชาและแนะนำเนื้อหาวิชา | G30: มีการจัดเตรียมสื่อการเรียนการสอนและรวบรวมแหล่งอ้างอิงไว้อย่างเหมาะสม | H30: มีการจัดการเรียนการสอนเป็นไปตามประมวลรายวิชาครบถ้วนและการนำเข้าสู่บทเรียนให้ข้อมูลที่เป็นประโยชน์แก่ผู้เรียนครบถ้วน | I30: มีการส่งเสริมให้ผู้เรียนได้ฝึกทักษะการคิดได้อย่างเหมาะสมดีมาก | J30: มีการส่งเสริมให้ผู้เรียนได้ฝึกทักษะการสื่อสารได้อย่างเหมาะสมดีมาก
A31: 46262.569 | B31: bnco1022@signalschool.ac.th | C31: ร.ท.ศุภรัชฏ หมอกสุข | D31: ลักษณะทางทหาร "ดีมาก" มีความเชื่อมั่นในตนเองเป็นแบบอย่างที่ดีแก่ผู้เรียนได้ | E31: เสียงดังฟังชัดและจังหวะการพูดไม่ช้า/เร็วเกินไป | F31: มีประมวลรายวิชาและแนะนำเนื้อหาวิชา | G31: มีการจัดเตรียมสื่อการเรียนการสอนและรวบรวมแหล่งอ้างอิงไว้อย่างเหมาะสม | H31: มีการจัดการเรียนการสอนเป็นไปตามประมวลรายวิชาครบถ้วนและการนำเข้าสู่บทเรียนให้ข้อมูลที่เป็นประโยชน์แก่ผู้เรียนครบถ้วน | I31: มีการส่งเสริมให้ผู้เรียนได้ฝึกทักษะการคิดได้อย่างเหมาะสมดีมาก | J31: มีการส่งเสริมให้ผู้เรียนได้ฝึกทักษะการสื่อสารได้อย่างเหมาะสมดีมาก | K31: อาจาร์สอนเข้าใจง่ายครับ
A32: 46262.577 | B32: bnco1005@signalschool.ac.th | C32: ร.ท.ศุภรัชฏ หมอกสุข | D32: ลักษณะทางทหาร "ดีมาก" มีความเชื่อมั่นในตนเองเป็นแบบอย่างที่ดีแก่ผู้เรียนได้ | E32: เสียงดังฟังชัดและจังหวะการพูดไม่ช้า/เร็วเกินไป | F32: มีประมวลรายวิชาและแนะนำเนื้อหาวิชา | G32: มีการจัดเตรียมสื่อการเรียนการสอนและรวบรวมแหล่งอ้างอิงไว้อย่างเหมาะสม | H32: มีการจัดการเรียนการสอนเป็นไปตามประมวลรายวิชาครบถ้วนและการนำเข้าสู่บทเรียนให้ข้อมูลที่เป็นประโยชน์แก่ผู้เรียนครบถ้วน | I32: มีการส่งเสริมให้ผู้เรียนได้ฝึกทักษะการคิดได้อย่างเหมาะสมดีมาก | J32: มีการส่งเสริมให้ผู้เรียนได้ฝึกทักษะการสื่อสารได้อย่างเหมาะสมดีมาก
A33: 46262.577 | B33: bnco1067@signalschool.ac.th | C33: ร.ท.ศุภรัชฏ หมอกสุข | D33: ลักษณะทางทหาร "ดีมาก" มีความเชื่อมั่นในตนเองเป็นแบบอย่างที่ดีแก่ผู้เรียนได้ | E33: เสียงดังฟังชัดและจังหวะการพูดไม่ช้า/เร็วเกินไป | F33: มีประมวลรายวิชาและแนะนำเนื้อหาวิชา | G33: มีการจัดเตรียมสื่อการเรียนการสอนและรวบรวมแหล่งอ้างอิงไว้อย่างเหมาะสม | H33: มีการจัดการเรียนการสอนเป็นไปตามประมวลรายวิชาครบถ้วนและการนำเข้าสู่บทเรียนให้ข้อมูลที่เป็นประโยชน์แก่ผู้เรียนครบถ้วน | I33: มีการส่งเสริมให้ผู้เรียนได้ฝึกทักษะการคิดได้อย่างเหมาะสมดีมาก | J33: มีการส่งเสริมให้ผู้เรียนได้ฝึกทักษะการสื่อสารได้อย่างเหมาะสมดีมาก
A34: 46262.586 | B34: bnco1039@signalschool.ac.th | C34: ร.ท.ศุภรัชฎ หมอกสุข | D34: ลักษณะทางทหาร "ดีมาก" มีความเชื่อมั่นในตนเองเป็นแบบอย่างที่ดีแก่ผู้เรียนได้ | E34: เสียงดังฟังชัดและจังหวะการพูดไม่ช้า/เร็วเกินไป | F34: มีประมวลรายวิชา "แต่ไม่มีการ" แนะนำเนื้อหาวิชา | G34: มีการจัดเตรียมสื่อการเรียนการสอนและรวบรวมแหล่งอ้างอิงไว้อย่างเหมาะสม | H34: มีการจัดการเรียนการสอนเป็นไปตามประมวลรายวิชาครบถ้วนและการนำเข้าสู่บทเรียนให้ข้อมูลที่เป็นประโยชน์แก่ผู้เรียนครบถ้วน | I34: มีการส่งเสริมให้ผู้เรียนได้ฝึกทักษะการคิดได้อย่างเหมาะสมดีมาก | J34: มีการส่งเสริมให้ผู้เรียนได้ฝึกทักษะการสื่อสารได้อย่างเหมาะสมดีมาก
A35: 46262.591 | B35: bnco1045@signalschool.ac.th | C35: ร.ท.ศุภรัชฎ หมอกสุข | D35: ลักษณะทางทหาร "มีความเหมาะสม" มีความเชื่อมั่นในตนเองปานกลาง | E35: เสียงดังฟังชัดและจังหวะการพูดไม่ช้า/เร็วเกินไป | F35: มีประมวลรายวิชาและแนะนำเนื้อหาวิชา | G35: มีการจัดเตรียมสื่อการเรียนการสอนและรวบรวมแหล่งอ้างอิงไว้อย่างเหมาะสม | H35: มีการจัดการเรียนการสอนเป็นไปตามประมวลรายวิชาบางส่วน "หรือ" การนำเข้าสู่บทเรียนให้ข้อมูลที่เป็นประโยชน์แก่ผู้เรียน (อย่างใดอย่างหนึ่ง) | I35: มีการส่งเสริมให้ผู้เรียนได้ฝึกทักษะการคิดได้อย่างเหมาะสมดีมาก | J35: มีการส่งเสริมให้ผู้เรียนได้ฝึกทักษะการสื่อสารได้อย่างเหมาะสมดีมาก
A36: 46262.61 | B36: bnco1080@signalschool.ac.th | C36: ร.ท.ศุภรัฐ หมอกสุข | D36: ลักษณะทางทหาร "ดีมาก" มีความเชื่อมั่นในตนเองเป็นแบบอย่างที่ดีแก่ผู้เรียนได้ | E36: เสียงดังฟังชัดและจังหวะการพูดไม่ช้า/เร็วเกินไป | F36: มีประมวลรายวิชาและแนะนำเนื้อหาวิชา | G36: มีการจัดเตรียมสื่อการเรียนการสอนและรวบรวมแหล่งอ้างอิงไว้อย่างเหมาะสม | H36: มีการจัดการเรียนการสอนเป็นไปตามประมวลรายวิชาครบถ้วนและการนำเข้าสู่บทเรียนให้ข้อมูลที่เป็นประโยชน์แก่ผู้เรียนครบถ้วน | I36: มีการส่งเสริมให้ผู้เรียนได้ฝึกทักษะการคิดได้อย่างเหมาะสมดีมาก | J36: มีการส่งเสริมให้ผู้เรียนได้ฝึกทักษะการสื่อสารได้อย่างเหมาะสมดีมาก
A37: 46262.625 | B37: bnco1064@signalschool.ac.th | C37: ร.ท.ศุภรัชฏ หมอกสุข | D37: ลักษณะทางทหาร "ดีมาก" มีความเชื่อมั่นในตนเองเป็นแบบอย่างที่ดีแก่ผู้เรียนได้ | E37: เสียงดังฟังชัดและจังหวะการพูดไม่ช้า/เร็วเกินไป | F37: มีประมวลรายวิชาและแนะนำเนื้อหาวิชา | G37: มีการจัดเตรียมสื่อการเรียนการสอนและรวบรวมแหล่งอ้างอิงไว้อย่างเหมาะสม | H37: มีการจัดการเรียนการสอนเป็นไปตามประมวลรายวิชาครบถ้วนและการนำเข้าสู่บทเรียนให้ข้อมูลที่เป็นประโยชน์แก่ผู้เรียนครบถ้วน | I37: มีการส่งเสริมให้ผู้เรียนได้ฝึกทักษะการคิดได้อย่างเหมาะสมดีมาก | J37: มีการส่งเสริมให้ผู้เรียนได้ฝึกทักษะการสื่อสารได้อย่างเหมาะสมดีมาก | K37: -
A38: 46262.642 | B38: bnco1021@signalschool.ac.th | C38: ร.ท.ศุภรัชฎ หมอกสุข | D38: ลักษณะทางทหาร "ดีมาก" มีความเชื่อมั่นในตนเองเป็นแบบอย่างที่ดีแก่ผู้เรียนได้ | E38: เสียงดังฟังชัดและจังหวะการพูดไม่ช้า/เร็วเกินไป | F38: มีประมวลรายวิชาและแนะนำเนื้อหาวิชา | G38: มีการจัดเตรียมสื่อการเรียนการสอนและรวบรวมแหล่งอ้างอิงไว้อย่างเหมาะสม | H38: มีการจัดการเรียนการสอนเป็นไปตามประมวลรายวิชาครบถ้วนและการนำเข้าสู่บทเรียนให้ข้อมูลที่เป็นประโยชน์แก่ผู้เรียนครบถ้วน | I38: มีการส่งเสริมให้ผู้เรียนได้ฝึกทักษะการคิดได้อย่างเหมาะสมดีมาก | J38: มีการส่งเสริมให้ผู้เรียนได้ฝึกทักษะการสื่อสารได้อย่างเหมาะสมดีมาก
A39: 46262.643 | B39: bnco1027@signalschool.ac.th | C39: ร.ท.ศุภรัชฏ หมอกสุข | D39: ลักษณะทางทหาร "ดีมาก" มีความเชื่อมั่นในตนเองเป็นแบบอย่างที่ดีแก่ผู้เรียนได้ | E39: เสียงดังฟังชัดและจังหวะการพูดไม่ช้า/เร็วเกินไป | F39: มีประมวลรายวิชาและแนะนำเนื้อหาวิชา | G39: มีการจัดเตรียมสื่อการเรียนการสอนและรวบรวมแหล่งอ้างอิงไว้อย่างเหมาะสม | H39: มีการจัดการเรียนการสอนเป็นไปตามประมวลรายวิชาครบถ้วนและการนำเข้าสู่บทเรียนให้ข้อมูลที่เป็นประโยชน์แก่ผู้เรียนครบถ้วน | I39: มีการส่งเสริมให้ผู้เรียนได้ฝึกทักษะการคิดได้อย่างเหมาะสมดีมาก | J39: มีการส่งเสริมให้ผู้เรียนได้ฝึกทักษะการสื่อสารได้อย่างเหมาะสมดีมาก | K39: -
A40: 46262.737 | B40: bnco1072@signalschool.ac.th | C40: ร.ท.ศุภรัชฎ หมอกสุข | D40: ลักษณะทางทหาร "ดีมาก" มีความเชื่อมั่นในตนเองเป็นแบบอย่างที่ดีแก่ผู้เรียนได้ | E40: เสียงดังฟังชัดและจังหวะการพูดไม่ช้า/เร็วเกินไป | F40: มีประมวลรายวิชาและแนะนำเนื้อหาวิชา | G40: มีการจัดเตรียมสื่อการเรียนการสอนและรวบรวมแหล่งอ้างอิงไว้อย่างเหมาะสม | H40: มีการจัดการเรียนการสอนเป็นไปตามประมวลรายวิชาครบถ้วนและการนำเข้าสู่บทเรียนให้ข้อมูลที่เป็นประโยชน์แก่ผู้เรียนครบถ้วน | I40: มีการส่งเสริมให้ผู้เรียนได้ฝึกทักษะการคิดได้อย่างเหมาะสมดีมาก | J40: มีการส่งเสริมให้ผู้เรียนได้ฝึกทักษะการสื่อสารได้อย่างเหมาะสมดีมาก
A41: 46262.793 | B41: bnco1014@signalschool.ac.th | C41: ร.ท.ศุภรัชฏ หมอกสุข | D41: ลักษณะทางทหาร "ดีมาก" มีความเชื่อมั่นในตนเองเป็นแบบอย่างที่ดีแก่ผู้เรียนได้ | E41: เสียงดังฟังชัดและจังหวะการพูดไม่ช้า/เร็วเกินไป | F41: มีประมวลรายวิชาและแนะนำเนื้อหาวิชา | G41: มีการจัดเตรียมสื่อการเรียนการสอนและรวบรวมแหล่งอ้างอิงไว้อย่างเหมาะสม | H41: มีการจัดการเรียนการสอนเป็นไปตามประมวลรายวิชาครบถ้วนและการนำเข้าสู่บทเรียนให้ข้อมูลที่เป็นประโยชน์แก่ผู้เรียนครบถ้วน | I41: มีการส่งเสริมให้ผู้เรียนได้ฝึกทักษะการคิดได้อย่างเหมาะสมดีมาก | J41: มีการส่งเสริมให้ผู้เรียนได้ฝึกทักษะการสื่อสารได้อย่างเหมาะสมดีมาก
A42: 46262.869 | B42: bnco1076@signalschool.ac.th | C42: ร.ท. ศุภรัชฎ หมอกสุข | D42: ลักษณะทางทหาร "ดีมาก" มีความเชื่อมั่นในตนเองเป็นแบบอย่างที่ดีแก่ผู้เรียนได้ | E42: เสียงดังฟังชัดและจังหวะการพูดไม่ช้า/เร็วเกินไป | F42: มีประมวลรายวิชาและแนะนำเนื้อหาวิชา | G42: มีการจัดเตรียมสื่อการเรียนการสอนและรวบรวมแหล่งอ้างอิงไว้อย่างเหมาะสม | H42: มีการจัดการเรียนการสอนเป็นไปตามประมวลรายวิชาครบถ้วนและการนำเข้าสู่บทเรียนให้ข้อมูลที่เป็นประโยชน์แก่ผู้เรียนครบถ้วน | I42: มีการส่งเสริมให้ผู้เรียนได้ฝึกทักษะการคิดได้อย่างเหมาะสมดีมาก | J42: มีการส่งเสริมให้ผู้เรียนได้ฝึกทักษะการสื่อสารได้อย่างเหมาะสมดีมาก
A43: 46262.954 | B43: bnco1071@signalschool.ac.th | C43: ร.ท.ศุภรัชฏ หมอกสุข | D43: ลักษณะทางทหาร "ดีมาก" มีความเชื่อมั่นในตนเองเป็นแบบอย่างที่ดีแก่ผู้เรียนได้ | E43: เสียงดังฟังชัดและจังหวะการพูดไม่ช้า/เร็วเกินไป | F43: มีประมวลรายวิชาและแนะนำเนื้อหาวิชา | G43: มีการจัดเตรียมสื่อการเรียนการสอนและรวบรวมแหล่งอ้างอิงไว้อย่างเหมาะสม | H43: มีการจัดการเรียนการสอนเป็นไปตามประมวลรายวิชาครบถ้วนและการนำเข้าสู่บทเรียนให้ข้อมูลที่เป็นประโยชน์แก่ผู้เรียนครบถ้วน | I43: มีการส่งเสริมให้ผู้เรียนได้ฝึกทักษะการคิดได้อย่างเหมาะสมดีมาก | J43: มีการส่งเสริมให้ผู้เรียนได้ฝึกทักษะการสื่อสารได้อย่างเหมาะสมดีมาก | K43: ไม่มีครับ
A44: 46262.959 | B44: bnco1061@signalschool.ac.th | C44: ร.ท.ศุกรัชฏ หมอกสุข | D44: ลักษณะทางทหาร "ดีมาก" มีความเชื่อมั่นในตนเองเป็นแบบอย่างที่ดีแก่ผู้เรียนได้ | E44: เสียงดังฟังชัดและจังหวะการพูดไม่ช้า/เร็วเกินไป | F44: มีประมวลรายวิชาและแนะนำเนื้อหาวิชา | G44: มีการจัดเตรียมสื่อการเรียนการสอนและรวบรวมแหล่งอ้างอิงไว้อย่างเหมาะสม | H44: มีการจัดการเรียนการสอนเป็นไปตามประมวลรายวิชาครบถ้วนและการนำเข้าสู่บทเรียนให้ข้อมูลที่เป็นประโยชน์แก่ผู้เรียนครบถ้วน | I44: มีการส่งเสริมให้ผู้เรียนได้ฝึกทักษะการคิดได้อย่างเหมาะสมดีมาก | J44: มีการส่งเสริมให้ผู้เรียนได้ฝึกทักษะการสื่อสารได้อย่างเหมาะสมดีมาก
A45: 46263.604 | B45: bnco1054@signalschool.ac.th | C45: ร.ท.ศุภรัชฎ หมอกสุข | D45: ลักษณะทางทหาร "ดีมาก" มีความเชื่อมั่นในตนเองเป็นแบบอย่างที่ดีแก่ผู้เรียนได้ | E45: เสียงดังฟังชัดและจังหวะการพูดไม่ช้า/เร็วเกินไป | F45: มีประมวลรายวิชาและแนะนำเนื้อหาวิชา | G45: มีการจัดเตรียมสื่อการเรียนการสอนและรวบรวมแหล่งอ้างอิงไว้อย่างเหมาะสม | H45: มีการจัดการเรียนการสอนเป็นไปตามประมวลรายวิชาครบถ้วนและการนำเข้าสู่บทเรียนให้ข้อมูลที่เป็นประโยชน์แก่ผู้เรียนครบถ้วน | I45: มีการส่งเสริมให้ผู้เรียนได้ฝึกทักษะการคิดได้อย่างเหมาะสมดีมาก | J45: มีการส่งเสริมให้ผู้เรียนได้ฝึกทักษะการสื่อสารได้อย่างเหมาะสมดีมาก | K45: -
A46: 46263.697 | B46: bnco1023@signalschool.ac.th | C46: ร.ท.ศุภรัชฏ หมอกสุข | D46: ลักษณะทางทหาร "ดีมาก" มีความเชื่อมั่นในตนเองเป็นแบบอย่างที่ดีแก่ผู้เรียนได้ | E46: เสียงดังฟังชัดและจังหวะการพูดไม่ช้า/เร็วเกินไป | F46: มีประมวลรายวิชาและแนะนำเนื้อหาวิชา | G46: มีการจัดเตรียมสื่อการเรียนการสอนและรวบรวมแหล่งอ้างอิงไว้อย่างเหมาะสม | H46: มีการจัดการเรียนการสอนเป็นไปตามประมวลรายวิชาครบถ้วนและการนำเข้าสู่บทเรียนให้ข้อมูลที่เป็นประโยชน์แก่ผู้เรียนครบถ้วน | I46: มีการส่งเสริมให้ผู้เรียนได้ฝึกทักษะการคิดได้อย่างเหมาะสมดีมาก | J46: มีการส่งเสริมให้ผู้เรียนได้ฝึกทักษะการสื่อสารได้อย่างเหมาะสมดีมาก
A47: 46264.527 | B47: bnco1015@signalschool.ac.th | C47: ร.ท.ศุภรัชฎ หมอกสุข | D47: ลักษณะทางทหาร "ดีมาก" มีความเชื่อมั่นในตนเองเป็นแบบอย่างที่ดีแก่ผู้เรียนได้ | E47: เสียงดังฟังชัดและจังหวะการพูดไม่ช้า/เร็วเกินไป | F47: มีประมวลรายวิชาและแนะนำเนื้อหาวิชา | G47: มีการจัดเตรียมสื่อการเรียนการสอนและรวบรวมแหล่งอ้างอิงไว้อย่างเหมาะสม | H47: มีการจัดการเรียนการสอนเป็นไปตามประมวลรายวิชาครบถ้วนและการนำเข้าสู่บทเรียนให้ข้อมูลที่เป็นประโยชน์แก่ผู้เรียนครบถ้วน | I47: มีการส่งเสริมให้ผู้เรียนได้ฝึกทักษะการคิดได้อย่างเหมาะสมดีมาก | J47: มีการส่งเสริมให้ผู้เรียนได้ฝึกทักษะการสื่อสารได้อย่างเหมาะสมดีมาก
A48: 46264.632 | B48: bnco1002@signalschool.ac.th | C48: ร.ท. ศุภรัฎ ดวงเดือน | D48: ลักษณะทางทหาร "ดีมาก" มีความเชื่อมั่นในตนเองเป็นแบบอย่างที่ดีแก่ผู้เรียนได้ | E48: เสียงดังฟังชัดและจังหวะการพูดไม่ช้า/เร็วเกินไป | F48: มีประมวลรายวิชาและแนะนำเนื้อหาวิชา | G48: มีการจัดเตรียมสื่อการเรียนการสอนและรวบรวมแหล่งอ้างอิงไว้อย่างเหมาะสม | H48: มีการจัดการเรียนการสอนเป็นไปตามประมวลรายวิชาครบถ้วนและการนำเข้าสู่บทเรียนให้ข้อมูลที่เป็นประโยชน์แก่ผู้เรียนครบถ้วน | I48: มีการส่งเสริมให้ผู้เรียนได้ฝึกทักษะการคิดได้อย่างเหมาะสมดีมาก | J48: มีการส่งเสริมให้ผู้เรียนได้ฝึกทักษะการสื่อสารได้อย่างเหมาะสมดีมาก
A49: 46264.874 | B49: edu.rad@signalschool.ac.th | C49: ครูอาจารย์ รร.ส.สส. | D49: ลักษณะทางทหาร "ดีมาก" มีความเชื่อมั่นในตนเองเป็นแบบอย่างที่ดีแก่ผู้เรียนได้ | E49: เสียงดังฟังชัดและจังหวะการพูดไม่ช้า/เร็วเกินไป | F49: มีประมวลรายวิชาและแนะนำเนื้อหาวิชา | G49: มีการจัดเตรียมสื่อการเรียนการสอนและรวบรวมแหล่งอ้างอิงไว้อย่างเหมาะสม | H49: มีการจัดการเรียนการสอนเป็นไปตามประมวลรายวิชาครบถ้วนและการนำเข้าสู่บทเรียนให้ข้อมูลที่เป็นประโยชน์แก่ผู้เรียนครบถ้วน | I49: มีการส่งเสริมให้ผู้เรียนได้ฝึกทักษะการคิดได้อย่างเหมาะสมดีมาก | J49: มีการส่งเสริมให้ผู้เรียนได้ฝึกทักษะการสื่อสารได้อย่างเหมาะสมดีมาก
A50: 46265.323 | B50: bnco1059@signalschool.ac.th | C50: ร.ท.ศุภรัชฏ หมอกสุข | D50: ลักษณะทางทหาร "ดีมาก" มีความเชื่อมั่นในตนเองเป็นแบบอย่างที่ดีแก่ผู้เรียนได้ | E50: เสียงดังฟังชัดและจังหวะการพูดไม่ช้า/เร็วเกินไป | F50: มีประมวลรายวิชาและแนะนำเนื้อหาวิชา | G50: มีการจัดเตรียมสื่อการเรียนการสอนและรวบรวมแหล่งอ้างอิงไว้อย่างเหมาะสม | H50: มีการจัดการเรียนการสอนเป็นไปตามประมวลรายวิชาครบถ้วนและการนำเข้าสู่บทเรียนให้ข้อมูลที่เป็นประโยชน์แก่ผู้เรียนครบถ้วน | I50: มีการส่งเสริมให้ผู้เรียนได้ฝึกทักษะการคิดได้อย่างเหมาะสมดีมาก | J50: มีการส่งเสริมให้ผู้เรียนได้ฝึกทักษะการสื่อสารได้อย่างเหมาะสมดีมาก
A51: 46265.678 | B51: bnco1046@signalschool.ac.th | C51: ร.ท.ศุภรัชฏ หมอกสุข | D51: ลักษณะทางทหาร "ดีมาก" มีความเชื่อมั่นในตนเองเป็นแบบอย่างที่ดีแก่ผู้เรียนได้ | E51: เสียงดังฟังชัดและจังหวะการพูดไม่ช้า/เร็วเกินไป | F51: มีประมวลรายวิชาและแนะนำเนื้อหาวิชา | G51: มีการจัดเตรียมสื่อการเรียนการสอนและรวบรวมแหล่งอ้างอิงไว้อย่างเหมาะสม | H51: มีการจัดการเรียนการสอนเป็นไปตามประมวลรายวิชาครบถ้วนและการนำเข้าสู่บทเรียนให้ข้อมูลที่เป็นประโยชน์แก่ผู้เรียนครบถ้วน | I51: มีการส่งเสริมให้ผู้เรียนได้ฝึกทักษะการคิดได้อย่างเหมาะสมดีมาก | J51: มีการส่งเสริมให้ผู้เรียนได้ฝึกทักษะการสื่อสารได้อย่างเหมาะสมดีมาก
A52: 46265.69 | B52: bnco1024@signalschool.ac.th | C52: ร.ท.ศุภรัชฎ หมอกสุข | D52: ลักษณะทางทหาร "ดีมาก" มีความเชื่อมั่นในตนเองเป็นแบบอย่างที่ดีแก่ผู้เรียนได้ | E52: เสียงดังฟังชัดและจังหวะการพูดไม่ช้า/เร็วเกินไป | F52: มีประมวลรายวิชาและแนะนำเนื้อหาวิชา | G52: มีการจัดเตรียมสื่อการเรียนการสอนและรวบรวมแหล่งอ้างอิงไว้อย่างเหมาะสม | H52: มีการจัดการเรียนการสอนเป็นไปตามประมวลรายวิชาครบถ้วนและการนำเข้าสู่บทเรียนให้ข้อมูลที่เป็นประโยชน์แก่ผู้เรียนครบถ้วน | I52: มีการส่งเสริมให้ผู้เรียนได้ฝึกทักษะการคิดได้อย่างเหมาะสมดีมาก | J52: มีการส่งเสริมให้ผู้เรียนได้ฝึกทักษะการสื่อสารได้อย่างเหมาะสมดีมาก
A53: 46265.702 | B53: bnco1073@signalschool.ac.th | C53: ร.ท.ศุภรัชฎ หมอกสุข | D53: ลักษณะทางทหาร "ดีมาก" มีความเชื่อมั่นในตนเองเป็นแบบอย่างที่ดีแก่ผู้เรียนได้ | E53: เสียงดังฟังชัดและจังหวะการพูดไม่ช้า/เร็วเกินไป | F53: มีประมวลรายวิชาและแนะนำเนื้อหาวิชา | G53: มีการจัดเตรียมสื่อการเรียนการสอนและรวบรวมแหล่งอ้างอิงไว้อย่างเหมาะสม | H53: มีการจัดการเรียนการสอนเป็นไปตามประมวลรายวิชาครบถ้วนและการนำเข้าสู่บทเรียนให้ข้อมูลที่เป็นประโยชน์แก่ผู้เรียนครบถ้วน | I53: มีการส่งเสริมให้ผู้เรียนได้ฝึกทักษะการคิดได้อย่างเหมาะสมดีมาก | J53: มีการส่งเสริมให้ผู้เรียนได้ฝึกทักษะการสื่อสารได้อย่างเหมาะสมดีมาก
A54: 46265.703 | B54: bnco1078@signalschool.ac.th | C54: ร.ท.ศุภรัชฎ หมอกสุข | D54: ลักษณะทางทหาร "ดีมาก" มีความเชื่อมั่นในตนเองเป็นแบบอย่างที่ดีแก่ผู้เรียนได้ | E54: เสียงดังฟังชัดและจังหวะการพูดไม่ช้า/เร็วเกินไป | F54: มีประมวลรายวิชาและแนะนำเนื้อหาวิชา | G54: มีการจัดเตรียมสื่อการเรียนการสอนและรวบรวมแหล่งอ้างอิงไว้อย่างเหมาะสม | H54: มีการจัดการเรียนการสอนเป็นไปตามประมวลรายวิชาครบถ้วนและการนำเข้าสู่บทเรียนให้ข้อมูลที่เป็นประโยชน์แก่ผู้เรียนครบถ้วน | I54: มีการส่งเสริมให้ผู้เรียนได้ฝึกทักษะการคิดได้อย่างเหมาะสมดีมาก | J54: มีการส่งเสริมให้ผู้เรียนได้ฝึกทักษะการสื่อสารได้อย่างเหมาะสมดีมาก
A55: 46265.734 | B55: bnco1057@signalschool.ac.th | C55: ร.ท.ศุภรัช หมอกสุข | D55: ลักษณะทางทหาร "ดีมาก" มีความเชื่อมั่นในตนเองเป็นแบบอย่างที่ดีแก่ผู้เรียนได้ | E55: เสียงดังฟังชัดและจังหวะการพูดไม่ช้า/เร็วเกินไป | F55: มีประมวลรายวิชาและแนะนำเนื้อหาวิชา | G55: มีการจัดเตรียมสื่อการเรียนการสอนและรวบรวมแหล่งอ้างอิงไว้อย่างเหมาะสม | H55: มีการจัดการเรียนการสอนเป็นไปตามประมวลรายวิชาครบถ้วนและการนำเข้าสู่บทเรียนให้ข้อมูลที่เป็นประโยชน์แก่ผู้เรียนครบถ้วน | I55: มีการส่งเสริมให้ผู้เรียนได้ฝึกทักษะการคิดได้อย่างเหมาะสมดีมาก | J55: มีการส่งเสริมให้ผู้เรียนได้ฝึกทักษะการสื่อสารได้อย่างเหมาะสมดีมาก
A56: 46266.544 | B56: bnco1004@signalschool.ac.th | C56: จ่าสิบเอก อนิชิท ธิบมนทรา | D56: ลักษณะทางทหาร "มีความเหมาะสม" มีความเชื่อมั่นในตนเองปานกลาง | E56: เสียงเบา "แต่" จังหวะการพูดไม่ช้า/เร็วเกินไป | F56: มีประมวลรายวิชา "แต่ไม่มีการ" แนะนำเนื้อหาวิชา | G56: มีการจัดเตรียมสื่อการเรียนการสอน "แต่ไม่ปรากฏ" แหล่งอ้างอิง | H56: มีการจัดการเรียนการสอนเป็นไปตามประมวลรายวิชาบางส่วน "หรือ" การนำเข้าสู่บทเรียนให้ข้อมูลที่เป็นประโยชน์แก่ผู้เรียน (อย่างใดอย่างหนึ่ง) | I56: มีการส่งเสริมให้ผู้เรียนได้ฝึกทักษะการคิดได้อย่างเหมาะสม | J56: มีการส่งเสริมให้ผู้เรียนได้ฝึกทักษะการสื่อสารได้อย่างเหมาะสม
A57: 46266.677 | B57: bnco1053@signalschool.ac.th | C57: ร.ท.ศุภรัช หมอกสุข | D57: ลักษณะทางทหาร "ดีมาก" มีความเชื่อมั่นในตนเองเป็นแบบอย่างที่ดีแก่ผู้เรียนได้ | E57: เสียงดังฟังชัดและจังหวะการพูดไม่ช้า/เร็วเกินไป | F57: มีประมวลรายวิชาและแนะนำเนื้อหาวิชา | G57: มีการจัดเตรียมสื่อการเรียนการสอนและรวบรวมแหล่งอ้างอิงไว้อย่างเหมาะสม | H57: มีการจัดการเรียนการสอนเป็นไปตามประมวลรายวิชาครบถ้วนและการนำเข้าสู่บทเรียนให้ข้อมูลที่เป็นประโยชน์แก่ผู้เรียนครบถ้วน | I57: มีการส่งเสริมให้ผู้เรียนได้ฝึกทักษะการคิดได้อย่างเหมาะสมดีมาก | J57: มีการส่งเสริมให้ผู้เรียนได้ฝึกทักษะการสื่อสารได้อย่างเหมาะสมดีมาก
... A67: 46267.606 | B67: bnco1043@signalschool.ac.th | C67: ร.ท.ศุภรัชฎ์ หมอกสุข | D67: ลักษณะทางทหาร "ดีมาก" มีความเชื่อมั่นในตนเองเป็นแบบอย่างที่ดีแก่ผู้เรียนได้ | E67: เสียงดังฟังชัดและจังหวะการพูดไม่ช้า/เร็วเกินไป | F67: มีประมวลรายวิชาและแนะนำเนื้อหาวิชา | G67: มีการจัดเตรียมสื่อการเรียนการสอนและรวบรวมแหล่งอ้างอิงไว้อย่างเหมาะสม | H67: มีการจัดการเรียนการสอนเป็นไปตามประมวลรายวิชาครบถ้วนและการนำเข้าสู่บทเรียนให้ข้อมูลที่เป็นประโยชน์แก่ผู้เรียนครบถ้วน | I67: มีการส่งเสริมให้ผู้เรียนได้ฝึกทักษะการคิดได้อย่างเหมาะสมดีมาก | J67: มีการส่งเสริมให้ผู้เรียนได้ฝึกทักษะการสื่อสารได้อย่างเหมาะสมดีมาก
A68: 46267.85 | B68: bnco1026@signalschool.ac.th | C68: อาจารย์ผู้สอน | D68: ลักษณะทางทหาร "ดีมาก" มีความเชื่อมั่นในตนเองเป็นแบบอย่างที่ดีแก่ผู้เรียนได้ | E68: เสียงดังฟังชัดและจังหวะการพูดไม่ช้า/เร็วเกินไป | F68: มีประมวลรายวิชาและแนะนำเนื้อหาวิชา | G68: มีการจัดเตรียมสื่อการเรียนการสอนและรวบรวมแหล่งอ้างอิงไว้อย่างเหมาะสม | H68: มีการจัดการเรียนการสอนเป็นไปตามประมวลรายวิชาครบถ้วนและการนำเข้าสู่บทเรียนให้ข้อมูลที่เป็นประโยชน์แก่ผู้เรียนครบถ้วน | I68: มีการส่งเสริมให้ผู้เรียนได้ฝึกทักษะการคิดได้อย่างเหมาะสม | J68: มีการส่งเสริมให้ผู้เรียนได้ฝึกทักษะการสื่อสารได้อย่างเหมาะสม | K68: ไม่มีครับ
A69: 46268.343 | B69: bnco1040@signalschool.ac.th | C69: ร.ท.ศุภรัชฎ หมอกสุข | D69: ลักษณะทางทหาร "ดีมาก" มีความเชื่อมั่นในตนเองเป็นแบบอย่างที่ดีแก่ผู้เรียนได้ | E69: เสียงดังฟังชัดและจังหวะการพูดไม่ช้า/เร็วเกินไป | F69: มีประมวลรายวิชาและแนะนำเนื้อหาวิชา | G69: มีการจัดเตรียมสื่อการเรียนการสอนและรวบรวมแหล่งอ้างอิงไว้อย่างเหมาะสม | H69: มีการจัดการเรียนการสอนเป็นไปตามประมวลรายวิชาครบถ้วนและการนำเข้าสู่บทเรียนให้ข้อมูลที่เป็นประโยชน์แก่ผู้เรียนครบถ้วน | I69: มีการส่งเสริมให้ผู้เรียนได้ฝึกทักษะการคิดได้อย่างเหมาะสมดีมาก | J69: มีการส่งเสริมให้ผู้เรียนได้ฝึกทักษะการสื่อสารได้อย่างเหมาะสมดีมาก

Sheet ค่า 1.1
A1: ประทับเวลา | B1: ที่อยู่อีเมล | C1: ยศ ชื่อ-สกุล ครู-อาจารย์ผู้สอน | E1: 1. บุคลิกภาพและลักษณะท่าทางของอาจารย์ผู้สอน | F1: 2. การพูดและการใช้นํ้าเสียง | G1: 3. การเตรียมการสอน | H1: 4. การจัดเตรียมสื่อการสอน | I1: 5. การถ่ายทอดความรู้และการนำเข้าสู่บทเรียน | J1: 6. ผู้เรียนได้ฝึกทักษะการคิดวิเคราะห์ หรือการพัฒนาความคิดสร้างสรรค์จากการเรียนรายวิชานี้มากน้อยเพียงใด | K1: 7. ผู้เรียนได้ฝึกทักษะการสื่อสาร การนำเสนอ และการใช้งานเทคโนโลยีสารสนเทศจากการเรียนรายวิชานี้มากน้อยเพียงใด | M1: ตรวจสอบผู้เข้าประเมิน
A2: ='1.1'!A:A -> 46262.41 | B2: ='1.1'!B:B -> bnco1013@signalschool.ac.th | C2: ='1.1'!C:C -> ส.อ.ไชยพร รักษากุล | D2: 1 | E2: =IFERROR(vlookup('1.1'!D:D,lookup!$A$2:$B$4,2,false),0) -> 5 | F2: =IFERROR(vlookup('1.1'!E:E,lookup!$A$6:$B$8,2,false),0) -> 5 | G2: =IFERROR(vlookup('1.1'!F:F,lookup!$A$10:$B$12,2,false),0) -> 5 | H2: =IFERROR(vlookup('1.1'!G:G,lookup!$A$14:$B$16,2,false),0) -> 5 | I2: =IFERROR(vlookup('1.1'!H:H,lookup!$A$18:$B$20,2,false),0) -> 5 | J2: =IFERROR(vlookup('1.1'!I:I,lookup!$A$22:$B$24,2,false),0) -> 5 | K2: =IFERROR(vlookup('1.1'!J:J,lookup!$A$26:$B$28,2,false),0) -> 5 | M2: 1 | N2: =CONCAT(R2,"@signalschool.ac.th") -> bnco1001@signalschool.ac.th | O2: =IFERROR(VLOOKUP(N2,B$2:D$81,3,FALSE),0) -> 1 | R2: bnco1001
A3: ='1.1'!A:A -> 46262.412 | B3: ='1.1'!B:B -> bnco1058@signalschool.ac.th | C3: ='1.1'!C:C -> ส.อ.ไชยพร รักษากุล | D3: 1 | E3: =IFERROR(vlookup('1.1'!D:D,lookup!$A$2:$B$4,2,false),0) -> 5 | F3: =IFERROR(vlookup('1.1'!E:E,lookup!$A$6:$B$8,2,false),0) -> 5 | G3: =IFERROR(vlookup('1.1'!F:F,lookup!$A$10:$B$12,2,false),0) -> 5 | H3: =IFERROR(vlookup('1.1'!G:G,lookup!$A$14:$B$16,2,false),0) -> 5 | I3: =IFERROR(vlookup('1.1'!H:H,lookup!$A$18:$B$20,2,false),0) -> 5 | J3: =IFERROR(vlookup('1.1'!I:I,lookup!$A$22:$B$24,2,false),0) -> 5 | K3: =IFERROR(vlookup('1.1'!J:J,lookup!$A$26:$B$28,2,false),0) -> 5 | M3: 2 | N3: =CONCAT(R3,"@signalschool.ac.th") -> bnco1002@signalschool.ac.th | O3: =IFERROR(VLOOKUP(N3,B$2:D$81,3,FALSE),0) -> 1 | R3: bnco1002
A4: ='1.1'!A:A -> 46262.415 | B4: ='1.1'!B:B -> bnco1009@signalschool.ac.th | C4: ='1.1'!C:C -> ส.อ.ไชยพร รักษากุล | D4: 1 | E4: =IFERROR(vlookup('1.1'!D:D,lookup!$A$2:$B$4,2,false),0) -> 5 | F4: =IFERROR(vlookup('1.1'!E:E,lookup!$A$6:$B$8,2,false),0) -> 5 | G4: =IFERROR(vlookup('1.1'!F:F,lookup!$A$10:$B$12,2,false),0) -> 5 | H4: =IFERROR(vlookup('1.1'!G:G,lookup!$A$14:$B$16,2,false),0) -> 5 | I4: =IFERROR(vlookup('1.1'!H:H,lookup!$A$18:$B$20,2,false),0) -> 5 | J4: =IFERROR(vlookup('1.1'!I:I,lookup!$A$22:$B$24,2,false),0) -> 5 | K4: =IFERROR(vlookup('1.1'!J:J,lookup!$A$26:$B$28,2,false),0) -> 5 | M4: 3 | N4: =CONCAT(R4,"@signalschool.ac.th") -> bnco1003@signalschool.ac.th | O4: =IFERROR(VLOOKUP(N4,B$2:D$81,3,FALSE),0) -> 1 | R4: bnco1003
A5: ='1.1'!A:A -> 46262.416 | B5: ='1.1'!B:B -> bnco1056@signalschool.ac.th | C5: ='1.1'!C:C -> ร.ท.ศุภรัชฏ หมอกสุข | D5: 1 | E5: =IFERROR(vlookup('1.1'!D:D,lookup!$A$2:$B$4,2,false),0) -> 5 | F5: =IFERROR(vlookup('1.1'!E:E,lookup!$A$6:$B$8,2,false),0) -> 5 | G5: =IFERROR(vlookup('1.1'!F:F,lookup!$A$10:$B$12,2,false),0) -> 5 | H5: =IFERROR(vlookup('1.1'!G:G,lookup!$A$14:$B$16,2,false),0) -> 5 | I5: =IFERROR(vlookup('1.1'!H:H,lookup!$A$18:$B$20,2,false),0) -> 5 | J5: =IFERROR(vlookup('1.1'!I:I,lookup!$A$22:$B$24,2,false),0) -> 5 | K5: =IFERROR(vlookup('1.1'!J:J,lookup!$A$26:$B$28,2,false),0) -> 5 | M5: 4 | N5: =CONCAT(R5,"@signalschool.ac.th") -> bnco1004@signalschool.ac.th | O5: =IFERROR(VLOOKUP(N5,B$2:D$81,3,FALSE),0) -> 1 | R5: bnco1004
A6: ='1.1'!A:A -> 46262.422 | B6: ='1.1'!B:B -> bnco1062@signalschool.ac.th | C6: ='1.1'!C:C -> ส.อ.ไชยพร รักษากุล | D6: 1 | E6: =IFERROR(vlookup('1.1'!D:D,lookup!$A$2:$B$4,2,false),0) -> 5 | F6: =IFERROR(vlookup('1.1'!E:E,lookup!$A$6:$B$8,2,false),0) -> 5 | G6: =IFERROR(vlookup('1.1'!F:F,lookup!$A$10:$B$12,2,false),0) -> 5 | H6: =IFERROR(vlookup('1.1'!G:G,lookup!$A$14:$B$16,2,false),0) -> 5 | I6: =IFERROR(vlookup('1.1'!H:H,lookup!$A$18:$B$20,2,false),0) -> 5 | J6: =IFERROR(vlookup('1.1'!I:I,lookup!$A$22:$B$24,2,false),0) -> 5 | K6: =IFERROR(vlookup('1.1'!J:J,lookup!$A$26:$B$28,2,false),0) -> 5 | M6: 5 | N6: =CONCAT(R6,"@signalschool.ac.th") -> bnco1005@signalschool.ac.th | O6: =IFERROR(VLOOKUP(N6,B$2:D$81,3,FALSE),0) -> 1 | R6: bnco1005
A7: ='1.1'!A:A -> 46262.425 | B7: ='1.1'!B:B -> bnco1041@signalschool.ac.th | C7: ='1.1'!C:C -> พ.ต.ไมตรี บุญเหลื่อม | D7: 1 | E7: =IFERROR(vlookup('1.1'!D:D,lookup!$A$2:$B$4,2,false),0) -> 5 | F7: =IFERROR(vlookup('1.1'!E:E,lookup!$A$6:$B$8,2,false),0) -> 5 | G7: =IFERROR(vlookup('1.1'!F:F,lookup!$A$10:$B$12,2,false),0) -> 5 | H7: =IFERROR(vlookup('1.1'!G:G,lookup!$A$14:$B$16,2,false),0) -> 5 | I7: =IFERROR(vlookup('1.1'!H:H,lookup!$A$18:$B$20,2,false),0) -> 5 | J7: =IFERROR(vlookup('1.1'!I:I,lookup!$A$22:$B$24,2,false),0) -> 5 | K7: =IFERROR(vlookup('1.1'!J:J,lookup!$A$26:$B$28,2,false),0) -> 5 | M7: 6 | N7: =CONCAT(R7,"@signalschool.ac.th") -> bnco1006@signalschool.ac.th | O7: =IFERROR(VLOOKUP(N7,B$2:D$81,3,FALSE),0) -> 1 | R7: bnco1006
A8: ='1.1'!A:A -> 46262.434 | B8: ='1.1'!B:B -> bnco1012@signalschool.ac.th | C8: ='1.1'!C:C -> ร.ท.ศุภรัชฏ หมอกสุข | D8: 1 | E8: =IFERROR(vlookup('1.1'!D:D,lookup!$A$2:$B$4,2,false),0) -> 5 | F8: =IFERROR(vlookup('1.1'!E:E,lookup!$A$6:$B$8,2,false),0) -> 5 | G8: =IFERROR(vlookup('1.1'!F:F,lookup!$A$10:$B$12,2,false),0) -> 5 | H8: =IFERROR(vlookup('1.1'!G:G,lookup!$A$14:$B$16,2,false),0) -> 5 | I8: =IFERROR(vlookup('1.1'!H:H,lookup!$A$18:$B$20,2,false),0) -> 5 | J8: =IFERROR(vlookup('1.1'!I:I,lookup!$A$22:$B$24,2,false),0) -> 5 | K8: =IFERROR(vlookup('1.1'!J:J,lookup!$A$26:$B$28,2,false),0) -> 5 | M8: 7 | N8: =CONCAT(R8,"@signalschool.ac.th") -> bnco1007@signalschool.ac.th | O8: =IFERROR(VLOOKUP(N8,B$2:D$81,3,FALSE),0) -> 0 | R8: bnco1007
A9: ='1.1'!A:A -> 46262.436 | B9: ='1.1'!B:B -> bnco1006@signalschool.ac.th | C9: ='1.1'!C:C -> ร.ท.ศุภรัชฎ หมอกสุข | D9: 1 | E9: =IFERROR(vlookup('1.1'!D:D,lookup!$A$2:$B$4,2,false),0) -> 5 | F9: =IFERROR(vlookup('1.1'!E:E,lookup!$A$6:$B$8,2,false),0) -> 5 | G9: =IFERROR(vlookup('1.1'!F:F,lookup!$A$10:$B$12,2,false),0) -> 5 | H9: =IFERROR(vlookup('1.1'!G:G,lookup!$A$14:$B$16,2,false),0) -> 5 | I9: =IFERROR(vlookup('1.1'!H:H,lookup!$A$18:$B$20,2,false),0) -> 5 | J9: =IFERROR(vlookup('1.1'!I:I,lookup!$A$22:$B$24,2,false),0) -> 5 | K9: =IFERROR(vlookup('1.1'!J:J,lookup!$A$26:$B$28,2,false),0) -> 5 | M9: 8 | N9: =CONCAT(R9,"@signalschool.ac.th") -> bnco1008@signalschool.ac.th | O9: =IFERROR(VLOOKUP(N9,B$2:D$81,3,FALSE),0) -> 1 | R9: bnco1008
A10: ='1.1'!A:A -> 46262.441 | B10: ='1.1'!B:B -> bnco1051@signalschool.ac.th | C10: ='1.1'!C:C -> ร.อ.สุพจน์ มงคล | D10: 1 | E10: =IFERROR(vlookup('1.1'!D:D,lookup!$A$2:$B$4,2,false),0) -> 5 | F10: =IFERROR(vlookup('1.1'!E:E,lookup!$A$6:$B$8,2,false),0) -> 5 | G10: =IFERROR(vlookup('1.1'!F:F,lookup!$A$10:$B$12,2,false),0) -> 5 | H10: =IFERROR(vlookup('1.1'!G:G,lookup!$A$14:$B$16,2,false),0) -> 5 | I10: =IFERROR(vlookup('1.1'!H:H,lookup!$A$18:$B$20,2,false),0) -> 5 | J10: =IFERROR(vlookup('1.1'!I:I,lookup!$A$22:$B$24,2,false),0) -> 5 | K10: =IFERROR(vlookup('1.1'!J:J,lookup!$A$26:$B$28,2,false),0) -> 5 | M10: 9 | N10: =CONCAT(R10,"@signalschool.ac.th") -> bnco1009@signalschool.ac.th | O10: =IFERROR(VLOOKUP(N10,B$2:D$81,3,FALSE),0) -> 1 | R10: bnco1009
A11: ='1.1'!A:A -> 46262.441 | B11: ='1.1'!B:B -> bnco1050@signalschool.ac.th | C11: ='1.1'!C:C -> ร.อ.สุพจน์ มงคล | D11: 1 | E11: =IFERROR(vlookup('1.1'!D:D,lookup!$A$2:$B$4,2,false),0) -> 5 | F11: =IFERROR(vlookup('1.1'!E:E,lookup!$A$6:$B$8,2,false),0) -> 5 | G11: =IFERROR(vlookup('1.1'!F:F,lookup!$A$10:$B$12,2,false),0) -> 5 | H11: =IFERROR(vlookup('1.1'!G:G,lookup!$A$14:$B$16,2,false),0) -> 5 | I11: =IFERROR(vlookup('1.1'!H:H,lookup!$A$18:$B$20,2,false),0) -> 5 | J11: =IFERROR(vlookup('1.1'!I:I,lookup!$A$22:$B$24,2,false),0) -> 5 | K11: =IFERROR(vlookup('1.1'!J:J,lookup!$A$26:$B$28,2,false),0) -> 5 | M11: 10 | N11: =CONCAT(R11,"@signalschool.ac.th") -> bnco1010@signalschool.ac.th | O11: =IFERROR(VLOOKUP(N11,B$2:D$81,3,FALSE),0) -> 0 | R11: bnco1010
A12: ='1.1'!A:A -> 46262.442 | B12: ='1.1'!B:B -> bnco1052@signalschool.ac.th | C12: ='1.1'!C:C -> ร.ท.ศุภรัชฎ หมอกสุข | D12: 1 | E12: =IFERROR(vlookup('1.1'!D:D,lookup!$A$2:$B$4,2,false),0) -> 5 | F12: =IFERROR(vlookup('1.1'!E:E,lookup!$A$6:$B$8,2,false),0) -> 5 | G12: =IFERROR(vlookup('1.1'!F:F,lookup!$A$10:$B$12,2,false),0) -> 5 | H12: =IFERROR(vlookup('1.1'!G:G,lookup!$A$14:$B$16,2,false),0) -> 5 | I12: =IFERROR(vlookup('1.1'!H:H,lookup!$A$18:$B$20,2,false),0) -> 5 | J12: =IFERROR(vlookup('1.1'!I:I,lookup!$A$22:$B$24,2,false),0) -> 5 | K12: =IFERROR(vlookup('1.1'!J:J,lookup!$A$26:$B$28,2,false),0) -> 5 | M12: 11 | N12: =CONCAT(R12,"@signalschool.ac.th") -> bnco1011@signalschool.ac.th | O12: =IFERROR(VLOOKUP(N12,B$2:D$81,3,FALSE),0) -> 1 | R12: bnco1011
A13: ='1.1'!A:A -> 46262.444 | B13: ='1.1'!B:B -> bnco1018@signalschool.ac.th | C13: ='1.1'!C:C -> ร.ท.ศุภรัชฎ หมอกสุข | D13: 1 | E13: =IFERROR(vlookup('1.1'!D:D,lookup!$A$2:$B$4,2,false),0) -> 5 | F13: =IFERROR(vlookup('1.1'!E:E,lookup!$A$6:$B$8,2,false),0) -> 5 | G13: =IFERROR(vlookup('1.1'!F:F,lookup!$A$10:$B$12,2,false),0) -> 5 | H13: =IFERROR(vlookup('1.1'!G:G,lookup!$A$14:$B$16,2,false),0) -> 5 | I13: =IFERROR(vlookup('1.1'!H:H,lookup!$A$18:$B$20,2,false),0) -> 5 | J13: =IFERROR(vlookup('1.1'!I:I,lookup!$A$22:$B$24,2,false),0) -> 5 | K13: =IFERROR(vlookup('1.1'!J:J,lookup!$A$26:$B$28,2,false),0) -> 5 | M13: 12 | N13: =CONCAT(R13,"@signalschool.ac.th") -> bnco1012@signalschool.ac.th | O13: =IFERROR(VLOOKUP(N13,B$2:D$81,3,FALSE),0) -> 1 | R13: bnco1012
... A81: ='1.1'!A:A | B81: ='1.1'!B:B | C81: ='1.1'!C:C | D81: 1 | E81: =IFERROR(vlookup('1.1'!D:D,lookup!$A$2:$B$4,2,false),0) -> 0 | F81: =IFERROR(vlookup('1.1'!E:E,lookup!$A$6:$B$8,2,false),0) -> 0 | G81: =IFERROR(vlookup('1.1'!F:F,lookup!$A$10:$B$12,2,false),0) -> 0 | H81: =IFERROR(vlookup('1.1'!G:G,lookup!$A$14:$B$16,2,false),0) -> 0 | I81: =IFERROR(vlookup('1.1'!H:H,lookup!$A$18:$B$20,2,false),0) -> 0 | J81: =IFERROR(vlookup('1.1'!I:I,lookup!$A$22:$B$24,2,false),0) -> 0 | K81: =IFERROR(vlookup('1.1'!J:J,lookup!$A$26:$B$28,2,false),0) -> 0 | M81: 80 | N81: =CONCAT(R81,"@signalschool.ac.th") -> bnco1080@signalschool.ac.th | O81: =IFERROR(VLOOKUP(N81,B$2:D$81,3,FALSE),0) -> 1 | R81: bnco1080
A82: ='1.1'!A:A | B82: ='1.1'!B:B | C82: ='1.1'!C:C
A83: ='1.1'!A:A | B83: ='1.1'!B:B | C83: ='1.1'!C:C
A84: ='1.1'!A:A | B84: ='1.1'!B:B | C84: ='1.1'!C:C
A85: ='1.1'!A:A | B85: ='1.1'!B:B | C85: ='1.1'!C:C
A86: ='1.1'!A:A | B86: ='1.1'!B:B | C86: ='1.1'!C:C
A87: ='1.1'!A:A | B87: ='1.1'!B:B | C87: ='1.1'!C:C
A88: ='1.1'!A:A | B88: ='1.1'!B:B | C88: ='1.1'!C:C
A89: ='1.1'!A:A | B89: ='1.1'!B:B | C89: ='1.1'!C:C
A90: ='1.1'!A:A | B90: ='1.1'!B:B | C90: ='1.1'!C:C
A91: ='1.1'!A:A | B91: ='1.1'!B:B | C91: ='1.1'!C:C
A92: ='1.1'!A:A | B92: ='1.1'!B:B | C92: ='1.1'!C:C
A93: ='1.1'!A:A | B93: ='1.1'!B:B | C93: ='1.1'!C:C
... A100: ='1.1'!A:A | B100: ='1.1'!B:B | C100: ='1.1'!C:C
A101: ='1.1'!A:A | B101: ='1.1'!B:B | C101: ='1.1'!C:C | N101: ยอดผู้เข้าประเมิน | O101: =SUM(O2:O81) -> 67
E102: =AVERAGE(E2:E81) -> 4.2 | F102: =AVERAGE(F2:F81) -> 4.225 | G102: =AVERAGE(G2:G81) -> 4.175 | H102: =AVERAGE(H2:H81) -> 4.2 | I102: =AVERAGE(I2:I81) -> 4.2 | J102: =AVERAGE(J2:J81) -> 4.175 | K102: =AVERAGE(K2:K81) -> 4.175 | L102: =AVERAGE(E102:K102) -> 4.1928571 | N102: ภาพรวมร้อยละ | O102: =(O101*100)/80 -> 83.75

Sheet 1.2
A1: ประทับเวลา | B1: ที่อยู่อีเมล | C1: ยศ ชื่อ-สกุล ครู-อาจารย์ผู้สอน | D1: 1. บุคลิกภาพและลักษณะท่าทางของอาจารย์ผู้สอน | E1: 2. การพูดและการใช้นํ้าเสียง | F1: 3. การเตรียมการสอน | G1: 4. การจัดเตรียมสื่อการสอน | H1: 5. การถ่ายทอดความรู้และการนำเข้าสู่บทเรียน | I1: 6. ผู้เรียนได้ฝึกทักษะการคิดวิเคราะห์ หรือการพัฒนาความคิดสร้างสรรค์จากการเรียนรายวิชานี้มากน้อยเพียงใด | J1: 7. ผู้เรียนได้ฝึกทักษะการสื่อสาร การนำเสนอ และการใช้งานเทคโนโลยีสารสนเทศจากการเรียนรายวิชานี้มากน้อยเพียงใด | K1: ข้อเสนอแนะอื่นๆ
A2: 46262.412 | B2: bnco1013@signalschool.ac.th | C2: ร.อ.สุพจน์ มงคล | D2: ลักษณะทางทหาร "ดีมาก" มีความเชื่อมั่นในตนเองเป็นแบบอย่างที่ดีแก่ผู้เรียนได้ | E2: เสียงดังฟังชัดและจังหวะการพูดไม่ช้า/เร็วเกินไป | F2: มีประมวลรายวิชาและแนะนำเนื้อหาวิชา | G2: มีการจัดเตรียมสื่อการเรียนการสอนและรวบรวมแหล่งอ้างอิงไว้อย่างเหมาะสม | H2: มีการจัดการเรียนการสอนเป็นไปตามประมวลรายวิชาครบถ้วนและการนำเข้าสู่บทเรียนให้ข้อมูลที่เป็นประโยชน์แก่ผู้เรียนครบถ้วน | I2: มีการส่งเสริมให้ผู้เรียนได้ฝึกทักษะการคิดได้อย่างเหมาะสมดีมาก | J2: มีการส่งเสริมให้ผู้เรียนได้ฝึกทักษะการสื่อสารได้อย่างเหมาะสมดีมาก
A3: 46262.414 | B3: bnco1058@signalschool.ac.th | C3: ร.อ.สุพจน์ มงคล | D3: ลักษณะทางทหาร "ดีมาก" มีความเชื่อมั่นในตนเองเป็นแบบอย่างที่ดีแก่ผู้เรียนได้ | E3: เสียงดังฟังชัดและจังหวะการพูดไม่ช้า/เร็วเกินไป | F3: มีประมวลรายวิชาและแนะนำเนื้อหาวิชา | G3: มีการจัดเตรียมสื่อการเรียนการสอนและรวบรวมแหล่งอ้างอิงไว้อย่างเหมาะสม | H3: มีการจัดการเรียนการสอนเป็นไปตามประมวลรายวิชาครบถ้วนและการนำเข้าสู่บทเรียนให้ข้อมูลที่เป็นประโยชน์แก่ผู้เรียนครบถ้วน | I3: มีการส่งเสริมให้ผู้เรียนได้ฝึกทักษะการคิดได้อย่างเหมาะสมดีมาก | J3: มีการส่งเสริมให้ผู้เรียนได้ฝึกทักษะการสื่อสารได้อย่างเหมาะสมดีมาก
A4: 46262.415 | B4: bnco1009@signalschool.ac.th | C4: ร.อ.สพจน์ มงคล | D4: ลักษณะทางทหาร "ดีมาก" มีความเชื่อมั่นในตนเองเป็นแบบอย่างที่ดีแก่ผู้เรียนได้ | E4: เสียงดังฟังชัดและจังหวะการพูดไม่ช้า/เร็วเกินไป | F4: มีประมวลรายวิชาและแนะนำเนื้อหาวิชา | G4: มีการจัดเตรียมสื่อการเรียนการสอนและรวบรวมแหล่งอ้างอิงไว้อย่างเหมาะสม | H4: มีการจัดการเรียนการสอนเป็นไปตามประมวลรายวิชาครบถ้วนและการนำเข้าสู่บทเรียนให้ข้อมูลที่เป็นประโยชน์แก่ผู้เรียนครบถ้วน | I4: มีการส่งเสริมให้ผู้เรียนได้ฝึกทักษะการคิดได้อย่างเหมาะสมดีมาก | J4: มีการส่งเสริมให้ผู้เรียนได้ฝึกทักษะการสื่อสารได้อย่างเหมาะสมดีมาก
A5: 46262.417 | B5: bnco1056@signalschool.ac.th | C5: ร.ท. สุพจน์ มงคล | D5: ลักษณะทางทหาร "ดีมาก" มีความเชื่อมั่นในตนเองเป็นแบบอย่างที่ดีแก่ผู้เรียนได้ | E5: เสียงดังฟังชัดและจังหวะการพูดไม่ช้า/เร็วเกินไป | F5: มีประมวลรายวิชาและแนะนำเนื้อหาวิชา | G5: มีการจัดเตรียมสื่อการเรียนการสอนและรวบรวมแหล่งอ้างอิงไว้อย่างเหมาะสม | H5: มีการจัดการเรียนการสอนเป็นไปตามประมวลรายวิชาครบถ้วนและการนำเข้าสู่บทเรียนให้ข้อมูลที่เป็นประโยชน์แก่ผู้เรียนครบถ้วน | I5: มีการส่งเสริมให้ผู้เรียนได้ฝึกทักษะการคิดได้อย่างเหมาะสมดีมาก | J5: มีการส่งเสริมให้ผู้เรียนได้ฝึกทักษะการสื่อสารได้อย่างเหมาะสมดีมาก
A6: 46262.424 | B6: bnco1062@signalschool.ac.th | C6: ร.อ.สุพจน์ มงคล | D6: ลักษณะทางทหาร "ดีมาก" มีความเชื่อมั่นในตนเองเป็นแบบอย่างที่ดีแก่ผู้เรียนได้ | E6: เสียงดังฟังชัดและจังหวะการพูดไม่ช้า/เร็วเกินไป | F6: มีประมวลรายวิชาและแนะนำเนื้อหาวิชา | G6: มีการจัดเตรียมสื่อการเรียนการสอน "แต่ไม่ปรากฏ" แหล่งอ้างอิง | H6: มีการจัดการเรียนการสอนเป็นไปตามประมวลรายวิชาครบถ้วนและการนำเข้าสู่บทเรียนให้ข้อมูลที่เป็นประโยชน์แก่ผู้เรียนครบถ้วน | I6: มีการส่งเสริมให้ผู้เรียนได้ฝึกทักษะการคิดได้อย่างเหมาะสมดีมาก | J6: มีการส่งเสริมให้ผู้เรียนได้ฝึกทักษะการสื่อสารได้อย่างเหมาะสมดีมาก
A7: 46262.426 | B7: bnco1041@signalschool.ac.th | C7: ร.ท.สุพจน์ มงคล | D7: ลักษณะทางทหาร "ดีมาก" มีความเชื่อมั่นในตนเองเป็นแบบอย่างที่ดีแก่ผู้เรียนได้ | E7: เสียงดังฟังชัดและจังหวะการพูดไม่ช้า/เร็วเกินไป | F7: มีประมวลรายวิชาและแนะนำเนื้อหาวิชา | G7: มีการจัดเตรียมสื่อการเรียนการสอนและรวบรวมแหล่งอ้างอิงไว้อย่างเหมาะสม | H7: มีการจัดการเรียนการสอนเป็นไปตามประมวลรายวิชาครบถ้วนและการนำเข้าสู่บทเรียนให้ข้อมูลที่เป็นประโยชน์แก่ผู้เรียนครบถ้วน | I7: มีการส่งเสริมให้ผู้เรียนได้ฝึกทักษะการคิดได้อย่างเหมาะสมดีมาก | J7: มีการส่งเสริมให้ผู้เรียนได้ฝึกทักษะการสื่อสารได้อย่างเหมาะสมดีมาก | K7: อาจารย์สอนดีมากครับ
A8: 46262.428 | B8: bnco1012@signalschool.ac.th | C8: ร.ท.ศุภรัชฏ หมอกสุข | D8: ลักษณะทางทหาร "ดีมาก" มีความเชื่อมั่นในตนเองเป็นแบบอย่างที่ดีแก่ผู้เรียนได้ | E8: เสียงดังฟังชัดและจังหวะการพูดไม่ช้า/เร็วเกินไป | F8: มีประมวลรายวิชาและแนะนำเนื้อหาวิชา | G8: มีการจัดเตรียมสื่อการเรียนการสอนและรวบรวมแหล่งอ้างอิงไว้อย่างเหมาะสม | H8: มีการจัดการเรียนการสอนเป็นไปตามประมวลรายวิชาครบถ้วนและการนำเข้าสู่บทเรียนให้ข้อมูลที่เป็นประโยชน์แก่ผู้เรียนครบถ้วน | I8: มีการส่งเสริมให้ผู้เรียนได้ฝึกทักษะการคิดได้อย่างเหมาะสมดีมาก | J8: มีการส่งเสริมให้ผู้เรียนได้ฝึกทักษะการสื่อสารได้อย่างเหมาะสมดีมาก | K8: ไม่มี
A9: 46262.436 | B9: bnco1006@signalschool.ac.th | C9: ร.ท.สุพจน์ มงคล | D9: ลักษณะทางทหาร "ดีมาก" มีความเชื่อมั่นในตนเองเป็นแบบอย่างที่ดีแก่ผู้เรียนได้ | E9: เสียงดังฟังชัดและจังหวะการพูดไม่ช้า/เร็วเกินไป | F9: มีประมวลรายวิชาและแนะนำเนื้อหาวิชา | G9: มีการจัดเตรียมสื่อการเรียนการสอนและรวบรวมแหล่งอ้างอิงไว้อย่างเหมาะสม | H9: มีการจัดการเรียนการสอนเป็นไปตามประมวลรายวิชาครบถ้วนและการนำเข้าสู่บทเรียนให้ข้อมูลที่เป็นประโยชน์แก่ผู้เรียนครบถ้วน | I9: มีการส่งเสริมให้ผู้เรียนได้ฝึกทักษะการคิดได้อย่างเหมาะสมดีมาก | J9: มีการส่งเสริมให้ผู้เรียนได้ฝึกทักษะการสื่อสารได้อย่างเหมาะสมดีมาก
A10: 46262.442 | B10: bnco1051@signalschool.ac.th | C10: ร.อ.สุพจน์ มงคล | D10: ลักษณะทางทหาร "ดีมาก" มีความเชื่อมั่นในตนเองเป็นแบบอย่างที่ดีแก่ผู้เรียนได้ | E10: เสียงดังฟังชัดและจังหวะการพูดไม่ช้า/เร็วเกินไป | F10: มีประมวลรายวิชาและแนะนำเนื้อหาวิชา | G10: มีการจัดเตรียมสื่อการเรียนการสอนและรวบรวมแหล่งอ้างอิงไว้อย่างเหมาะสม | H10: มีการจัดการเรียนการสอนเป็นไปตามประมวลรายวิชาครบถ้วนและการนำเข้าสู่บทเรียนให้ข้อมูลที่เป็นประโยชน์แก่ผู้เรียนครบถ้วน | I10: มีการส่งเสริมให้ผู้เรียนได้ฝึกทักษะการคิดได้อย่างเหมาะสมดีมาก | J10: มีการส่งเสริมให้ผู้เรียนได้ฝึกทักษะการสื่อสารได้อย่างเหมาะสมดีมาก
A11: 46262.442 | B11: bnco1050@signalschool.ac.th | C11: ร.อ.สุพจน์ มงคล | D11: ลักษณะทางทหาร "ดีมาก" มีความเชื่อมั่นในตนเองเป็นแบบอย่างที่ดีแก่ผู้เรียนได้ | E11: เสียงดังฟังชัดและจังหวะการพูดไม่ช้า/เร็วเกินไป | F11: มีประมวลรายวิชาและแนะนำเนื้อหาวิชา | G11: มีการจัดเตรียมสื่อการเรียนการสอนและรวบรวมแหล่งอ้างอิงไว้อย่างเหมาะสม | H11: มีการจัดการเรียนการสอนเป็นไปตามประมวลรายวิชาครบถ้วนและการนำเข้าสู่บทเรียนให้ข้อมูลที่เป็นประโยชน์แก่ผู้เรียนครบถ้วน | I11: มีการส่งเสริมให้ผู้เรียนได้ฝึกทักษะการคิดได้อย่างเหมาะสมดีมาก | J11: มีการส่งเสริมให้ผู้เรียนได้ฝึกทักษะการสื่อสารได้อย่างเหมาะสมดีมาก
A12: 46262.444 | B12: bnco1052@signalschool.ac.th | C12: ร.ท.สุพจน์ มงคล | D12: ลักษณะทางทหาร "ดีมาก" มีความเชื่อมั่นในตนเองเป็นแบบอย่างที่ดีแก่ผู้เรียนได้ | E12: เสียงดังฟังชัดและจังหวะการพูดไม่ช้า/เร็วเกินไป | F12: มีประมวลรายวิชาและแนะนำเนื้อหาวิชา | G12: มีการจัดเตรียมสื่อการเรียนการสอนและรวบรวมแหล่งอ้างอิงไว้อย่างเหมาะสม | H12: มีการจัดการเรียนการสอนเป็นไปตามประมวลรายวิชาครบถ้วนและการนำเข้าสู่บทเรียนให้ข้อมูลที่เป็นประโยชน์แก่ผู้เรียนครบถ้วน | I12: มีการส่งเสริมให้ผู้เรียนได้ฝึกทักษะการคิดได้อย่างเหมาะสมดีมาก | J12: มีการส่งเสริมให้ผู้เรียนได้ฝึกทักษะการสื่อสารได้อย่างเหมาะสมดีมาก
A13: 46262.445 | B13: bnco1018@signalschool.ac.th | C13: ร.อ.สุพจน์ มงคล | D13: ลักษณะทางทหาร "ดีมาก" มีความเชื่อมั่นในตนเองเป็นแบบอย่างที่ดีแก่ผู้เรียนได้ | E13: เสียงดังฟังชัดและจังหวะการพูดไม่ช้า/เร็วเกินไป | F13: มีประมวลรายวิชาและแนะนำเนื้อหาวิชา | G13: มีการจัดเตรียมสื่อการเรียนการสอนและรวบรวมแหล่งอ้างอิงไว้อย่างเหมาะสม | H13: มีการจัดการเรียนการสอนเป็นไปตามประมวลรายวิชาครบถ้วนและการนำเข้าสู่บทเรียนให้ข้อมูลที่เป็นประโยชน์แก่ผู้เรียนครบถ้วน | I13: มีการส่งเสริมให้ผู้เรียนได้ฝึกทักษะการคิดได้อย่างเหมาะสมดีมาก | J13: มีการส่งเสริมให้ผู้เรียนได้ฝึกทักษะการสื่อสารได้อย่างเหมาะสมดีมาก | K13: ไม่มีครับ
A14: 46262.45 | B14: bnco1038@signalschool.ac.th | C14: ร.อ.สุพจน์ มงคล | D14: ลักษณะทางทหาร "ดีมาก" มีความเชื่อมั่นในตนเองเป็นแบบอย่างที่ดีแก่ผู้เรียนได้ | E14: เสียงดังฟังชัดและจังหวะการพูดไม่ช้า/เร็วเกินไป | F14: มีประมวลรายวิชาและแนะนำเนื้อหาวิชา | G14: มีการจัดเตรียมสื่อการเรียนการสอนและรวบรวมแหล่งอ้างอิงไว้อย่างเหมาะสม | H14: มีการจัดการเรียนการสอนเป็นไปตามประมวลรายวิชาครบถ้วนและการนำเข้าสู่บทเรียนให้ข้อมูลที่เป็นประโยชน์แก่ผู้เรียนครบถ้วน | I14: มีการส่งเสริมให้ผู้เรียนได้ฝึกทักษะการคิดได้อย่างเหมาะสมดีมาก | J14: มีการส่งเสริมให้ผู้เรียนได้ฝึกทักษะการสื่อสารได้อย่างเหมาะสมดีมาก | K14: อาจารย์สอนเข้าใจง่ายและยกตัวอย่างได้ชัดเจน
A15: 46262.451 | B15: bnco1035@signalschool.ac.th | C15: ร.ท.ศุภรัชฎ หมอกสุข | D15: ลักษณะทางทหาร "ดีมาก" มีความเชื่อมั่นในตนเองเป็นแบบอย่างที่ดีแก่ผู้เรียนได้ | E15: เสียงดังฟังชัดและจังหวะการพูดไม่ช้า/เร็วเกินไป | F15: มีประมวลรายวิชาและแนะนำเนื้อหาวิชา | G15: มีการจัดเตรียมสื่อการเรียนการสอนและรวบรวมแหล่งอ้างอิงไว้อย่างเหมาะสม | H15: มีการจัดการเรียนการสอนเป็นไปตามประมวลรายวิชาครบถ้วนและการนำเข้าสู่บทเรียนให้ข้อมูลที่เป็นประโยชน์แก่ผู้เรียนครบถ้วน | I15: มีการส่งเสริมให้ผู้เรียนได้ฝึกทักษะการคิดได้อย่างเหมาะสมดีมาก | J15: มีการส่งเสริมให้ผู้เรียนได้ฝึกทักษะการสื่อสารได้อย่างเหมาะสมดีมาก
A16: 46262.458 | B16: bnco1036@signalschool.ac.th | C16: ร.อ.สุพจน์ มงคล | D16: ลักษณะทางทหาร "ดีมาก" มีความเชื่อมั่นในตนเองเป็นแบบอย่างที่ดีแก่ผู้เรียนได้ | E16: เสียงดังฟังชัดและจังหวะการพูดไม่ช้า/เร็วเกินไป | F16: มีประมวลรายวิชาและแนะนำเนื้อหาวิชา | G16: มีการจัดเตรียมสื่อการเรียนการสอนและรวบรวมแหล่งอ้างอิงไว้อย่างเหมาะสม | H16: มีการจัดการเรียนการสอนเป็นไปตามประมวลรายวิชาครบถ้วนและการนำเข้าสู่บทเรียนให้ข้อมูลที่เป็นประโยชน์แก่ผู้เรียนครบถ้วน | I16: มีการส่งเสริมให้ผู้เรียนได้ฝึกทักษะการคิดได้อย่างเหมาะสมดีมาก | J16: มีการส่งเสริมให้ผู้เรียนได้ฝึกทักษะการสื่อสารได้อย่างเหมาะสมดีมาก
A17: 46262.46 | B17: bnco1070@signalschool.ac.th | C17: ร.อ.สุพจน์ มงคล | D17: ลักษณะทางทหาร "มีความเหมาะสม" มีความเชื่อมั่นในตนเองปานกลาง | E17: เสียงดังฟังชัดและจังหวะการพูดไม่ช้า/เร็วเกินไป | F17: มีประมวลรายวิชา "แต่ไม่มีการ" แนะนำเนื้อหาวิชา | G17: มีการจัดเตรียมสื่อการเรียนการสอน "แต่ไม่ปรากฏ" แหล่งอ้างอิง | H17: มีการจัดการเรียนการสอนเป็นไปตามประมวลรายวิชาครบถ้วนและการนำเข้าสู่บทเรียนให้ข้อมูลที่เป็นประโยชน์แก่ผู้เรียนครบถ้วน | I17: มีการส่งเสริมให้ผู้เรียนได้ฝึกทักษะการคิดได้อย่างเหมาะสมดีมาก | J17: มีการส่งเสริมให้ผู้เรียนได้ฝึกทักษะการสื่อสารได้อย่างเหมาะสมดีมาก
A18: 46262.461 | B18: bnco1042@signalschool.ac.th | C18: ร.อ.สุพจน์ มงคล | D18: ลักษณะทางทหาร "ดีมาก" มีความเชื่อมั่นในตนเองเป็นแบบอย่างที่ดีแก่ผู้เรียนได้ | E18: เสียงดังฟังชัดและจังหวะการพูดไม่ช้า/เร็วเกินไป | F18: มีประมวลรายวิชาและแนะนำเนื้อหาวิชา | G18: มีการจัดเตรียมสื่อการเรียนการสอนและรวบรวมแหล่งอ้างอิงไว้อย่างเหมาะสม | H18: มีการจัดการเรียนการสอนเป็นไปตามประมวลรายวิชาครบถ้วนและการนำเข้าสู่บทเรียนให้ข้อมูลที่เป็นประโยชน์แก่ผู้เรียนครบถ้วน | I18: มีการส่งเสริมให้ผู้เรียนได้ฝึกทักษะการคิดได้อย่างเหมาะสมดีมาก | J18: มีการส่งเสริมให้ผู้เรียนได้ฝึกทักษะการสื่อสารได้อย่างเหมาะสมดีมาก
A19: 46262.464 | B19: bnco1003@signalschool.ac.th | C19: ร.อ.สุพจน์ มงคล | D19: ลักษณะทางทหาร "ดีมาก" มีความเชื่อมั่นในตนเองเป็นแบบอย่างที่ดีแก่ผู้เรียนได้ | E19: เสียงดังฟังชัดและจังหวะการพูดไม่ช้า/เร็วเกินไป | F19: มีประมวลรายวิชาและแนะนำเนื้อหาวิชา | G19: มีการจัดเตรียมสื่อการเรียนการสอนและรวบรวมแหล่งอ้างอิงไว้อย่างเหมาะสม | H19: มีการจัดการเรียนการสอนเป็นไปตามประมวลรายวิชาครบถ้วนและการนำเข้าสู่บทเรียนให้ข้อมูลที่เป็นประโยชน์แก่ผู้เรียนครบถ้วน | I19: มีการส่งเสริมให้ผู้เรียนได้ฝึกทักษะการคิดได้อย่างเหมาะสมดีมาก | J19: มีการส่งเสริมให้ผู้เรียนได้ฝึกทักษะการสื่อสารได้อย่างเหมาะสมดีมาก
A20: 46262.468 | B20: bnco1079@signalschool.ac.th | C20: ร.อ.สุพจน์ มงคล | D20: ลักษณะทางทหาร "ดีมาก" มีความเชื่อมั่นในตนเองเป็นแบบอย่างที่ดีแก่ผู้เรียนได้ | E20: เสียงดังฟังชัดและจังหวะการพูดไม่ช้า/เร็วเกินไป | F20: มีประมวลรายวิชาและแนะนำเนื้อหาวิชา | G20: มีการจัดเตรียมสื่อการเรียนการสอนและรวบรวมแหล่งอ้างอิงไว้อย่างเหมาะสม | H20: มีการจัดการเรียนการสอนเป็นไปตามประมวลรายวิชาครบถ้วนและการนำเข้าสู่บทเรียนให้ข้อมูลที่เป็นประโยชน์แก่ผู้เรียนครบถ้วน | I20: มีการส่งเสริมให้ผู้เรียนได้ฝึกทักษะการคิดได้อย่างเหมาะสมดีมาก | J20: มีการส่งเสริมให้ผู้เรียนได้ฝึกทักษะการสื่อสารได้อย่างเหมาะสมดีมาก
A21: 46262.482 | B21: bnco1032@signalschool.ac.th | C21: ร.อ.สุพจน์ มงคล | D21: ลักษณะทางทหาร "ดีมาก" มีความเชื่อมั่นในตนเองเป็นแบบอย่างที่ดีแก่ผู้เรียนได้ | E21: เสียงดังฟังชัดและจังหวะการพูดไม่ช้า/เร็วเกินไป | F21: มีประมวลรายวิชาและแนะนำเนื้อหาวิชา | G21: มีการจัดเตรียมสื่อการเรียนการสอนและรวบรวมแหล่งอ้างอิงไว้อย่างเหมาะสม | H21: มีการจัดการเรียนการสอนเป็นไปตามประมวลรายวิชาครบถ้วนและการนำเข้าสู่บทเรียนให้ข้อมูลที่เป็นประโยชน์แก่ผู้เรียนครบถ้วน | I21: มีการส่งเสริมให้ผู้เรียนได้ฝึกทักษะการคิดได้อย่างเหมาะสมดีมาก | J21: มีการส่งเสริมให้ผู้เรียนได้ฝึกทักษะการสื่อสารได้อย่างเหมาะสมดีมาก | K21: อาจาร์ยสอนเข้าใจง่ายดีครับ
A22: 46262.487 | B22: bnco1060@signalschool.ac.th | C22: ร.อ.สุพจน์ มงคล | D22: ลักษณะทางทหาร "ดีมาก" มีความเชื่อมั่นในตนเองเป็นแบบอย่างที่ดีแก่ผู้เรียนได้ | E22: เสียงดังฟังชัดและจังหวะการพูดไม่ช้า/เร็วเกินไป | F22: มีประมวลรายวิชาและแนะนำเนื้อหาวิชา | G22: มีการจัดเตรียมสื่อการเรียนการสอนและรวบรวมแหล่งอ้างอิงไว้อย่างเหมาะสม | H22: มีการจัดการเรียนการสอนเป็นไปตามประมวลรายวิชาครบถ้วนและการนำเข้าสู่บทเรียนให้ข้อมูลที่เป็นประโยชน์แก่ผู้เรียนครบถ้วน | I22: มีการส่งเสริมให้ผู้เรียนได้ฝึกทักษะการคิดได้อย่างเหมาะสมดีมาก | J22: มีการส่งเสริมให้ผู้เรียนได้ฝึกทักษะการสื่อสารได้อย่างเหมาะสมดีมาก | K22: สอนเข้าใจมากครับ
A23: 46262.497 | B23: bnco1031@signalschool.ac.th | C23: ร.ท. สุพจน์ มงคล | D23: ลักษณะทางทหาร "ดีมาก" มีความเชื่อมั่นในตนเองเป็นแบบอย่างที่ดีแก่ผู้เรียนได้ | E23: เสียงดังฟังชัดและจังหวะการพูดไม่ช้า/เร็วเกินไป | F23: มีประมวลรายวิชาและแนะนำเนื้อหาวิชา | G23: มีการจัดเตรียมสื่อการเรียนการสอนและรวบรวมแหล่งอ้างอิงไว้อย่างเหมาะสม | H23: มีการจัดการเรียนการสอนเป็นไปตามประมวลรายวิชาครบถ้วนและการนำเข้าสู่บทเรียนให้ข้อมูลที่เป็นประโยชน์แก่ผู้เรียนครบถ้วน | I23: มีการส่งเสริมให้ผู้เรียนได้ฝึกทักษะการคิดได้อย่างเหมาะสมดีมาก | J23: มีการส่งเสริมให้ผู้เรียนได้ฝึกทักษะการสื่อสารได้อย่างเหมาะสมดีมาก
A24: 46262.5 | B24: bnco1063@signalschool.ac.th | C24: ร.อ.สุพจน์ มงคล | D24: ลักษณะทางทหาร "ดีมาก" มีความเชื่อมั่นในตนเองเป็นแบบอย่างที่ดีแก่ผู้เรียนได้ | E24: เสียงดังฟังชัดและจังหวะการพูดไม่ช้า/เร็วเกินไป | F24: มีประมวลรายวิชาและแนะนำเนื้อหาวิชา | G24: มีการจัดเตรียมสื่อการเรียนการสอนและรวบรวมแหล่งอ้างอิงไว้อย่างเหมาะสม | H24: มีการจัดการเรียนการสอนเป็นไปตามประมวลรายวิชาครบถ้วนและการนำเข้าสู่บทเรียนให้ข้อมูลที่เป็นประโยชน์แก่ผู้เรียนครบถ้วน | I24: มีการส่งเสริมให้ผู้เรียนได้ฝึกทักษะการคิดได้อย่างเหมาะสมดีมาก | J24: มีการส่งเสริมให้ผู้เรียนได้ฝึกทักษะการสื่อสารได้อย่างเหมาะสมดีมาก
A25: 46262.523 | B25: bnco1066@signalschool.ac.th | C25: ร.อ.สุพจน์ มงคล | D25: ลักษณะทางทหาร "ดีมาก" มีความเชื่อมั่นในตนเองเป็นแบบอย่างที่ดีแก่ผู้เรียนได้ | E25: เสียงดังฟังชัดและจังหวะการพูดไม่ช้า/เร็วเกินไป | F25: มีประมวลรายวิชาและแนะนำเนื้อหาวิชา | G25: มีการจัดเตรียมสื่อการเรียนการสอนและรวบรวมแหล่งอ้างอิงไว้อย่างเหมาะสม | H25: มีการจัดการเรียนการสอนเป็นไปตามประมวลรายวิชาครบถ้วนและการนำเข้าสู่บทเรียนให้ข้อมูลที่เป็นประโยชน์แก่ผู้เรียนครบถ้วน | I25: มีการส่งเสริมให้ผู้เรียนได้ฝึกทักษะการคิดได้อย่างเหมาะสมดีมาก | J25: มีการส่งเสริมให้ผู้เรียนได้ฝึกทักษะการสื่อสารได้อย่างเหมาะสมดีมาก
A26: 46262.529 | B26: bnco1069@signalschool.ac.th | C26: ร.อ.สุพจน์ มงคล | D26: ลักษณะทางทหาร "ดีมาก" มีความเชื่อมั่นในตนเองเป็นแบบอย่างที่ดีแก่ผู้เรียนได้ | E26: เสียงดังฟังชัดและจังหวะการพูดไม่ช้า/เร็วเกินไป | F26: มีประมวลรายวิชาและแนะนำเนื้อหาวิชา | G26: มีการจัดเตรียมสื่อการเรียนการสอนและรวบรวมแหล่งอ้างอิงไว้อย่างเหมาะสม | H26: มีการจัดการเรียนการสอนเป็นไปตามประมวลรายวิชาครบถ้วนและการนำเข้าสู่บทเรียนให้ข้อมูลที่เป็นประโยชน์แก่ผู้เรียนครบถ้วน | I26: มีการส่งเสริมให้ผู้เรียนได้ฝึกทักษะการคิดได้อย่างเหมาะสมดีมาก | J26: มีการส่งเสริมให้ผู้เรียนได้ฝึกทักษะการสื่อสารได้อย่างเหมาะสมดีมาก
A27: 46262.554 | B27: bnco1068@signalschool.ac.th | C27: ร.อ. สุพจน์ มงคล | D27: ลักษณะทางทหาร "ดีมาก" มีความเชื่อมั่นในตนเองเป็นแบบอย่างที่ดีแก่ผู้เรียนได้ | E27: เสียงดังฟังชัดและจังหวะการพูดไม่ช้า/เร็วเกินไป | F27: มีประมวลรายวิชาและแนะนำเนื้อหาวิชา | G27: มีการจัดเตรียมสื่อการเรียนการสอนและรวบรวมแหล่งอ้างอิงไว้อย่างเหมาะสม | H27: มีการจัดการเรียนการสอนเป็นไปตามประมวลรายวิชาครบถ้วนและการนำเข้าสู่บทเรียนให้ข้อมูลที่เป็นประโยชน์แก่ผู้เรียนครบถ้วน | I27: มีการส่งเสริมให้ผู้เรียนได้ฝึกทักษะการคิดได้อย่างเหมาะสมดีมาก | J27: มีการส่งเสริมให้ผู้เรียนได้ฝึกทักษะการสื่อสารได้อย่างเหมาะสมดีมาก
A28: 46262.554 | B28: bnco1044@signalschool.ac.th | C28: ร.อ. สุพจน์ มงคล | D28: ลักษณะทางทหาร "ดีมาก" มีความเชื่อมั่นในตนเองเป็นแบบอย่างที่ดีแก่ผู้เรียนได้ | E28: เสียงดังฟังชัดและจังหวะการพูดไม่ช้า/เร็วเกินไป | F28: มีประมวลรายวิชาและแนะนำเนื้อหาวิชา | G28: มีการจัดเตรียมสื่อการเรียนการสอนและรวบรวมแหล่งอ้างอิงไว้อย่างเหมาะสม | H28: มีการจัดการเรียนการสอนเป็นไปตามประมวลรายวิชาครบถ้วนและการนำเข้าสู่บทเรียนให้ข้อมูลที่เป็นประโยชน์แก่ผู้เรียนครบถ้วน | I28: มีการส่งเสริมให้ผู้เรียนได้ฝึกทักษะการคิดได้อย่างเหมาะสมดีมาก | J28: มีการส่งเสริมให้ผู้เรียนได้ฝึกทักษะการสื่อสารได้อย่างเหมาะสมดีมาก
A29: 46262.56 | B29: bnco1008@signalschool.ac.th | C29: ร.อ.สุพจน์ มงคล | D29: ลักษณะทางทหาร "ดีมาก" มีความเชื่อมั่นในตนเองเป็นแบบอย่างที่ดีแก่ผู้เรียนได้ | E29: เสียงดังฟังชัดและจังหวะการพูดไม่ช้า/เร็วเกินไป | F29: มีประมวลรายวิชาและแนะนำเนื้อหาวิชา | G29: มีการจัดเตรียมสื่อการเรียนการสอนและรวบรวมแหล่งอ้างอิงไว้อย่างเหมาะสม | H29: มีการจัดการเรียนการสอนเป็นไปตามประมวลรายวิชาครบถ้วนและการนำเข้าสู่บทเรียนให้ข้อมูลที่เป็นประโยชน์แก่ผู้เรียนครบถ้วน | I29: มีการส่งเสริมให้ผู้เรียนได้ฝึกทักษะการคิดได้อย่างเหมาะสมดีมาก | J29: มีการส่งเสริมให้ผู้เรียนได้ฝึกทักษะการสื่อสารได้อย่างเหมาะสมดีมาก
A30: 46262.56 | B30: bnco1049@signalschool.ac.th | C30: ร.อ.สุพจน์ มงคล | D30: ลักษณะทางทหาร "ดีมาก" มีความเชื่อมั่นในตนเองเป็นแบบอย่างที่ดีแก่ผู้เรียนได้ | E30: เสียงดังฟังชัดและจังหวะการพูดไม่ช้า/เร็วเกินไป | F30: มีประมวลรายวิชาและแนะนำเนื้อหาวิชา | G30: มีการจัดเตรียมสื่อการเรียนการสอนและรวบรวมแหล่งอ้างอิงไว้อย่างเหมาะสม | H30: มีการจัดการเรียนการสอนเป็นไปตามประมวลรายวิชาครบถ้วนและการนำเข้าสู่บทเรียนให้ข้อมูลที่เป็นประโยชน์แก่ผู้เรียนครบถ้วน | I30: มีการส่งเสริมให้ผู้เรียนได้ฝึกทักษะการคิดได้อย่างเหมาะสมดีมาก | J30: มีการส่งเสริมให้ผู้เรียนได้ฝึกทักษะการสื่อสารได้อย่างเหมาะสมดีมาก
A31: 46262.57 | B31: bnco1022@signalschool.ac.th | C31: ร.อ.สุพจน์ มงคล | D31: ลักษณะทางทหาร "ดีมาก" มีความเชื่อมั่นในตนเองเป็นแบบอย่างที่ดีแก่ผู้เรียนได้ | E31: เสียงดังฟังชัดและจังหวะการพูดไม่ช้า/เร็วเกินไป | F31: มีประมวลรายวิชาและแนะนำเนื้อหาวิชา | G31: มีการจัดเตรียมสื่อการเรียนการสอนและรวบรวมแหล่งอ้างอิงไว้อย่างเหมาะสม | H31: มีการจัดการเรียนการสอนเป็นไปตามประมวลรายวิชาครบถ้วนและการนำเข้าสู่บทเรียนให้ข้อมูลที่เป็นประโยชน์แก่ผู้เรียนครบถ้วน | I31: มีการส่งเสริมให้ผู้เรียนได้ฝึกทักษะการคิดได้อย่างเหมาะสมดีมาก | J31: มีการส่งเสริมให้ผู้เรียนได้ฝึกทักษะการสื่อสารได้อย่างเหมาะสมดีมาก | K31: อาจาร์สอนเข้าใจง่ายครับ
A32: 46262.579 | B32: bnco1005@signalschool.ac.th | C32: ร.อ.สุพจน์ มงคล | D32: ลักษณะทางทหาร "ดีมาก" มีความเชื่อมั่นในตนเองเป็นแบบอย่างที่ดีแก่ผู้เรียนได้ | E32: เสียงดังฟังชัดและจังหวะการพูดไม่ช้า/เร็วเกินไป | F32: มีประมวลรายวิชาและแนะนำเนื้อหาวิชา | G32: มีการจัดเตรียมสื่อการเรียนการสอนและรวบรวมแหล่งอ้างอิงไว้อย่างเหมาะสม | H32: มีการจัดการเรียนการสอนเป็นไปตามประมวลรายวิชาครบถ้วนและการนำเข้าสู่บทเรียนให้ข้อมูลที่เป็นประโยชน์แก่ผู้เรียนครบถ้วน | I32: มีการส่งเสริมให้ผู้เรียนได้ฝึกทักษะการคิดได้อย่างเหมาะสมดีมาก | J32: มีการส่งเสริมให้ผู้เรียนได้ฝึกทักษะการสื่อสารได้อย่างเหมาะสมดีมาก
A33: 46262.579 | B33: bnco1067@signalschool.ac.th | C33: ร.อ.สุพจน์ มงคล | D33: ลักษณะทางทหาร "ดีมาก" มีความเชื่อมั่นในตนเองเป็นแบบอย่างที่ดีแก่ผู้เรียนได้ | E33: เสียงดังฟังชัดและจังหวะการพูดไม่ช้า/เร็วเกินไป | F33: มีประมวลรายวิชาและแนะนำเนื้อหาวิชา | G33: มีการจัดเตรียมสื่อการเรียนการสอนและรวบรวมแหล่งอ้างอิงไว้อย่างเหมาะสม | H33: มีการจัดการเรียนการสอนเป็นไปตามประมวลรายวิชาครบถ้วนและการนำเข้าสู่บทเรียนให้ข้อมูลที่เป็นประโยชน์แก่ผู้เรียนครบถ้วน | I33: มีการส่งเสริมให้ผู้เรียนได้ฝึกทักษะการคิดได้อย่างเหมาะสมดีมาก | J33: มีการส่งเสริมให้ผู้เรียนได้ฝึกทักษะการสื่อสารได้อย่างเหมาะสมดีมาก
A34: 46262.586 | B34: bnco1039@signalschool.ac.th | C34: ร.อ.สุพจน์ มงคล | D34: ลักษณะทางทหาร "ดีมาก" มีความเชื่อมั่นในตนเองเป็นแบบอย่างที่ดีแก่ผู้เรียนได้ | E34: เสียงดังฟังชัดและจังหวะการพูดไม่ช้า/เร็วเกินไป | F34: มีประมวลรายวิชาและแนะนำเนื้อหาวิชา | G34: มีการจัดเตรียมสื่อการเรียนการสอน "แต่ไม่ปรากฏ" แหล่งอ้างอิง | H34: มีการจัดการเรียนการสอนเป็นไปตามประมวลรายวิชาครบถ้วนและการนำเข้าสู่บทเรียนให้ข้อมูลที่เป็นประโยชน์แก่ผู้เรียนครบถ้วน | I34: มีการส่งเสริมให้ผู้เรียนได้ฝึกทักษะการคิดได้อย่างเหมาะสมดีมาก | J34: มีการส่งเสริมให้ผู้เรียนได้ฝึกทักษะการสื่อสารได้อย่างเหมาะสมดีมาก
A35: 46262.592 | B35: bnco1045@signalschool.ac.th | C35: ร.อ.สุพจน์ มงคล | D35: ลักษณะทางทหาร "มีความเหมาะสม" มีความเชื่อมั่นในตนเองปานกลาง | E35: เสียงดังฟังชัดและจังหวะการพูดไม่ช้า/เร็วเกินไป | F35: มีประมวลรายวิชาและแนะนำเนื้อหาวิชา | G35: มีการจัดเตรียมสื่อการเรียนการสอนและรวบรวมแหล่งอ้างอิงไว้อย่างเหมาะสม | H35: มีการจัดการเรียนการสอนเป็นไปตามประมวลรายวิชาครบถ้วนและการนำเข้าสู่บทเรียนให้ข้อมูลที่เป็นประโยชน์แก่ผู้เรียนครบถ้วน | I35: มีการส่งเสริมให้ผู้เรียนได้ฝึกทักษะการคิดได้อย่างเหมาะสมดีมาก | J35: มีการส่งเสริมให้ผู้เรียนได้ฝึกทักษะการสื่อสารได้อย่างเหมาะสมดีมาก
A36: 46262.611 | B36: bnco1080@signalschool.ac.th | C36: ร.อ.สุพจน์ มงคล | D36: ลักษณะทางทหาร "ดีมาก" มีความเชื่อมั่นในตนเองเป็นแบบอย่างที่ดีแก่ผู้เรียนได้ | E36: เสียงดังฟังชัดและจังหวะการพูดไม่ช้า/เร็วเกินไป | F36: มีประมวลรายวิชาและแนะนำเนื้อหาวิชา | G36: มีการจัดเตรียมสื่อการเรียนการสอนและรวบรวมแหล่งอ้างอิงไว้อย่างเหมาะสม | H36: มีการจัดการเรียนการสอนเป็นไปตามประมวลรายวิชาครบถ้วนและการนำเข้าสู่บทเรียนให้ข้อมูลที่เป็นประโยชน์แก่ผู้เรียนครบถ้วน | I36: มีการส่งเสริมให้ผู้เรียนได้ฝึกทักษะการคิดได้อย่างเหมาะสมดีมาก | J36: มีการส่งเสริมให้ผู้เรียนได้ฝึกทักษะการสื่อสารได้อย่างเหมาะสมดีมาก
A37: 46262.627 | B37: bnco1064@signalschool.ac.th | C37: ร.อ.สุพจน์ มลคค | D37: ลักษณะทางทหาร "ดีมาก" มีความเชื่อมั่นในตนเองเป็นแบบอย่างที่ดีแก่ผู้เรียนได้ | E37: เสียงดังฟังชัดและจังหวะการพูดไม่ช้า/เร็วเกินไป | F37: มีประมวลรายวิชาและแนะนำเนื้อหาวิชา | G37: มีการจัดเตรียมสื่อการเรียนการสอนและรวบรวมแหล่งอ้างอิงไว้อย่างเหมาะสม | H37: มีการจัดการเรียนการสอนเป็นไปตามประมวลรายวิชาครบถ้วนและการนำเข้าสู่บทเรียนให้ข้อมูลที่เป็นประโยชน์แก่ผู้เรียนครบถ้วน | I37: มีการส่งเสริมให้ผู้เรียนได้ฝึกทักษะการคิดได้อย่างเหมาะสมดีมาก | J37: มีการส่งเสริมให้ผู้เรียนได้ฝึกทักษะการสื่อสารได้อย่างเหมาะสมดีมาก | K37: -
A38: 46262.643 | B38: bnco1021@signalschool.ac.th | C38: ร.อ.สุพจน์ มงคล | D38: ลักษณะทางทหาร "ดีมาก" มีความเชื่อมั่นในตนเองเป็นแบบอย่างที่ดีแก่ผู้เรียนได้ | E38: เสียงดังฟังชัดและจังหวะการพูดไม่ช้า/เร็วเกินไป | F38: มีประมวลรายวิชาและแนะนำเนื้อหาวิชา | G38: มีการจัดเตรียมสื่อการเรียนการสอนและรวบรวมแหล่งอ้างอิงไว้อย่างเหมาะสม | H38: มีการจัดการเรียนการสอนเป็นไปตามประมวลรายวิชาครบถ้วนและการนำเข้าสู่บทเรียนให้ข้อมูลที่เป็นประโยชน์แก่ผู้เรียนครบถ้วน | I38: มีการส่งเสริมให้ผู้เรียนได้ฝึกทักษะการคิดได้อย่างเหมาะสมดีมาก | J38: มีการส่งเสริมให้ผู้เรียนได้ฝึกทักษะการสื่อสารได้อย่างเหมาะสมดีมาก
A39: 46262.644 | B39: bnco1027@signalschool.ac.th | C39: ร.อ.สุพจน์ มงคล | D39: ลักษณะทางทหาร "ดีมาก" มีความเชื่อมั่นในตนเองเป็นแบบอย่างที่ดีแก่ผู้เรียนได้ | E39: เสียงดังฟังชัดและจังหวะการพูดไม่ช้า/เร็วเกินไป | F39: มีประมวลรายวิชาและแนะนำเนื้อหาวิชา | G39: มีการจัดเตรียมสื่อการเรียนการสอนและรวบรวมแหล่งอ้างอิงไว้อย่างเหมาะสม | H39: มีการจัดการเรียนการสอนเป็นไปตามประมวลรายวิชาครบถ้วนและการนำเข้าสู่บทเรียนให้ข้อมูลที่เป็นประโยชน์แก่ผู้เรียนครบถ้วน | I39: มีการส่งเสริมให้ผู้เรียนได้ฝึกทักษะการคิดได้อย่างเหมาะสมดีมาก | J39: มีการส่งเสริมให้ผู้เรียนได้ฝึกทักษะการสื่อสารได้อย่างเหมาะสมดีมาก | K39: -
A40: 46262.74 | B40: bnco1072@signalschool.ac.th | C40: ร.อ.สุพจน์ มงคล | D40: ลักษณะทางทหาร "ดีมาก" มีความเชื่อมั่นในตนเองเป็นแบบอย่างที่ดีแก่ผู้เรียนได้ | E40: เสียงดังฟังชัดและจังหวะการพูดไม่ช้า/เร็วเกินไป | F40: มีประมวลรายวิชาและแนะนำเนื้อหาวิชา | G40: มีการจัดเตรียมสื่อการเรียนการสอนและรวบรวมแหล่งอ้างอิงไว้อย่างเหมาะสม | H40: มีการจัดการเรียนการสอนเป็นไปตามประมวลรายวิชาครบถ้วนและการนำเข้าสู่บทเรียนให้ข้อมูลที่เป็นประโยชน์แก่ผู้เรียนครบถ้วน | I40: มีการส่งเสริมให้ผู้เรียนได้ฝึกทักษะการคิดได้อย่างเหมาะสมดีมาก | J40: มีการส่งเสริมให้ผู้เรียนได้ฝึกทักษะการสื่อสารได้อย่างเหมาะสมดีมาก
A41: 46262.794 | B41: bnco1014@signalschool.ac.th | C41: ร.อ.สุพจน์ มงคล | D41: ลักษณะทางทหาร "ดีมาก" มีความเชื่อมั่นในตนเองเป็นแบบอย่างที่ดีแก่ผู้เรียนได้ | E41: เสียงดังฟังชัดและจังหวะการพูดไม่ช้า/เร็วเกินไป | F41: มีประมวลรายวิชาและแนะนำเนื้อหาวิชา | G41: มีการจัดเตรียมสื่อการเรียนการสอนและรวบรวมแหล่งอ้างอิงไว้อย่างเหมาะสม | H41: มีการจัดการเรียนการสอนเป็นไปตามประมวลรายวิชาครบถ้วนและการนำเข้าสู่บทเรียนให้ข้อมูลที่เป็นประโยชน์แก่ผู้เรียนครบถ้วน | I41: มีการส่งเสริมให้ผู้เรียนได้ฝึกทักษะการคิดได้อย่างเหมาะสมดีมาก | J41: มีการส่งเสริมให้ผู้เรียนได้ฝึกทักษะการสื่อสารได้อย่างเหมาะสมดีมาก
A42: 46262.871 | B42: bnco1076@signalschool.ac.th | C42: ร.อ. สุพจน์ มงคล | D42: ลักษณะทางทหาร "ดีมาก" มีความเชื่อมั่นในตนเองเป็นแบบอย่างที่ดีแก่ผู้เรียนได้ | E42: เสียงดังฟังชัดและจังหวะการพูดไม่ช้า/เร็วเกินไป | F42: มีประมวลรายวิชาและแนะนำเนื้อหาวิชา | G42: มีการจัดเตรียมสื่อการเรียนการสอนและรวบรวมแหล่งอ้างอิงไว้อย่างเหมาะสม | H42: มีการจัดการเรียนการสอนเป็นไปตามประมวลรายวิชาครบถ้วนและการนำเข้าสู่บทเรียนให้ข้อมูลที่เป็นประโยชน์แก่ผู้เรียนครบถ้วน | I42: มีการส่งเสริมให้ผู้เรียนได้ฝึกทักษะการคิดได้อย่างเหมาะสมดีมาก | J42: มีการส่งเสริมให้ผู้เรียนได้ฝึกทักษะการสื่อสารได้อย่างเหมาะสมดีมาก
A43: 46262.955 | B43: bnco1071@signalschool.ac.th | C43: ร.อ.สุพจน์ มงคล | D43: ลักษณะทางทหาร "ดีมาก" มีความเชื่อมั่นในตนเองเป็นแบบอย่างที่ดีแก่ผู้เรียนได้ | E43: เสียงดังฟังชัดและจังหวะการพูดไม่ช้า/เร็วเกินไป | F43: มีประมวลรายวิชาและแนะนำเนื้อหาวิชา | G43: มีการจัดเตรียมสื่อการเรียนการสอนและรวบรวมแหล่งอ้างอิงไว้อย่างเหมาะสม | H43: มีการจัดการเรียนการสอนเป็นไปตามประมวลรายวิชาครบถ้วนและการนำเข้าสู่บทเรียนให้ข้อมูลที่เป็นประโยชน์แก่ผู้เรียนครบถ้วน | I43: มีการส่งเสริมให้ผู้เรียนได้ฝึกทักษะการคิดได้อย่างเหมาะสมดีมาก | J43: มีการส่งเสริมให้ผู้เรียนได้ฝึกทักษะการสื่อสารได้อย่างเหมาะสมดีมาก
A44: 46262.96 | B44: bnco1061@signalschool.ac.th | C44: ร.อ.สุพจน์ มงคล | D44: ลักษณะทางทหาร "ดีมาก" มีความเชื่อมั่นในตนเองเป็นแบบอย่างที่ดีแก่ผู้เรียนได้ | E44: เสียงดังฟังชัดและจังหวะการพูดไม่ช้า/เร็วเกินไป | F44: มีประมวลรายวิชาและแนะนำเนื้อหาวิชา | G44: มีการจัดเตรียมสื่อการเรียนการสอนและรวบรวมแหล่งอ้างอิงไว้อย่างเหมาะสม | H44: มีการจัดการเรียนการสอนเป็นไปตามประมวลรายวิชาครบถ้วนและการนำเข้าสู่บทเรียนให้ข้อมูลที่เป็นประโยชน์แก่ผู้เรียนครบถ้วน | I44: มีการส่งเสริมให้ผู้เรียนได้ฝึกทักษะการคิดได้อย่างเหมาะสมดีมาก | J44: มีการส่งเสริมให้ผู้เรียนได้ฝึกทักษะการสื่อสารได้อย่างเหมาะสมดีมาก
A45: 46263.604 | B45: bnco1054@signalschool.ac.th | C45: ร.อ.สุพจน์ มงคล | D45: ลักษณะทางทหาร "ดีมาก" มีความเชื่อมั่นในตนเองเป็นแบบอย่างที่ดีแก่ผู้เรียนได้ | E45: เสียงดังฟังชัดและจังหวะการพูดไม่ช้า/เร็วเกินไป | F45: มีประมวลรายวิชาและแนะนำเนื้อหาวิชา | G45: มีการจัดเตรียมสื่อการเรียนการสอนและรวบรวมแหล่งอ้างอิงไว้อย่างเหมาะสม | H45: มีการจัดการเรียนการสอนเป็นไปตามประมวลรายวิชาครบถ้วนและการนำเข้าสู่บทเรียนให้ข้อมูลที่เป็นประโยชน์แก่ผู้เรียนครบถ้วน | I45: มีการส่งเสริมให้ผู้เรียนได้ฝึกทักษะการคิดได้อย่างเหมาะสมดีมาก | J45: มีการส่งเสริมให้ผู้เรียนได้ฝึกทักษะการสื่อสารได้อย่างเหมาะสมดีมาก
A46: 46263.714 | B46: bnco1023@signalschool.ac.th | C46: ร.อ.สุพจน์ มงคล | D46: ลักษณะทางทหาร "ดีมาก" มีความเชื่อมั่นในตนเองเป็นแบบอย่างที่ดีแก่ผู้เรียนได้ | E46: เสียงดังฟังชัดและจังหวะการพูดไม่ช้า/เร็วเกินไป | F46: มีประมวลรายวิชาและแนะนำเนื้อหาวิชา | G46: มีการจัดเตรียมสื่อการเรียนการสอนและรวบรวมแหล่งอ้างอิงไว้อย่างเหมาะสม | H46: มีการจัดการเรียนการสอนเป็นไปตามประมวลรายวิชาครบถ้วนและการนำเข้าสู่บทเรียนให้ข้อมูลที่เป็นประโยชน์แก่ผู้เรียนครบถ้วน | I46: มีการส่งเสริมให้ผู้เรียนได้ฝึกทักษะการคิดได้อย่างเหมาะสมดีมาก | J46: มีการส่งเสริมให้ผู้เรียนได้ฝึกทักษะการสื่อสารได้อย่างเหมาะสมดีมาก
A47: 46264.528 | B47: bnco1015@signalschool.ac.th | C47: ร.อ.สุพจน์ มงคล | D47: ลักษณะทางทหาร "ดีมาก" มีความเชื่อมั่นในตนเองเป็นแบบอย่างที่ดีแก่ผู้เรียนได้ | E47: เสียงดังฟังชัดและจังหวะการพูดไม่ช้า/เร็วเกินไป | F47: มีประมวลรายวิชาและแนะนำเนื้อหาวิชา | G47: มีการจัดเตรียมสื่อการเรียนการสอนและรวบรวมแหล่งอ้างอิงไว้อย่างเหมาะสม | H47: มีการจัดการเรียนการสอนเป็นไปตามประมวลรายวิชาครบถ้วนและการนำเข้าสู่บทเรียนให้ข้อมูลที่เป็นประโยชน์แก่ผู้เรียนครบถ้วน | I47: มีการส่งเสริมให้ผู้เรียนได้ฝึกทักษะการคิดได้อย่างเหมาะสมดีมาก | J47: มีการส่งเสริมให้ผู้เรียนได้ฝึกทักษะการสื่อสารได้อย่างเหมาะสมดีมาก
A48: 46264.651 | B48: bnco1002@signalschool.ac.th | C48: ร.ท.สุพจน์ มงคล | D48: ลักษณะทางทหาร "ดีมาก" มีความเชื่อมั่นในตนเองเป็นแบบอย่างที่ดีแก่ผู้เรียนได้ | E48: เสียงดังฟังชัดและจังหวะการพูดไม่ช้า/เร็วเกินไป | F48: มีประมวลรายวิชาและแนะนำเนื้อหาวิชา | G48: มีการจัดเตรียมสื่อการเรียนการสอนและรวบรวมแหล่งอ้างอิงไว้อย่างเหมาะสม | H48: มีการจัดการเรียนการสอนเป็นไปตามประมวลรายวิชาครบถ้วนและการนำเข้าสู่บทเรียนให้ข้อมูลที่เป็นประโยชน์แก่ผู้เรียนครบถ้วน | I48: มีการส่งเสริมให้ผู้เรียนได้ฝึกทักษะการคิดได้อย่างเหมาะสมดีมาก | J48: มีการส่งเสริมให้ผู้เรียนได้ฝึกทักษะการสื่อสารได้อย่างเหมาะสมดีมาก
A49: 46264.878 | B49: edu.rad@signalschool.ac.th | C49: ครูอาจารย์ รร.ส.สส. | D49: ลักษณะทางทหาร "ดีมาก" มีความเชื่อมั่นในตนเองเป็นแบบอย่างที่ดีแก่ผู้เรียนได้ | E49: เสียงดังฟังชัดและจังหวะการพูดไม่ช้า/เร็วเกินไป | F49: มีประมวลรายวิชาและแนะนำเนื้อหาวิชา | G49: มีการจัดเตรียมสื่อการเรียนการสอนและรวบรวมแหล่งอ้างอิงไว้อย่างเหมาะสม | H49: มีการจัดการเรียนการสอนเป็นไปตามประมวลรายวิชาครบถ้วนและการนำเข้าสู่บทเรียนให้ข้อมูลที่เป็นประโยชน์แก่ผู้เรียนครบถ้วน | I49: มีการส่งเสริมให้ผู้เรียนได้ฝึกทักษะการคิดได้อย่างเหมาะสมดีมาก | J49: มีการส่งเสริมให้ผู้เรียนได้ฝึกทักษะการสื่อสารได้อย่างเหมาะสมดีมาก
A50: 46265.324 | B50: bnco1059@signalschool.ac.th | C50: ร.อ.สุพจน์ มงคล | D50: ลักษณะทางทหาร "ดีมาก" มีความเชื่อมั่นในตนเองเป็นแบบอย่างที่ดีแก่ผู้เรียนได้ | E50: เสียงดังฟังชัดและจังหวะการพูดไม่ช้า/เร็วเกินไป | F50: มีประมวลรายวิชาและแนะนำเนื้อหาวิชา | G50: มีการจัดเตรียมสื่อการเรียนการสอนและรวบรวมแหล่งอ้างอิงไว้อย่างเหมาะสม | H50: มีการจัดการเรียนการสอนเป็นไปตามประมวลรายวิชาครบถ้วนและการนำเข้าสู่บทเรียนให้ข้อมูลที่เป็นประโยชน์แก่ผู้เรียนครบถ้วน | I50: มีการส่งเสริมให้ผู้เรียนได้ฝึกทักษะการคิดได้อย่างเหมาะสมดีมาก | J50: มีการส่งเสริมให้ผู้เรียนได้ฝึกทักษะการสื่อสารได้อย่างเหมาะสมดีมาก
A51: 46265.679 | B51: bnco1046@signalschool.ac.th | C51: ร.อ.สุพจน์ มงคล | D51: ลักษณะทางทหาร "ดีมาก" มีความเชื่อมั่นในตนเองเป็นแบบอย่างที่ดีแก่ผู้เรียนได้ | E51: เสียงดังฟังชัดและจังหวะการพูดไม่ช้า/เร็วเกินไป | F51: มีประมวลรายวิชาและแนะนำเนื้อหาวิชา | G51: มีการจัดเตรียมสื่อการเรียนการสอนและรวบรวมแหล่งอ้างอิงไว้อย่างเหมาะสม | H51: มีการจัดการเรียนการสอนเป็นไปตามประมวลรายวิชาครบถ้วนและการนำเข้าสู่บทเรียนให้ข้อมูลที่เป็นประโยชน์แก่ผู้เรียนครบถ้วน | I51: มีการส่งเสริมให้ผู้เรียนได้ฝึกทักษะการคิดได้อย่างเหมาะสมดีมาก | J51: มีการส่งเสริมให้ผู้เรียนได้ฝึกทักษะการสื่อสารได้อย่างเหมาะสมดีมาก
... A66: 46267.608 | B66: bnco1043@signalschool.ac.th | C66: ร.อ.สุพจน์ มงคล | D66: ลักษณะทางทหาร "ดีมาก" มีความเชื่อมั่นในตนเองเป็นแบบอย่างที่ดีแก่ผู้เรียนได้ | E66: เสียงดังฟังชัดและจังหวะการพูดไม่ช้า/เร็วเกินไป | F66: มีประมวลรายวิชาและแนะนำเนื้อหาวิชา | G66: มีการจัดเตรียมสื่อการเรียนการสอนและรวบรวมแหล่งอ้างอิงไว้อย่างเหมาะสม | H66: มีการจัดการเรียนการสอนเป็นไปตามประมวลรายวิชาครบถ้วนและการนำเข้าสู่บทเรียนให้ข้อมูลที่เป็นประโยชน์แก่ผู้เรียนครบถ้วน | I66: มีการส่งเสริมให้ผู้เรียนได้ฝึกทักษะการคิดได้อย่างเหมาะสมดีมาก | J66: มีการส่งเสริมให้ผู้เรียนได้ฝึกทักษะการสื่อสารได้อย่างเหมาะสมดีมาก
A67: 46267.85 | B67: bnco1026@signalschool.ac.th | C67: อาจารย์ผู้สอน | D67: ลักษณะทางทหาร "ดีมาก" มีความเชื่อมั่นในตนเองเป็นแบบอย่างที่ดีแก่ผู้เรียนได้ | E67: เสียงดังฟังชัดและจังหวะการพูดไม่ช้า/เร็วเกินไป | F67: มีประมวลรายวิชาและแนะนำเนื้อหาวิชา | G67: มีการจัดเตรียมสื่อการเรียนการสอนและรวบรวมแหล่งอ้างอิงไว้อย่างเหมาะสม | H67: มีการจัดการเรียนการสอนเป็นไปตามประมวลรายวิชาครบถ้วนและการนำเข้าสู่บทเรียนให้ข้อมูลที่เป็นประโยชน์แก่ผู้เรียนครบถ้วน | I67: มีการส่งเสริมให้ผู้เรียนได้ฝึกทักษะการคิดได้อย่างเหมาะสม | J67: มีการส่งเสริมให้ผู้เรียนได้ฝึกทักษะการสื่อสารได้อย่างเหมาะสมดีมาก | K67: ไม่มีครับ
A68: 46268.344 | B68: bnco1040@signalschool.ac.th | C68: ร.อ.สุพจน์ มงคล | D68: ลักษณะทางทหาร "ดีมาก" มีความเชื่อมั่นในตนเองเป็นแบบอย่างที่ดีแก่ผู้เรียนได้ | E68: เสียงดังฟังชัดและจังหวะการพูดไม่ช้า/เร็วเกินไป | F68: มีประมวลรายวิชาและแนะนำเนื้อหาวิชา | G68: มีการจัดเตรียมสื่อการเรียนการสอนและรวบรวมแหล่งอ้างอิงไว้อย่างเหมาะสม | H68: มีการจัดการเรียนการสอนเป็นไปตามประมวลรายวิชาครบถ้วนและการนำเข้าสู่บทเรียนให้ข้อมูลที่เป็นประโยชน์แก่ผู้เรียนครบถ้วน | I68: มีการส่งเสริมให้ผู้เรียนได้ฝึกทักษะการคิดได้อย่างเหมาะสมดีมาก | J68: มีการส่งเสริมให้ผู้เรียนได้ฝึกทักษะการสื่อสารได้อย่างเหมาะสมดีมาก

Sheet ค่า 1.2
A1: ประทับเวลา | B1: ที่อยู่อีเมล | C1: ยศ ชื่อ-สกุล ครู-อาจารย์ผู้สอน | E1: 1. บุคลิกภาพและลักษณะท่าทางของอาจารย์ผู้สอน | F1: 2. การพูดและการใช้นํ้าเสียง | G1: 3. การเตรียมการสอน | H1: 4. การจัดเตรียมสื่อการสอน | I1: 5. การถ่ายทอดความรู้และการนำเข้าสู่บทเรียน | J1: 6. ผู้เรียนได้ฝึกทักษะการคิดวิเคราะห์ หรือการพัฒนาความคิดสร้างสรรค์จากการเรียนรายวิชานี้มากน้อยเพียงใด | K1: 7. ผู้เรียนได้ฝึกทักษะการสื่อสาร การนำเสนอ และการใช้งานเทคโนโลยีสารสนเทศจากการเรียนรายวิชานี้มากน้อยเพียงใด | M1: ตรวจสอบผู้เข้าประเมิน
A2: ='1.2'!A:A -> 46262.412 | B2: ='1.2'!B:B -> bnco1013@signalschool.ac.th | C2: ='1.2'!C:C -> ร.อ.สุพจน์ มงคล | D2: 1 | E2: =IFERROR(vlookup('1.2'!D:D,lookup!$A$2:$B$4,2,false),0) -> 5 | F2: =IFERROR(vlookup('1.2'!E:E,lookup!$A$6:$B$8,2,false),0) -> 5 | G2: =IFERROR(vlookup('1.2'!F:F,lookup!$A$10:$B$12,2,false),0) -> 5 | H2: =IFERROR(vlookup('1.2'!G:G,lookup!$A$14:$B$16,2,false),0) -> 5 | I2: =IFERROR(vlookup('1.2'!H:H,lookup!$A$18:$B$20,2,false),0) -> 5 | J2: =IFERROR(vlookup('1.2'!I:I,lookup!$A$22:$B$24,2,false),0) -> 5 | K2: =IFERROR(vlookup('1.2'!J:J,lookup!$A$26:$B$28,2,false),0) -> 5 | M2: 1 | N2: =CONCAT(R2,"@signalschool.ac.th") -> bnco1001@signalschool.ac.th | O2: =IFERROR(VLOOKUP(N2,B$2:D$81,3,FALSE),0) -> 1 | R2: bnco1001
A3: ='1.2'!A:A -> 46262.414 | B3: ='1.2'!B:B -> bnco1058@signalschool.ac.th | C3: ='1.2'!C:C -> ร.อ.สุพจน์ มงคล | D3: 1 | E3: =IFERROR(vlookup('1.2'!D:D,lookup!$A$2:$B$4,2,false),0) -> 5 | F3: =IFERROR(vlookup('1.2'!E:E,lookup!$A$6:$B$8,2,false),0) -> 5 | G3: =IFERROR(vlookup('1.2'!F:F,lookup!$A$10:$B$12,2,false),0) -> 5 | H3: =IFERROR(vlookup('1.2'!G:G,lookup!$A$14:$B$16,2,false),0) -> 5 | I3: =IFERROR(vlookup('1.2'!H:H,lookup!$A$18:$B$20,2,false),0) -> 5 | J3: =IFERROR(vlookup('1.2'!I:I,lookup!$A$22:$B$24,2,false),0) -> 5 | K3: =IFERROR(vlookup('1.2'!J:J,lookup!$A$26:$B$28,2,false),0) -> 5 | M3: 2 | N3: =CONCAT(R3,"@signalschool.ac.th") -> bnco1002@signalschool.ac.th | O3: =IFERROR(VLOOKUP(N3,B$2:D$81,3,FALSE),0) -> 1 | R3: bnco1002
A4: ='1.2'!A:A -> 46262.415 | B4: ='1.2'!B:B -> bnco1009@signalschool.ac.th | C4: ='1.2'!C:C -> ร.อ.สพจน์ มงคล | D4: 1 | E4: =IFERROR(vlookup('1.2'!D:D,lookup!$A$2:$B$4,2,false),0) -> 5 | F4: =IFERROR(vlookup('1.2'!E:E,lookup!$A$6:$B$8,2,false),0) -> 5 | G4: =IFERROR(vlookup('1.2'!F:F,lookup!$A$10:$B$12,2,false),0) -> 5 | H4: =IFERROR(vlookup('1.2'!G:G,lookup!$A$14:$B$16,2,false),0) -> 5 | I4: =IFERROR(vlookup('1.2'!H:H,lookup!$A$18:$B$20,2,false),0) -> 5 | J4: =IFERROR(vlookup('1.2'!I:I,lookup!$A$22:$B$24,2,false),0) -> 5 | K4: =IFERROR(vlookup('1.2'!J:J,lookup!$A$26:$B$28,2,false),0) -> 5 | M4: 3 | N4: =CONCAT(R4,"@signalschool.ac.th") -> bnco1003@signalschool.ac.th | O4: =IFERROR(VLOOKUP(N4,B$2:D$81,3,FALSE),0) -> 1 | R4: bnco1003
A5: ='1.2'!A:A -> 46262.417 | B5: ='1.2'!B:B -> bnco1056@signalschool.ac.th | C5: ='1.2'!C:C -> ร.ท. สุพจน์ มงคล | D5: 1 | E5: =IFERROR(vlookup('1.2'!D:D,lookup!$A$2:$B$4,2,false),0) -> 5 | F5: =IFERROR(vlookup('1.2'!E:E,lookup!$A$6:$B$8,2,false),0) -> 5 | G5: =IFERROR(vlookup('1.2'!F:F,lookup!$A$10:$B$12,2,false),0) -> 5 | H5: =IFERROR(vlookup('1.2'!G:G,lookup!$A$14:$B$16,2,false),0) -> 5 | I5: =IFERROR(vlookup('1.2'!H:H,lookup!$A$18:$B$20,2,false),0) -> 5 | J5: =IFERROR(vlookup('1.2'!I:I,lookup!$A$22:$B$24,2,false),0) -> 5 | K5: =IFERROR(vlookup('1.2'!J:J,lookup!$A$26:$B$28,2,false),0) -> 5 | M5: 4 | N5: =CONCAT(R5,"@signalschool.ac.th") -> bnco1004@signalschool.ac.th | O5: =IFERROR(VLOOKUP(N5,B$2:D$81,3,FALSE),0) -> 1 | R5: bnco1004
A6: ='1.2'!A:A -> 46262.424 | B6: ='1.2'!B:B -> bnco1062@signalschool.ac.th | C6: ='1.2'!C:C -> ร.อ.สุพจน์ มงคล | D6: 1 | E6: =IFERROR(vlookup('1.2'!D:D,lookup!$A$2:$B$4,2,false),0) -> 5 | F6: =IFERROR(vlookup('1.2'!E:E,lookup!$A$6:$B$8,2,false),0) -> 5 | G6: =IFERROR(vlookup('1.2'!F:F,lookup!$A$10:$B$12,2,false),0) -> 5 | H6: =IFERROR(vlookup('1.2'!G:G,lookup!$A$14:$B$16,2,false),0) -> 3 | I6: =IFERROR(vlookup('1.2'!H:H,lookup!$A$18:$B$20,2,false),0) -> 5 | J6: =IFERROR(vlookup('1.2'!I:I,lookup!$A$22:$B$24,2,false),0) -> 5 | K6: =IFERROR(vlookup('1.2'!J:J,lookup!$A$26:$B$28,2,false),0) -> 5 | M6: 5 | N6: =CONCAT(R6,"@signalschool.ac.th") -> bnco1005@signalschool.ac.th | O6: =IFERROR(VLOOKUP(N6,B$2:D$81,3,FALSE),0) -> 1 | R6: bnco1005
A7: ='1.2'!A:A -> 46262.426 | B7: ='1.2'!B:B -> bnco1041@signalschool.ac.th | C7: ='1.2'!C:C -> ร.ท.สุพจน์ มงคล | D7: 1 | E7: =IFERROR(vlookup('1.2'!D:D,lookup!$A$2:$B$4,2,false),0) -> 5 | F7: =IFERROR(vlookup('1.2'!E:E,lookup!$A$6:$B$8,2,false),0) -> 5 | G7: =IFERROR(vlookup('1.2'!F:F,lookup!$A$10:$B$12,2,false),0) -> 5 | H7: =IFERROR(vlookup('1.2'!G:G,lookup!$A$14:$B$16,2,false),0) -> 5 | I7: =IFERROR(vlookup('1.2'!H:H,lookup!$A$18:$B$20,2,false),0) -> 5 | J7: =IFERROR(vlookup('1.2'!I:I,lookup!$A$22:$B$24,2,false),0) -> 5 | K7: =IFERROR(vlookup('1.2'!J:J,lookup!$A$26:$B$28,2,false),0) -> 5 | M7: 6 | N7: =CONCAT(R7,"@signalschool.ac.th") -> bnco1006@signalschool.ac.th | O7: =IFERROR(VLOOKUP(N7,B$2:D$81,3,FALSE),0) -> 1 | R7: bnco1006
A8: ='1.2'!A:A -> 46262.428 | B8: ='1.2'!B:B -> bnco1012@signalschool.ac.th | C8: ='1.2'!C:C -> ร.ท.ศุภรัชฏ หมอกสุข | D8: 1 | E8: =IFERROR(vlookup('1.2'!D:D,lookup!$A$2:$B$4,2,false),0) -> 5 | F8: =IFERROR(vlookup('1.2'!E:E,lookup!$A$6:$B$8,2,false),0) -> 5 | G8: =IFERROR(vlookup('1.2'!F:F,lookup!$A$10:$B$12,2,false),0) -> 5 | H8: =IFERROR(vlookup('1.2'!G:G,lookup!$A$14:$B$16,2,false),0) -> 5 | I8: =IFERROR(vlookup('1.2'!H:H,lookup!$A$18:$B$20,2,false),0) -> 5 | J8: =IFERROR(vlookup('1.2'!I:I,lookup!$A$22:$B$24,2,false),0) -> 5 | K8: =IFERROR(vlookup('1.2'!J:J,lookup!$A$26:$B$28,2,false),0) -> 5 | M8: 7 | N8: =CONCAT(R8,"@signalschool.ac.th") -> bnco1007@signalschool.ac.th | O8: =IFERROR(VLOOKUP(N8,B$2:D$81,3,FALSE),0) -> 0 | R8: bnco1007
A9: ='1.2'!A:A -> 46262.436 | B9: ='1.2'!B:B -> bnco1006@signalschool.ac.th | C9: ='1.2'!C:C -> ร.ท.สุพจน์ มงคล | D9: 1 | E9: =IFERROR(vlookup('1.2'!D:D,lookup!$A$2:$B$4,2,false),0) -> 5 | F9: =IFERROR(vlookup('1.2'!E:E,lookup!$A$6:$B$8,2,false),0) -> 5 | G9: =IFERROR(vlookup('1.2'!F:F,lookup!$A$10:$B$12,2,false),0) -> 5 | H9: =IFERROR(vlookup('1.2'!G:G,lookup!$A$14:$B$16,2,false),0) -> 5 | I9: =IFERROR(vlookup('1.2'!H:H,lookup!$A$18:$B$20,2,false),0) -> 5 | J9: =IFERROR(vlookup('1.2'!I:I,lookup!$A$22:$B$24,2,false),0) -> 5 | K9: =IFERROR(vlookup('1.2'!J:J,lookup!$A$26:$B$28,2,false),0) -> 5 | M9: 8 | N9: =CONCAT(R9,"@signalschool.ac.th") -> bnco1008@signalschool.ac.th | O9: =IFERROR(VLOOKUP(N9,B$2:D$81,3,FALSE),0) -> 1 | R9: bnco1008
A10: ='1.2'!A:A -> 46262.442 | B10: ='1.2'!B:B -> bnco1051@signalschool.ac.th | C10: ='1.2'!C:C -> ร.อ.สุพจน์ มงคล | D10: 1 | E10: =IFERROR(vlookup('1.2'!D:D,lookup!$A$2:$B$4,2,false),0) -> 5 | F10: =IFERROR(vlookup('1.2'!E:E,lookup!$A$6:$B$8,2,false),0) -> 5 | G10: =IFERROR(vlookup('1.2'!F:F,lookup!$A$10:$B$12,2,false),0) -> 5 | H10: =IFERROR(vlookup('1.2'!G:G,lookup!$A$14:$B$16,2,false),0) -> 5 | I10: =IFERROR(vlookup('1.2'!H:H,lookup!$A$18:$B$20,2,false),0) -> 5 | J10: =IFERROR(vlookup('1.2'!I:I,lookup!$A$22:$B$24,2,false),0) -> 5 | K10: =IFERROR(vlookup('1.2'!J:J,lookup!$A$26:$B$28,2,false),0) -> 5 | M10: 9 | N10: =CONCAT(R10,"@signalschool.ac.th") -> bnco1009@signalschool.ac.th | O10: =IFERROR(VLOOKUP(N10,B$2:D$81,3,FALSE),0) -> 1 | R10: bnco1009
A11: ='1.2'!A:A -> 46262.442 | B11: ='1.2'!B:B -> bnco1050@signalschool.ac.th | C11: ='1.2'!C:C -> ร.อ.สุพจน์ มงคล | D11: 1 | E11: =IFERROR(vlookup('1.2'!D:D,lookup!$A$2:$B$4,2,false),0) -> 5 | F11: =IFERROR(vlookup('1.2'!E:E,lookup!$A$6:$B$8,2,false),0) -> 5 | G11: =IFERROR(vlookup('1.2'!F:F,lookup!$A$10:$B$12,2,false),0) -> 5 | H11: =IFERROR(vlookup('1.2'!G:G,lookup!$A$14:$B$16,2,false),0) -> 5 | I11: =IFERROR(vlookup('1.2'!H:H,lookup!$A$18:$B$20,2,false),0) -> 5 | J11: =IFERROR(vlookup('1.2'!I:I,lookup!$A$22:$B$24,2,false),0) -> 5 | K11: =IFERROR(vlookup('1.2'!J:J,lookup!$A$26:$B$28,2,false),0) -> 5 | M11: 10 | N11: =CONCAT(R11,"@signalschool.ac.th") -> bnco1010@signalschool.ac.th | O11: =IFERROR(VLOOKUP(N11,B$2:D$81,3,FALSE),0) -> 0 | R11: bnco1010
A12: ='1.2'!A:A -> 46262.444 | B12: ='1.2'!B:B -> bnco1052@signalschool.ac.th | C12: ='1.2'!C:C -> ร.ท.สุพจน์ มงคล | D12: 1 | E12: =IFERROR(vlookup('1.2'!D:D,lookup!$A$2:$B$4,2,false),0) -> 5 | F12: =IFERROR(vlookup('1.2'!E:E,lookup!$A$6:$B$8,2,false),0) -> 5 | G12: =IFERROR(vlookup('1.2'!F:F,lookup!$A$10:$B$12,2,false),0) -> 5 | H12: =IFERROR(vlookup('1.2'!G:G,lookup!$A$14:$B$16,2,false),0) -> 5 | I12: =IFERROR(vlookup('1.2'!H:H,lookup!$A$18:$B$20,2,false),0) -> 5 | J12: =IFERROR(vlookup('1.2'!I:I,lookup!$A$22:$B$24,2,false),0) -> 5 | K12: =IFERROR(vlookup('1.2'!J:J,lookup!$A$26:$B$28,2,false),0) -> 5 | M12: 11 | N12: =CONCAT(R12,"@signalschool.ac.th") -> bnco1011@signalschool.ac.th | O12: =IFERROR(VLOOKUP(N12,B$2:D$81,3,FALSE),0) -> 1 | R12: bnco1011
A13: ='1.2'!A:A -> 46262.445 | B13: ='1.2'!B:B -> bnco1018@signalschool.ac.th | C13: ='1.2'!C:C -> ร.อ.สุพจน์ มงคล | D13: 1 | E13: =IFERROR(vlookup('1.2'!D:D,lookup!$A$2:$B$4,2,false),0) -> 5 | F13: =IFERROR(vlookup('1.2'!E:E,lookup!$A$6:$B$8,2,false),0) -> 5 | G13: =IFERROR(vlookup('1.2'!F:F,lookup!$A$10:$B$12,2,false),0) -> 5 | H13: =IFERROR(vlookup('1.2'!G:G,lookup!$A$14:$B$16,2,false),0) -> 5 | I13: =IFERROR(vlookup('1.2'!H:H,lookup!$A$18:$B$20,2,false),0) -> 5 | J13: =IFERROR(vlookup('1.2'!I:I,lookup!$A$22:$B$24,2,false),0) -> 5 | K13: =IFERROR(vlookup('1.2'!J:J,lookup!$A$26:$B$28,2,false),0) -> 5 | M13: 12 | N13: =CONCAT(R13,"@signalschool.ac.th") -> bnco1012@signalschool.ac.th | O13: =IFERROR(VLOOKUP(N13,B$2:D$81,3,FALSE),0) -> 1 | R13: bnco1012
... A81: ='1.2'!A:A | B81: ='1.2'!B:B | C81: ='1.2'!C:C | D81: 1 | E81: =IFERROR(vlookup('1.2'!D:D,lookup!$A$2:$B$4,2,false),0) -> 0 | F81: =IFERROR(vlookup('1.2'!E:E,lookup!$A$6:$B$8,2,false),0) -> 0 | G81: =IFERROR(vlookup('1.2'!F:F,lookup!$A$10:$B$12,2,false),0) -> 0 | H81: =IFERROR(vlookup('1.2'!G:G,lookup!$A$14:$B$16,2,false),0) -> 0 | I81: =IFERROR(vlookup('1.2'!H:H,lookup!$A$18:$B$20,2,false),0) -> 0 | J81: =IFERROR(vlookup('1.2'!I:I,lookup!$A$22:$B$24,2,false),0) -> 0 | K81: =IFERROR(vlookup('1.2'!J:J,lookup!$A$26:$B$28,2,false),0) -> 0 | M81: 80 | N81: =CONCAT(R81,"@signalschool.ac.th") -> bnco1080@signalschool.ac.th | O81: =IFERROR(VLOOKUP(N81,B$2:D$81,3,FALSE),0) -> 1 | R81: bnco1080
A82: ='1.2'!A:A | B82: ='1.2'!B:B | C82: ='1.2'!C:C
A83: ='1.2'!A:A | B83: ='1.2'!B:B | C83: ='1.2'!C:C
A84: ='1.2'!A:A | B84: ='1.2'!B:B | C84: ='1.2'!C:C
A85: ='1.2'!A:A | B85: ='1.2'!B:B | C85: ='1.2'!C:C
A86: ='1.2'!A:A | B86: ='1.2'!B:B | C86: ='1.2'!C:C
A87: ='1.2'!A:A | B87: ='1.2'!B:B | C87: ='1.2'!C:C
A88: ='1.2'!A:A | B88: ='1.2'!B:B | C88: ='1.2'!C:C
A89: ='1.2'!A:A | B89: ='1.2'!B:B | C89: ='1.2'!C:C
A90: ='1.2'!A:A | B90: ='1.2'!B:B | C90: ='1.2'!C:C
A91: ='1.2'!A:A | B91: ='1.2'!B:B | C91: ='1.2'!C:C
A92: ='1.2'!A:A | B92: ='1.2'!B:B | C92: ='1.2'!C:C
A93: ='1.2'!A:A | B93: ='1.2'!B:B | C93: ='1.2'!C:C
... A100: ='1.2'!A:A | B100: ='1.2'!B:B | C100: ='1.2'!C:C
A101: ='1.2'!A:A | B101: ='1.2'!B:B | C101: ='1.2'!C:C | N101: ยอดผู้เข้าประเมิน | O101: =SUM(O2:O81) -> 66
E102: =AVERAGE(E2:E81) -> 4.1125 | F102: =AVERAGE(F2:F81) -> 4.1625 | G102: =AVERAGE(G2:G81) -> 4.1375 | H102: =AVERAGE(H2:H81) -> 4.0875 | I102: =AVERAGE(I2:I81) -> 4.1625 | J102: =AVERAGE(J2:J81) -> 4.1125 | K102: =AVERAGE(K2:K81) -> 4.1625 | L102: =AVERAGE(E102:K102) -> 4.1339286 | N102: ภาพรวมร้อยละ | O102: =(O101*100)/80 -> 82.5

Sheet 1.3
A1: ประทับเวลา | B1: ที่อยู่อีเมล | C1: ยศ ชื่อ-สกุล ครู-อาจารย์ผู้สอน | D1: 1. บุคลิกภาพและลักษณะท่าทางของอาจารย์ผู้สอน | E1: 2. การพูดและการใช้นํ้าเสียง | F1: 3. การเตรียมการสอน | G1: 4. การจัดเตรียมสื่อการสอน | H1: 5. การถ่ายทอดความรู้และการนำเข้าสู่บทเรียน | I1: 6. ผู้เรียนได้ฝึกทักษะการคิดวิเคราะห์ หรือการพัฒนาความคิดสร้างสรรค์จากการเรียนรายวิชานี้มากน้อยเพียงใด | J1: 7. ผู้เรียนได้ฝึกทักษะการสื่อสาร การนำเสนอ และการใช้งานเทคโนโลยีสารสนเทศจากการเรียนรายวิชานี้มากน้อยเพียงใด | K1: ข้อเสนอแนะอื่นๆ
A2: 46210.379 | B2: bnco1013@signalschool.ac.th | C2: จ.ส.อ. พัลลภ ดวงเดือน, ส.อ. สิทธิศักดิ์ รินไธสง | D2: ลักษณะทางทหาร "ดีมาก" มีความเชื่อมั่นในตนเองเป็นแบบอย่างที่ดีแก่ผู้เรียนได้ | E2: เสียงดังฟังชัดและจังหวะการพูดไม่ช้า/เร็วเกินไป | F2: มีประมวลรายวิชาและแนะนำเนื้อหาวิชา | G2: มีการจัดเตรียมสื่อการเรียนการสอนและรวบรวมแหล่งอ้างอิงไว้อย่างเหมาะสม | H2: มีการจัดการเรียนการสอนเป็นไปตามประมวลรายวิชาครบถ้วนและการนำเข้าสู่บทเรียนให้ข้อมูลที่เป็นประโยชน์แก่ผู้เรียนครบถ้วน | I2: มีการส่งเสริมให้ผู้เรียนได้ฝึกทักษะการคิดได้อย่างเหมาะสมดีมาก | J2: มีการส่งเสริมให้ผู้เรียนได้ฝึกทักษะการสื่อสารได้อย่างเหมาะสมดีมาก
A3: 46210.38 | B3: bnco1059@signalschool.ac.th | C3: จ.ส.อ. พัลลภ ดวงเดือน | D3: ลักษณะทางทหาร "ดีมาก" มีความเชื่อมั่นในตนเองเป็นแบบอย่างที่ดีแก่ผู้เรียนได้ | E3: เสียงดังฟังชัดและจังหวะการพูดไม่ช้า/เร็วเกินไป | F3: มีประมวลรายวิชาและแนะนำเนื้อหาวิชา | G3: มีการจัดเตรียมสื่อการเรียนการสอนและรวบรวมแหล่งอ้างอิงไว้อย่างเหมาะสม | H3: มีการจัดการเรียนการสอนเป็นไปตามประมวลรายวิชาครบถ้วนและการนำเข้าสู่บทเรียนให้ข้อมูลที่เป็นประโยชน์แก่ผู้เรียนครบถ้วน | I3: มีการส่งเสริมให้ผู้เรียนได้ฝึกทักษะการคิดได้อย่างเหมาะสมดีมาก | J3: มีการส่งเสริมให้ผู้เรียนได้ฝึกทักษะการสื่อสารได้อย่างเหมาะสมดีมาก
A4: 46210.38 | B4: bnco1053@signalschool.ac.th | C4: จ.ส.อ. พัลลภ ดวงเดือน, ส.อ. สิทธิศักดิ์ รินไธสง | D4: ลักษณะทางทหาร "ดีมาก" มีความเชื่อมั่นในตนเองเป็นแบบอย่างที่ดีแก่ผู้เรียนได้ | E4: เสียงดังฟังชัดและจังหวะการพูดไม่ช้า/เร็วเกินไป | F4: มีประมวลรายวิชาและแนะนำเนื้อหาวิชา | G4: มีการจัดเตรียมสื่อการเรียนการสอนและรวบรวมแหล่งอ้างอิงไว้อย่างเหมาะสม | H4: มีการจัดการเรียนการสอนเป็นไปตามประมวลรายวิชาครบถ้วนและการนำเข้าสู่บทเรียนให้ข้อมูลที่เป็นประโยชน์แก่ผู้เรียนครบถ้วน | I4: มีการส่งเสริมให้ผู้เรียนได้ฝึกทักษะการคิดได้อย่างเหมาะสม | J4: มีการส่งเสริมให้ผู้เรียนได้ฝึกทักษะการสื่อสารได้อย่างเหมาะสม
A5: 46210.381 | B5: bnco1056@signalschool.ac.th | C5: จ.ส.อ. พัลลภ ดวงเดือน | D5: ลักษณะทางทหาร "ดีมาก" มีความเชื่อมั่นในตนเองเป็นแบบอย่างที่ดีแก่ผู้เรียนได้ | E5: เสียงดังฟังชัดและจังหวะการพูดไม่ช้า/เร็วเกินไป | F5: มีประมวลรายวิชาและแนะนำเนื้อหาวิชา | G5: มีการจัดเตรียมสื่อการเรียนการสอนและรวบรวมแหล่งอ้างอิงไว้อย่างเหมาะสม | H5: มีการจัดการเรียนการสอนเป็นไปตามประมวลรายวิชาครบถ้วนและการนำเข้าสู่บทเรียนให้ข้อมูลที่เป็นประโยชน์แก่ผู้เรียนครบถ้วน | I5: มีการส่งเสริมให้ผู้เรียนได้ฝึกทักษะการคิดได้อย่างเหมาะสมดีมาก | J5: มีการส่งเสริมให้ผู้เรียนได้ฝึกทักษะการสื่อสารได้อย่างเหมาะสมดีมาก
A6: 46210.381 | B6: bnco1063@signalschool.ac.th | C6: จ.ส.อ. พัลลภ ดวงเดือน,ส.อ.พงษ์สิทธิ์ เทกะมล | D6: ลักษณะทางทหาร "ดีมาก" มีความเชื่อมั่นในตนเองเป็นแบบอย่างที่ดีแก่ผู้เรียนได้ | E6: เสียงดังฟังชัดและจังหวะการพูดไม่ช้า/เร็วเกินไป | F6: มีประมวลรายวิชาและแนะนำเนื้อหาวิชา | G6: มีการจัดเตรียมสื่อการเรียนการสอนและรวบรวมแหล่งอ้างอิงไว้อย่างเหมาะสม | H6: มีการจัดการเรียนการสอนเป็นไปตามประมวลรายวิชาครบถ้วนและการนำเข้าสู่บทเรียนให้ข้อมูลที่เป็นประโยชน์แก่ผู้เรียนครบถ้วน | I6: มีการส่งเสริมให้ผู้เรียนได้ฝึกทักษะการคิดได้อย่างเหมาะสมดีมาก | J6: มีการส่งเสริมให้ผู้เรียนได้ฝึกทักษะการสื่อสารได้อย่างเหมาะสมดีมาก
A7: 46210.382 | B7: bnco1042@signalschool.ac.th | C7: จ.ส.อ. พัลลภ ดวงเดือน, ส.อ. สิทธิศักดิ์ รินไธสง | D7: ลักษณะทางทหาร "ดีมาก" มีความเชื่อมั่นในตนเองเป็นแบบอย่างที่ดีแก่ผู้เรียนได้ | E7: เสียงดังฟังชัดและจังหวะการพูดไม่ช้า/เร็วเกินไป | F7: มีประมวลรายวิชาและแนะนำเนื้อหาวิชา | G7: มีการจัดเตรียมสื่อการเรียนการสอนและรวบรวมแหล่งอ้างอิงไว้อย่างเหมาะสม | H7: มีการจัดการเรียนการสอนเป็นไปตามประมวลรายวิชาครบถ้วนและการนำเข้าสู่บทเรียนให้ข้อมูลที่เป็นประโยชน์แก่ผู้เรียนครบถ้วน | I7: มีการส่งเสริมให้ผู้เรียนได้ฝึกทักษะการคิดได้อย่างเหมาะสมดีมาก | J7: มีการส่งเสริมให้ผู้เรียนได้ฝึกทักษะการสื่อสารได้อย่างเหมาะสมดีมาก | K7: อยากฝึกและลองปฎิบัติจริงครับ
A8: 46210.382 | B8: bnco1036@signalschool.ac.th | C8: จ.ส.อ. พัลลภ ดวงเดือน, ส.อ. สิทธิศักดิ์ รินไธสง | D8: ลักษณะทางทหาร "ดีมาก" มีความเชื่อมั่นในตนเองเป็นแบบอย่างที่ดีแก่ผู้เรียนได้ | E8: เสียงดังฟังชัดและจังหวะการพูดไม่ช้า/เร็วเกินไป | F8: มีประมวลรายวิชาและแนะนำเนื้อหาวิชา | G8: มีการจัดเตรียมสื่อการเรียนการสอนและรวบรวมแหล่งอ้างอิงไว้อย่างเหมาะสม | H8: มีการจัดการเรียนการสอนเป็นไปตามประมวลรายวิชาครบถ้วนและการนำเข้าสู่บทเรียนให้ข้อมูลที่เป็นประโยชน์แก่ผู้เรียนครบถ้วน | I8: มีการส่งเสริมให้ผู้เรียนได้ฝึกทักษะการคิดได้อย่างเหมาะสมดีมาก | J8: มีการส่งเสริมให้ผู้เรียนได้ฝึกทักษะการสื่อสารได้อย่างเหมาะสมดีมาก | K8: ชอบอาจารย์มากครับ สอนแบบเป็นกันเองและไม่กดดัน
A9: 46210.383 | B9: bnco1039@signalschool.ac.th | C9: จ.ส.อ. พัลลภ ดวงเดือน, ส.อ. สิทธิศักดิ์ รินไธสง | D9: ลักษณะทางทหาร "ดีมาก" มีความเชื่อมั่นในตนเองเป็นแบบอย่างที่ดีแก่ผู้เรียนได้ | E9: เสียงดังฟังชัดและจังหวะการพูดไม่ช้า/เร็วเกินไป | F9: มีประมวลรายวิชาและแนะนำเนื้อหาวิชา | G9: มีการจัดเตรียมสื่อการเรียนการสอนและรวบรวมแหล่งอ้างอิงไว้อย่างเหมาะสม | H9: มีการจัดการเรียนการสอนเป็นไปตามประมวลรายวิชาครบถ้วนและการนำเข้าสู่บทเรียนให้ข้อมูลที่เป็นประโยชน์แก่ผู้เรียนครบถ้วน | I9: มีการส่งเสริมให้ผู้เรียนได้ฝึกทักษะการคิดได้อย่างเหมาะสมดีมาก | J9: มีการส่งเสริมให้ผู้เรียนได้ฝึกทักษะการสื่อสารได้อย่างเหมาะสมดีมาก
A10: 46210.384 | B10: bnco1021@signalschool.ac.th | C10: จ.ส.อ. พัลลภ ดวงเดือน, ส.อ. สิทธิศักดิ์ รินไธสง | D10: ลักษณะทางทหาร "ดีมาก" มีความเชื่อมั่นในตนเองเป็นแบบอย่างที่ดีแก่ผู้เรียนได้ | E10: เสียงดังฟังชัดและจังหวะการพูดไม่ช้า/เร็วเกินไป | F10: มีประมวลรายวิชาและแนะนำเนื้อหาวิชา | G10: มีการจัดเตรียมสื่อการเรียนการสอนและรวบรวมแหล่งอ้างอิงไว้อย่างเหมาะสม | H10: มีการจัดการเรียนการสอนเป็นไปตามประมวลรายวิชาครบถ้วนและการนำเข้าสู่บทเรียนให้ข้อมูลที่เป็นประโยชน์แก่ผู้เรียนครบถ้วน | I10: มีการส่งเสริมให้ผู้เรียนได้ฝึกทักษะการคิดได้อย่างเหมาะสมดีมาก | J10: มีการส่งเสริมให้ผู้เรียนได้ฝึกทักษะการสื่อสารได้อย่างเหมาะสมดีมาก
A11: 46210.385 | B11: bnco1066@signalschool.ac.th | C11: จ.ส.อ. พัลลภ ดวงเดือน, ส.อ. สิทธิศักดิ์ รินไธสง | D11: ลักษณะทางทหาร "ดีมาก" มีความเชื่อมั่นในตนเองเป็นแบบอย่างที่ดีแก่ผู้เรียนได้ | E11: เสียงดังฟังชัดและจังหวะการพูดไม่ช้า/เร็วเกินไป | F11: มีประมวลรายวิชาและแนะนำเนื้อหาวิชา | G11: มีการจัดเตรียมสื่อการเรียนการสอนและรวบรวมแหล่งอ้างอิงไว้อย่างเหมาะสม | H11: มีการจัดการเรียนการสอนเป็นไปตามประมวลรายวิชาครบถ้วนและการนำเข้าสู่บทเรียนให้ข้อมูลที่เป็นประโยชน์แก่ผู้เรียนครบถ้วน | I11: มีการส่งเสริมให้ผู้เรียนได้ฝึกทักษะการคิดได้อย่างเหมาะสมดีมาก | J11: มีการส่งเสริมให้ผู้เรียนได้ฝึกทักษะการสื่อสารได้อย่างเหมาะสมดีมาก | K11: อาจารย์สอนมีความเข้าใจ และสามารถนำความรู้เกี่ยวกับวิชาวงจรไฟฟ้าไปประยุกต์ใช้ในชีวิตประจำวันได้
A12: 46210.386 | B12: bnco1073@signalschool.ac.th | C12: ส.อ.ธีรโชติ สีหะวงษ์ | D12: ลักษณะทางทหาร "ดีมาก" มีความเชื่อมั่นในตนเองเป็นแบบอย่างที่ดีแก่ผู้เรียนได้ | E12: เสียงดังฟังชัดและจังหวะการพูดไม่ช้า/เร็วเกินไป | F12: มีประมวลรายวิชาและแนะนำเนื้อหาวิชา | G12: มีการจัดเตรียมสื่อการเรียนการสอนและรวบรวมแหล่งอ้างอิงไว้อย่างเหมาะสม | H12: มีการจัดการเรียนการสอนเป็นไปตามประมวลรายวิชาครบถ้วนและการนำเข้าสู่บทเรียนให้ข้อมูลที่เป็นประโยชน์แก่ผู้เรียนครบถ้วน | I12: มีการส่งเสริมให้ผู้เรียนได้ฝึกทักษะการคิดได้อย่างเหมาะสมดีมาก | J12: มีการส่งเสริมให้ผู้เรียนได้ฝึกทักษะการสื่อสารได้อย่างเหมาะสมดีมาก
A13: 46210.387 | B13: bnco1078@signalschool.ac.th | C13: จ.ส.อ. พัลลภ ดวงเดือน, ส.อ. สิทธิศักดิ์ รินไธสง | D13: ลักษณะทางทหาร "ดีมาก" มีความเชื่อมั่นในตนเองเป็นแบบอย่างที่ดีแก่ผู้เรียนได้ | E13: เสียงดังฟังชัดและจังหวะการพูดไม่ช้า/เร็วเกินไป | F13: มีประมวลรายวิชาและแนะนำเนื้อหาวิชา | G13: มีการจัดเตรียมสื่อการเรียนการสอนและรวบรวมแหล่งอ้างอิงไว้อย่างเหมาะสม | H13: มีการจัดการเรียนการสอนเป็นไปตามประมวลรายวิชาครบถ้วนและการนำเข้าสู่บทเรียนให้ข้อมูลที่เป็นประโยชน์แก่ผู้เรียนครบถ้วน | I13: มีการส่งเสริมให้ผู้เรียนได้ฝึกทักษะการคิดได้อย่างเหมาะสมดีมาก | J13: มีการส่งเสริมให้ผู้เรียนได้ฝึกทักษะการสื่อสารได้อย่างเหมาะสมดีมาก
A14: 46210.388 | B14: bnco1014@signalschool.ac.th | C14: ส.อ.พงษ์พิสิทธิ์ สุธาทัศน์ | D14: ลักษณะทางทหาร "ดีมาก" มีความเชื่อมั่นในตนเองเป็นแบบอย่างที่ดีแก่ผู้เรียนได้ | E14: เสียงดังฟังชัดและจังหวะการพูดไม่ช้า/เร็วเกินไป | F14: มีประมวลรายวิชาและแนะนำเนื้อหาวิชา | G14: มีการจัดเตรียมสื่อการเรียนการสอนและรวบรวมแหล่งอ้างอิงไว้อย่างเหมาะสม | H14: มีการจัดการเรียนการสอนเป็นไปตามประมวลรายวิชาครบถ้วนและการนำเข้าสู่บทเรียนให้ข้อมูลที่เป็นประโยชน์แก่ผู้เรียนครบถ้วน | I14: มีการส่งเสริมให้ผู้เรียนได้ฝึกทักษะการคิดได้อย่างเหมาะสมดีมาก | J14: มีการส่งเสริมให้ผู้เรียนได้ฝึกทักษะการสื่อสารได้อย่างเหมาะสมดีมาก
A15: 46210.388 | B15: bnco1035@signalschool.ac.th | C15: จ.ส.อ. พัลลภ ดวงเดือน, ส.อ. สิทธิศักดิ์ ริน | D15: ลักษณะทางทหาร "ดีมาก" มีความเชื่อมั่นในตนเองเป็นแบบอย่างที่ดีแก่ผู้เรียนได้ | E15: เสียงดังฟังชัดและจังหวะการพูดไม่ช้า/เร็วเกินไป | F15: มีประมวลรายวิชาและแนะนำเนื้อหาวิชา | G15: มีการจัดเตรียมสื่อการเรียนการสอนและรวบรวมแหล่งอ้างอิงไว้อย่างเหมาะสม | H15: มีการจัดการเรียนการสอนเป็นไปตามประมวลรายวิชาครบถ้วนและการนำเข้าสู่บทเรียนให้ข้อมูลที่เป็นประโยชน์แก่ผู้เรียนครบถ้วน | I15: มีการส่งเสริมให้ผู้เรียนได้ฝึกทักษะการคิดได้อย่างเหมาะสมดีมาก | J15: มีการส่งเสริมให้ผู้เรียนได้ฝึกทักษะการสื่อสารได้อย่างเหมาะสมดีมาก
A16: 46210.388 | B16: bnco1057@signalschool.ac.th | C16: 57 | D16: ลักษณะทางทหาร "ดีมาก" มีความเชื่อมั่นในตนเองเป็นแบบอย่างที่ดีแก่ผู้เรียนได้ | E16: เสียงดังฟังชัดและจังหวะการพูดไม่ช้า/เร็วเกินไป | F16: มีประมวลรายวิชาและแนะนำเนื้อหาวิชา | G16: มีการจัดเตรียมสื่อการเรียนการสอนและรวบรวมแหล่งอ้างอิงไว้อย่างเหมาะสม | H16: มีการจัดการเรียนการสอนเป็นไปตามประมวลรายวิชาครบถ้วนและการนำเข้าสู่บทเรียนให้ข้อมูลที่เป็นประโยชน์แก่ผู้เรียนครบถ้วน | I16: มีการส่งเสริมให้ผู้เรียนได้ฝึกทักษะการคิดได้อย่างเหมาะสมดีมาก | J16: มีการส่งเสริมให้ผู้เรียนได้ฝึกทักษะการสื่อสารได้อย่างเหมาะสมดีมาก
A17: 46210.389 | B17: bnco1040@signalschool.ac.th | C17: จ.ส.อ พัลลภ ดวงเดือน | D17: ลักษณะทางทหาร "ดีมาก" มีความเชื่อมั่นในตนเองเป็นแบบอย่างที่ดีแก่ผู้เรียนได้ | E17: เสียงดังฟังชัดและจังหวะการพูดไม่ช้า/เร็วเกินไป | F17: มีประมวลรายวิชาและแนะนำเนื้อหาวิชา | G17: มีการจัดเตรียมสื่อการเรียนการสอนและรวบรวมแหล่งอ้างอิงไว้อย่างเหมาะสม | H17: มีการจัดการเรียนการสอนเป็นไปตามประมวลรายวิชาครบถ้วนและการนำเข้าสู่บทเรียนให้ข้อมูลที่เป็นประโยชน์แก่ผู้เรียนครบถ้วน | I17: มีการส่งเสริมให้ผู้เรียนได้ฝึกทักษะการคิดได้อย่างเหมาะสมดีมาก | J17: มีการส่งเสริมให้ผู้เรียนได้ฝึกทักษะการสื่อสารได้อย่างเหมาะสมดีมาก
A18: 46210.389 | B18: bnco1003@signalschool.ac.th | C18: ส.อ.ภูริทัต ศิริโชติสกล | D18: ลักษณะทางทหาร "ดีมาก" มีความเชื่อมั่นในตนเองเป็นแบบอย่างที่ดีแก่ผู้เรียนได้ | E18: เสียงดังฟังชัดและจังหวะการพูดไม่ช้า/เร็วเกินไป | F18: มีประมวลรายวิชาและแนะนำเนื้อหาวิชา | G18: มีการจัดเตรียมสื่อการเรียนการสอนและรวบรวมแหล่งอ้างอิงไว้อย่างเหมาะสม | H18: มีการจัดการเรียนการสอนเป็นไปตามประมวลรายวิชาครบถ้วนและการนำเข้าสู่บทเรียนให้ข้อมูลที่เป็นประโยชน์แก่ผู้เรียนครบถ้วน | I18: มีการส่งเสริมให้ผู้เรียนได้ฝึกทักษะการคิดได้อย่างเหมาะสมดีมาก | J18: มีการส่งเสริมให้ผู้เรียนได้ฝึกทักษะการสื่อสารได้อย่างเหมาะสมดีมาก
A19: 46210.39 | B19: bnco1008@signalschool.ac.th | C19: จ.ส.อ. พัลลภ ดวงเดือน, ส.อ. สิทธิศักดิ์ รินไธสง | D19: ลักษณะทางทหาร "ดีมาก" มีความเชื่อมั่นในตนเองเป็นแบบอย่างที่ดีแก่ผู้เรียนได้ | E19: เสียงดังฟังชัดและจังหวะการพูดไม่ช้า/เร็วเกินไป | F19: มีประมวลรายวิชาและแนะนำเนื้อหาวิชา | G19: มีการจัดเตรียมสื่อการเรียนการสอนและรวบรวมแหล่งอ้างอิงไว้อย่างเหมาะสม | H19: มีการจัดการเรียนการสอนเป็นไปตามประมวลรายวิชาครบถ้วนและการนำเข้าสู่บทเรียนให้ข้อมูลที่เป็นประโยชน์แก่ผู้เรียนครบถ้วน | I19: มีการส่งเสริมให้ผู้เรียนได้ฝึกทักษะการคิดได้อย่างเหมาะสมดีมาก | J19: มีการส่งเสริมให้ผู้เรียนได้ฝึกทักษะการสื่อสารได้อย่างเหมาะสมดีมาก
A20: 46210.39 | B20: bnco1069@signalschool.ac.th | C20: จ.ส.อ.พัลลภ ดวงเดือน | D20: ลักษณะทางทหาร "ดีมาก" มีความเชื่อมั่นในตนเองเป็นแบบอย่างที่ดีแก่ผู้เรียนได้ | E20: เสียงดังฟังชัดและจังหวะการพูดไม่ช้า/เร็วเกินไป | F20: มีประมวลรายวิชาและแนะนำเนื้อหาวิชา | G20: มีการจัดเตรียมสื่อการเรียนการสอนและรวบรวมแหล่งอ้างอิงไว้อย่างเหมาะสม | H20: มีการจัดการเรียนการสอนเป็นไปตามประมวลรายวิชาครบถ้วนและการนำเข้าสู่บทเรียนให้ข้อมูลที่เป็นประโยชน์แก่ผู้เรียนครบถ้วน | I20: มีการส่งเสริมให้ผู้เรียนได้ฝึกทักษะการคิดได้อย่างเหมาะสมดีมาก | J20: มีการส่งเสริมให้ผู้เรียนได้ฝึกทักษะการสื่อสารได้อย่างเหมาะสมดีมาก
A21: 46210.39 | B21: bnco1072@signalschool.ac.th | C21: 72 | D21: ลักษณะทางทหาร "ดีมาก" มีความเชื่อมั่นในตนเองเป็นแบบอย่างที่ดีแก่ผู้เรียนได้ | E21: เสียงดังฟังชัดและจังหวะการพูดไม่ช้า/เร็วเกินไป | F21: มีประมวลรายวิชาและแนะนำเนื้อหาวิชา | G21: มีการจัดเตรียมสื่อการเรียนการสอนและรวบรวมแหล่งอ้างอิงไว้อย่างเหมาะสม | H21: มีการจัดการเรียนการสอนเป็นไปตามประมวลรายวิชาครบถ้วนและการนำเข้าสู่บทเรียนให้ข้อมูลที่เป็นประโยชน์แก่ผู้เรียนครบถ้วน | I21: มีการส่งเสริมให้ผู้เรียนได้ฝึกทักษะการคิดได้อย่างเหมาะสมดีมาก | J21: มีการส่งเสริมให้ผู้เรียนได้ฝึกทักษะการสื่อสารได้อย่างเหมาะสมดีมาก
A22: 46210.39 | B22: bnco1015@signalschool.ac.th | C22: จ.ส.อ. พัลลภ ดวงเดือน, ส.อ. สิทธิศักดิ์ รินไธสง | D22: ลักษณะทางทหาร "ดีมาก" มีความเชื่อมั่นในตนเองเป็นแบบอย่างที่ดีแก่ผู้เรียนได้ | E22: เสียงดังฟังชัดและจังหวะการพูดไม่ช้า/เร็วเกินไป | F22: มีประมวลรายวิชาและแนะนำเนื้อหาวิชา | G22: มีการจัดเตรียมสื่อการเรียนการสอนและรวบรวมแหล่งอ้างอิงไว้อย่างเหมาะสม | H22: มีการจัดการเรียนการสอนเป็นไปตามประมวลรายวิชาครบถ้วนและการนำเข้าสู่บทเรียนให้ข้อมูลที่เป็นประโยชน์แก่ผู้เรียนครบถ้วน | I22: มีการส่งเสริมให้ผู้เรียนได้ฝึกทักษะการคิดได้อย่างเหมาะสมดีมาก | J22: มีการส่งเสริมให้ผู้เรียนได้ฝึกทักษะการสื่อสารได้อย่างเหมาะสมดีมาก
A23: 46210.39 | B23: bnco1018@signalschool.ac.th | C23: จ.ส.อ. พัลลภ ดวงเดือน | D23: ลักษณะทางทหาร "ดีมาก" มีความเชื่อมั่นในตนเองเป็นแบบอย่างที่ดีแก่ผู้เรียนได้ | E23: เสียงดังฟังชัดและจังหวะการพูดไม่ช้า/เร็วเกินไป | F23: มีประมวลรายวิชาและแนะนำเนื้อหาวิชา | G23: มีการจัดเตรียมสื่อการเรียนการสอนและรวบรวมแหล่งอ้างอิงไว้อย่างเหมาะสม | H23: มีการจัดการเรียนการสอนเป็นไปตามประมวลรายวิชาครบถ้วนและการนำเข้าสู่บทเรียนให้ข้อมูลที่เป็นประโยชน์แก่ผู้เรียนครบถ้วน | I23: มีการส่งเสริมให้ผู้เรียนได้ฝึกทักษะการคิดได้อย่างเหมาะสมดีมาก | J23: มีการส่งเสริมให้ผู้เรียนได้ฝึกทักษะการสื่อสารได้อย่างเหมาะสมดีมาก
A24: 46210.391 | B24: bnco1060@signalschool.ac.th | C24: ส.อ.ธนวัฒน์ เนียมชาวนา | D24: ลักษณะทางทหาร "ดีมาก" มีความเชื่อมั่นในตนเองเป็นแบบอย่างที่ดีแก่ผู้เรียนได้ | E24: เสียงดังฟังชัดและจังหวะการพูดไม่ช้า/เร็วเกินไป | F24: มีประมวลรายวิชาและแนะนำเนื้อหาวิชา | G24: มีการจัดเตรียมสื่อการเรียนการสอนและรวบรวมแหล่งอ้างอิงไว้อย่างเหมาะสม | H24: มีการจัดการเรียนการสอนเป็นไปตามประมวลรายวิชาครบถ้วนและการนำเข้าสู่บทเรียนให้ข้อมูลที่เป็นประโยชน์แก่ผู้เรียนครบถ้วน | I24: มีการส่งเสริมให้ผู้เรียนได้ฝึกทักษะการคิดได้อย่างเหมาะสมดีมาก | J24: มีการส่งเสริมให้ผู้เรียนได้ฝึกทักษะการสื่อสารได้อย่างเหมาะสมดีมาก | K24: มีประโยชน์ต่อการใช้ชีวิตประจำวัน และมีประโยชน์ต่อการปฏิบัติงาน
A25: 46210.391 | B25: bnco1061@signalschool.ac.th | C25: จ.ส.อ.พัลลภ ดวงเดือน | D25: ลักษณะทางทหาร "ดีมาก" มีความเชื่อมั่นในตนเองเป็นแบบอย่างที่ดีแก่ผู้เรียนได้ | E25: เสียงดังฟังชัดและจังหวะการพูดไม่ช้า/เร็วเกินไป | F25: มีประมวลรายวิชาและแนะนำเนื้อหาวิชา | G25: มีการจัดเตรียมสื่อการเรียนการสอนและรวบรวมแหล่งอ้างอิงไว้อย่างเหมาะสม | H25: มีการจัดการเรียนการสอนเป็นไปตามประมวลรายวิชาครบถ้วนและการนำเข้าสู่บทเรียนให้ข้อมูลที่เป็นประโยชน์แก่ผู้เรียนครบถ้วน | I25: มีการส่งเสริมให้ผู้เรียนได้ฝึกทักษะการคิดได้อย่างเหมาะสมดีมาก | J25: มีการส่งเสริมให้ผู้เรียนได้ฝึกทักษะการสื่อสารได้อย่างเหมาะสมดีมาก | K25: อาจารย์มีควาทเป็นกันเองกับนักเรียนมาก สอนเข้าใจและสามารถนำไปปฎิบัติได้จริงครับ
A26: 46210.391 | B26: bnco1038@signalschool.ac.th | C26: จ.ส.อ.พัลลภ ดวงเดือน | D26: ลักษณะทางทหาร "ดีมาก" มีความเชื่อมั่นในตนเองเป็นแบบอย่างที่ดีแก่ผู้เรียนได้ | E26: เสียงดังฟังชัดและจังหวะการพูดไม่ช้า/เร็วเกินไป | F26: มีประมวลรายวิชาและแนะนำเนื้อหาวิชา | G26: มีการจัดเตรียมสื่อการเรียนการสอนและรวบรวมแหล่งอ้างอิงไว้อย่างเหมาะสม | H26: มีการจัดการเรียนการสอนเป็นไปตามประมวลรายวิชาครบถ้วนและการนำเข้าสู่บทเรียนให้ข้อมูลที่เป็นประโยชน์แก่ผู้เรียนครบถ้วน | I26: มีการส่งเสริมให้ผู้เรียนได้ฝึกทักษะการคิดได้อย่างเหมาะสมดีมาก | J26: มีการส่งเสริมให้ผู้เรียนได้ฝึกทักษะการสื่อสารได้อย่างเหมาะสมดีมาก | K26: อาจารย์สอนเข้าใจง่าย
A27: 46210.391 | B27: bnco1006@signalschool.ac.th | C27: จ.ส.อ. พัลลภ ดวงเดือน, ส.อ. สิทธิศักดิ์ รินไธสง | D27: ลักษณะทางทหาร "ดีมาก" มีความเชื่อมั่นในตนเองเป็นแบบอย่างที่ดีแก่ผู้เรียนได้ | E27: เสียงดังฟังชัดและจังหวะการพูดไม่ช้า/เร็วเกินไป | F27: มีประมวลรายวิชาและแนะนำเนื้อหาวิชา | G27: มีการจัดเตรียมสื่อการเรียนการสอนและรวบรวมแหล่งอ้างอิงไว้อย่างเหมาะสม | H27: มีการจัดการเรียนการสอนเป็นไปตามประมวลรายวิชาครบถ้วนและการนำเข้าสู่บทเรียนให้ข้อมูลที่เป็นประโยชน์แก่ผู้เรียนครบถ้วน | I27: มีการส่งเสริมให้ผู้เรียนได้ฝึกทักษะการคิดได้อย่างเหมาะสมดีมาก | J27: มีการส่งเสริมให้ผู้เรียนได้ฝึกทักษะการสื่อสารได้อย่างเหมาะสมดีมาก | K27: อาจารย์สอนสนุกเข้าใจง่ายครับ
A28: 46210.391 | B28: bnco1017@signalschool.ac.th | C28: จ.ส.อ. พัลลภ ดวงเดือน, ส.อ. สิทธิศักดิ์ รินไธสง | D28: ลักษณะทางทหาร "ดีมาก" มีความเชื่อมั่นในตนเองเป็นแบบอย่างที่ดีแก่ผู้เรียนได้ | E28: เสียงดังฟังชัดและจังหวะการพูดไม่ช้า/เร็วเกินไป | F28: มีประมวลรายวิชาและแนะนำเนื้อหาวิชา | G28: มีการจัดเตรียมสื่อการเรียนการสอนและรวบรวมแหล่งอ้างอิงไว้อย่างเหมาะสม | H28: มีการจัดการเรียนการสอนเป็นไปตามประมวลรายวิชาครบถ้วนและการนำเข้าสู่บทเรียนให้ข้อมูลที่เป็นประโยชน์แก่ผู้เรียนครบถ้วน | I28: มีการส่งเสริมให้ผู้เรียนได้ฝึกทักษะการคิดได้อย่างเหมาะสมดีมาก | J28: มีการส่งเสริมให้ผู้เรียนได้ฝึกทักษะการสื่อสารได้อย่างเหมาะสมดีมาก
A29: 46210.391 | B29: bnco1020@signalschool.ac.th | C29: จ.ส.อ พัลลภ ดวงเดือน | D29: ลักษณะทางทหาร "มีความเหมาะสม" มีความเชื่อมั่นในตนเองปานกลาง | E29: เสียงดังฟังชัดและจังหวะการพูดไม่ช้า/เร็วเกินไป | F29: มีประมวลรายวิชาและแนะนำเนื้อหาวิชา | G29: มีการจัดเตรียมสื่อการเรียนการสอนและรวบรวมแหล่งอ้างอิงไว้อย่างเหมาะสม | H29: มีการจัดการเรียนการสอนเป็นไปตามประมวลรายวิชาครบถ้วนและการนำเข้าสู่บทเรียนให้ข้อมูลที่เป็นประโยชน์แก่ผู้เรียนครบถ้วน | I29: มีการส่งเสริมให้ผู้เรียนได้ฝึกทักษะการคิดได้อย่างเหมาะสมดีมาก | J29: มีการส่งเสริมให้ผู้เรียนได้ฝึกทักษะการสื่อสารได้อย่างเหมาะสมดีมาก
A30: 46210.392 | B30: bnco1052@signalschool.ac.th | C30: จ.ส.อ. พัลลภ ดวงเดือน, ส.อ. สิทธิศักดิ์ รินไธสง | D30: ลักษณะทางทหาร "ดีมาก" มีความเชื่อมั่นในตนเองเป็นแบบอย่างที่ดีแก่ผู้เรียนได้ | E30: เสียงดังฟังชัดและจังหวะการพูดไม่ช้า/เร็วเกินไป | F30: มีประมวลรายวิชาและแนะนำเนื้อหาวิชา | G30: มีการจัดเตรียมสื่อการเรียนการสอนและรวบรวมแหล่งอ้างอิงไว้อย่างเหมาะสม | H30: มีการจัดการเรียนการสอนเป็นไปตามประมวลรายวิชาครบถ้วนและการนำเข้าสู่บทเรียนให้ข้อมูลที่เป็นประโยชน์แก่ผู้เรียนครบถ้วน | I30: มีการส่งเสริมให้ผู้เรียนได้ฝึกทักษะการคิดได้อย่างเหมาะสมดีมาก | J30: มีการส่งเสริมให้ผู้เรียนได้ฝึกทักษะการสื่อสารได้อย่างเหมาะสมดีมาก
A31: 46210.392 | B31: bnco1026@signalschool.ac.th | C31: จ.ส.อ. พัลลภ ดวงเดือน | D31: ลักษณะทางทหาร "ดีมาก" มีความเชื่อมั่นในตนเองเป็นแบบอย่างที่ดีแก่ผู้เรียนได้ | E31: เสียงดังฟังชัดและจังหวะการพูดไม่ช้า/เร็วเกินไป | F31: มีประมวลรายวิชาและแนะนำเนื้อหาวิชา | G31: มีการจัดเตรียมสื่อการเรียนการสอนและรวบรวมแหล่งอ้างอิงไว้อย่างเหมาะสม | H31: มีการจัดการเรียนการสอนเป็นไปตามประมวลรายวิชาครบถ้วนและการนำเข้าสู่บทเรียนให้ข้อมูลที่เป็นประโยชน์แก่ผู้เรียนครบถ้วน | I31: มีการส่งเสริมให้ผู้เรียนได้ฝึกทักษะการคิดได้อย่างเหมาะสม | J31: มีการส่งเสริมให้ผู้เรียนได้ฝึกทักษะการสื่อสารได้อย่างเหมาะสม | K31: อาจารย์สอนดีครับ
A32: 46210.392 | B32: bnco1068@signalschool.ac.th | C32: จ.ส.อ. พัลลภ ดวงเดือน, ส.อ. สิทธิศักดิ์ รินไธสง | D32: ลักษณะทางทหาร "ดีมาก" มีความเชื่อมั่นในตนเองเป็นแบบอย่างที่ดีแก่ผู้เรียนได้ | E32: เสียงดังฟังชัดและจังหวะการพูดไม่ช้า/เร็วเกินไป | F32: มีประมวลรายวิชาและแนะนำเนื้อหาวิชา | G32: มีการจัดเตรียมสื่อการเรียนการสอนและรวบรวมแหล่งอ้างอิงไว้อย่างเหมาะสม | H32: มีการจัดการเรียนการสอนเป็นไปตามประมวลรายวิชาครบถ้วนและการนำเข้าสู่บทเรียนให้ข้อมูลที่เป็นประโยชน์แก่ผู้เรียนครบถ้วน | I32: มีการส่งเสริมให้ผู้เรียนได้ฝึกทักษะการคิดได้อย่างเหมาะสมดีมาก | J32: มีการส่งเสริมให้ผู้เรียนได้ฝึกทักษะการสื่อสารได้อย่างเหมาะสม
A33: 46210.392 | B33: bnco1049@signalschool.ac.th | C33: จ.ส.อ. พัลลภ ดวงเดือน, ส.อ. สิทธิศักดิ์ รินไธสง | D33: ลักษณะทางทหาร "ดีมาก" มีความเชื่อมั่นในตนเองเป็นแบบอย่างที่ดีแก่ผู้เรียนได้ | E33: เสียงดังฟังชัดและจังหวะการพูดไม่ช้า/เร็วเกินไป | F33: มีประมวลรายวิชาและแนะนำเนื้อหาวิชา | G33: มีการจัดเตรียมสื่อการเรียนการสอนและรวบรวมแหล่งอ้างอิงไว้อย่างเหมาะสม | H33: มีการจัดการเรียนการสอนเป็นไปตามประมวลรายวิชาครบถ้วนและการนำเข้าสู่บทเรียนให้ข้อมูลที่เป็นประโยชน์แก่ผู้เรียนครบถ้วน | I33: มีการส่งเสริมให้ผู้เรียนได้ฝึกทักษะการคิดได้อย่างเหมาะสมดีมาก | J33: มีการส่งเสริมให้ผู้เรียนได้ฝึกทักษะการสื่อสารได้อย่างเหมาะสมดีมาก | K33: ดีมากครับ
A34: 46210.392 | B34: bnco1062@signalschool.ac.th | C34: จ.ส.อ. พัลลภ ดวงเดือน | D34: ลักษณะทางทหาร "ดีมาก" มีความเชื่อมั่นในตนเองเป็นแบบอย่างที่ดีแก่ผู้เรียนได้ | E34: เสียงดังฟังชัดและจังหวะการพูดไม่ช้า/เร็วเกินไป | F34: มีประมวลรายวิชาและแนะนำเนื้อหาวิชา | G34: มีการจัดเตรียมสื่อการเรียนการสอนและรวบรวมแหล่งอ้างอิงไว้อย่างเหมาะสม | H34: มีการจัดการเรียนการสอนเป็นไปตามประมวลรายวิชาครบถ้วนและการนำเข้าสู่บทเรียนให้ข้อมูลที่เป็นประโยชน์แก่ผู้เรียนครบถ้วน | I34: มีการส่งเสริมให้ผู้เรียนได้ฝึกทักษะการคิดได้อย่างเหมาะสม | J34: มีการส่งเสริมให้ผู้เรียนได้ฝึกทักษะการสื่อสารได้อย่างเหมาะสม
A35: 46210.392 | B35: bnco1055@signalschool.ac.th | C35: จ.ส.อ. พัลลภ ดวงเดือน | D35: ลักษณะทางทหาร "ดีมาก" มีความเชื่อมั่นในตนเองเป็นแบบอย่างที่ดีแก่ผู้เรียนได้ | E35: เสียงดังฟังชัดและจังหวะการพูดไม่ช้า/เร็วเกินไป | F35: มีประมวลรายวิชาและแนะนำเนื้อหาวิชา | G35: มีการจัดเตรียมสื่อการเรียนการสอนและรวบรวมแหล่งอ้างอิงไว้อย่างเหมาะสม | H35: มีการจัดการเรียนการสอนเป็นไปตามประมวลรายวิชาครบถ้วนและการนำเข้าสู่บทเรียนให้ข้อมูลที่เป็นประโยชน์แก่ผู้เรียนครบถ้วน | I35: มีการส่งเสริมให้ผู้เรียนได้ฝึกทักษะการคิดได้อย่างเหมาะสมดีมาก | J35: มีการส่งเสริมให้ผู้เรียนได้ฝึกทักษะการสื่อสารได้อย่างเหมาะสมดีมาก
A36: 46210.392 | B36: bnco1031@signalschool.ac.th | C36: จ.ส.อ. พัลลภ ดวงเดือน, ส.อ. สิทธิศักดิ์ รินไธสง | D36: ลักษณะทางทหาร "ดีมาก" มีความเชื่อมั่นในตนเองเป็นแบบอย่างที่ดีแก่ผู้เรียนได้ | E36: เสียงดังฟังชัดและจังหวะการพูดไม่ช้า/เร็วเกินไป | F36: มีประมวลรายวิชาและแนะนำเนื้อหาวิชา | G36: มีการจัดเตรียมสื่อการเรียนการสอนและรวบรวมแหล่งอ้างอิงไว้อย่างเหมาะสม | H36: มีการจัดการเรียนการสอนเป็นไปตามประมวลรายวิชาครบถ้วนและการนำเข้าสู่บทเรียนให้ข้อมูลที่เป็นประโยชน์แก่ผู้เรียนครบถ้วน | I36: มีการส่งเสริมให้ผู้เรียนได้ฝึกทักษะการคิดได้อย่างเหมาะสม | J36: มีการส่งเสริมให้ผู้เรียนได้ฝึกทักษะการสื่อสารได้อย่างเหมาะสม
A37: 46210.393 | B37: bnco1032@signalschool.ac.th | C37: จ.ส.อ.พัลลภ ดวงเดือน | D37: ลักษณะทางทหาร "ดีมาก" มีความเชื่อมั่นในตนเองเป็นแบบอย่างที่ดีแก่ผู้เรียนได้ | E37: เสียงดังฟังชัดและจังหวะการพูดไม่ช้า/เร็วเกินไป | F37: มีประมวลรายวิชาและแนะนำเนื้อหาวิชา | G37: มีการจัดเตรียมสื่อการเรียนการสอนและรวบรวมแหล่งอ้างอิงไว้อย่างเหมาะสม | H37: มีการจัดการเรียนการสอนเป็นไปตามประมวลรายวิชาครบถ้วนและการนำเข้าสู่บทเรียนให้ข้อมูลที่เป็นประโยชน์แก่ผู้เรียนครบถ้วน | I37: มีการส่งเสริมให้ผู้เรียนได้ฝึกทักษะการคิดได้อย่างเหมาะสม | J37: มีการส่งเสริมให้ผู้เรียนได้ฝึกทักษะการสื่อสารได้อย่างเหมาะสม | K37: อาจาร์ย สอนเข้าใจง่าย ครับ
A38: 46210.393 | B38: bnco1054@signalschool.ac.th | C38: ส.อ.ณัฐพล เรืองทัพ | D38: ลักษณะทางทหาร "ดีมาก" มีความเชื่อมั่นในตนเองเป็นแบบอย่างที่ดีแก่ผู้เรียนได้ | E38: เสียงดังฟังชัดและจังหวะการพูดไม่ช้า/เร็วเกินไป | F38: มีประมวลรายวิชาและแนะนำเนื้อหาวิชา | G38: มีการจัดเตรียมสื่อการเรียนการสอนและรวบรวมแหล่งอ้างอิงไว้อย่างเหมาะสม | H38: มีการจัดการเรียนการสอนเป็นไปตามประมวลรายวิชาครบถ้วนและการนำเข้าสู่บทเรียนให้ข้อมูลที่เป็นประโยชน์แก่ผู้เรียนครบถ้วน | I38: มีการส่งเสริมให้ผู้เรียนได้ฝึกทักษะการคิดได้อย่างเหมาะสมดีมาก | J38: มีการส่งเสริมให้ผู้เรียนได้ฝึกทักษะการสื่อสารได้อย่างเหมาะสม | K38: ไม่มี
A39: 46210.393 | B39: bnco1070@signalschool.ac.th | C39: จ.ส.อ.พัลลภ ดวงเดือน อาจารย์อู๋ครับ | D39: ลักษณะทางทหาร "ดีมาก" มีความเชื่อมั่นในตนเองเป็นแบบอย่างที่ดีแก่ผู้เรียนได้ | E39: เสียงดังฟังชัดและจังหวะการพูดไม่ช้า/เร็วเกินไป | F39: มีประมวลรายวิชา "แต่ไม่มีการ" แนะนำเนื้อหาวิชา | G39: มีการจัดเตรียมสื่อการเรียนการสอนและรวบรวมแหล่งอ้างอิงไว้อย่างเหมาะสม | H39: มีการจัดการเรียนการสอนเป็นไปตามประมวลรายวิชาบางส่วน "หรือ" การนำเข้าสู่บทเรียนให้ข้อมูลที่เป็นประโยชน์แก่ผู้เรียน (อย่างใดอย่างหนึ่ง) | I39: มีการส่งเสริมให้ผู้เรียนได้ฝึกทักษะการคิดได้อย่างเหมาะสม | J39: มีการส่งเสริมให้ผู้เรียนได้ฝึกทักษะการสื่อสารได้อย่างเหมาะสมดีมาก
A40: 46210.393 | B40: bnco1071@signalschool.ac.th | C40: จ.ส.อ.พัลลภ ดวงเดือน | D40: ลักษณะทางทหาร "ดีมาก" มีความเชื่อมั่นในตนเองเป็นแบบอย่างที่ดีแก่ผู้เรียนได้ | E40: เสียงดังฟังชัดและจังหวะการพูดไม่ช้า/เร็วเกินไป | F40: มีประมวลรายวิชาและแนะนำเนื้อหาวิชา | G40: มีการจัดเตรียมสื่อการเรียนการสอนและรวบรวมแหล่งอ้างอิงไว้อย่างเหมาะสม | H40: มีการจัดการเรียนการสอนเป็นไปตามประมวลรายวิชาครบถ้วนและการนำเข้าสู่บทเรียนให้ข้อมูลที่เป็นประโยชน์แก่ผู้เรียนครบถ้วน | I40: มีการส่งเสริมให้ผู้เรียนได้ฝึกทักษะการคิดได้อย่างเหมาะสมดีมาก | J40: มีการส่งเสริมให้ผู้เรียนได้ฝึกทักษะการสื่อสารได้อย่างเหมาะสมดีมาก
A41: 46210.393 | B41: bnco1076@signalschool.ac.th | C41: จ.ส.อ. พัลลภ ดวงเดือน | D41: ลักษณะทางทหาร "ดีมาก" มีความเชื่อมั่นในตนเองเป็นแบบอย่างที่ดีแก่ผู้เรียนได้ | E41: เสียงดังฟังชัดและจังหวะการพูดไม่ช้า/เร็วเกินไป | F41: มีประมวลรายวิชาและแนะนำเนื้อหาวิชา | G41: มีการจัดเตรียมสื่อการเรียนการสอนและรวบรวมแหล่งอ้างอิงไว้อย่างเหมาะสม | H41: มีการจัดการเรียนการสอนเป็นไปตามประมวลรายวิชาครบถ้วนและการนำเข้าสู่บทเรียนให้ข้อมูลที่เป็นประโยชน์แก่ผู้เรียนครบถ้วน | I41: มีการส่งเสริมให้ผู้เรียนได้ฝึกทักษะการคิดได้อย่างเหมาะสมดีมาก | J41: มีการส่งเสริมให้ผู้เรียนได้ฝึกทักษะการสื่อสารได้อย่างเหมาะสมดีมาก
A42: 46210.394 | B42: bnco1044@signalschool.ac.th | C42: จ.ส.อ. พัลลภ ดวงเดือน | D42: ลักษณะทางทหาร "ดีมาก" มีความเชื่อมั่นในตนเองเป็นแบบอย่างที่ดีแก่ผู้เรียนได้ | E42: เสียงดังฟังชัดและจังหวะการพูดไม่ช้า/เร็วเกินไป | F42: มีประมวลรายวิชาและแนะนำเนื้อหาวิชา | G42: มีการจัดเตรียมสื่อการเรียนการสอนและรวบรวมแหล่งอ้างอิงไว้อย่างเหมาะสม | H42: มีการจัดการเรียนการสอนเป็นไปตามประมวลรายวิชาครบถ้วนและการนำเข้าสู่บทเรียนให้ข้อมูลที่เป็นประโยชน์แก่ผู้เรียนครบถ้วน | I42: มีการส่งเสริมให้ผู้เรียนได้ฝึกทักษะการคิดได้อย่างเหมาะสมดีมาก | J42: มีการส่งเสริมให้ผู้เรียนได้ฝึกทักษะการสื่อสารได้อย่างเหมาะสมดีมาก
A43: 46210.394 | B43: bnco1004@signalschool.ac.th | C43: จ.ส.อ พัลลภ ดวงเดือน , ส.อ. สิทธิศักดิ์ รืนไธสง | D43: ลักษณะทางทหาร "ดีมาก" มีความเชื่อมั่นในตนเองเป็นแบบอย่างที่ดีแก่ผู้เรียนได้ | E43: เสียงดังฟังชัดและจังหวะการพูดไม่ช้า/เร็วเกินไป | F43: มีประมวลรายวิชาและแนะนำเนื้อหาวิชา | G43: มีการจัดเตรียมสื่อการเรียนการสอนและรวบรวมแหล่งอ้างอิงไว้อย่างเหมาะสม | H43: มีการจัดการเรียนการสอนเป็นไปตามประมวลรายวิชาครบถ้วนและการนำเข้าสู่บทเรียนให้ข้อมูลที่เป็นประโยชน์แก่ผู้เรียนครบถ้วน | I43: มีการส่งเสริมให้ผู้เรียนได้ฝึกทักษะการคิดได้อย่างเหมาะสมดีมาก | J43: มีการส่งเสริมให้ผู้เรียนได้ฝึกทักษะการสื่อสารได้อย่างเหมาะสมดีมาก
A44: 46210.396 | B44: bnco1043@signalschool.ac.th | C44: จ.ส.อ. พัลลภ ดวงเดือน, ส.อ. สิทธิศักดิ์ รินไธสง | D44: ลักษณะทางทหาร "ดีมาก" มีความเชื่อมั่นในตนเองเป็นแบบอย่างที่ดีแก่ผู้เรียนได้ | E44: เสียงดังฟังชัดและจังหวะการพูดไม่ช้า/เร็วเกินไป | F44: มีประมวลรายวิชาและแนะนำเนื้อหาวิชา | G44: มีการจัดเตรียมสื่อการเรียนการสอนและรวบรวมแหล่งอ้างอิงไว้อย่างเหมาะสม | H44: มีการจัดการเรียนการสอนเป็นไปตามประมวลรายวิชาครบถ้วนและการนำเข้าสู่บทเรียนให้ข้อมูลที่เป็นประโยชน์แก่ผู้เรียนครบถ้วน | I44: มีการส่งเสริมให้ผู้เรียนได้ฝึกทักษะการคิดได้อย่างเหมาะสมดีมาก | J44: มีการส่งเสริมให้ผู้เรียนได้ฝึกทักษะการสื่อสารได้อย่างเหมาะสมดีมาก
A45: 46210.397 | B45: bnco1067@signalschool.ac.th | C45: จ.ส.อ.พัลลภ ดวงเดือน | D45: ลักษณะทางทหาร "ดีมาก" มีความเชื่อมั่นในตนเองเป็นแบบอย่างที่ดีแก่ผู้เรียนได้ | E45: เสียงดังฟังชัดและจังหวะการพูดไม่ช้า/เร็วเกินไป | F45: มีประมวลรายวิชาและแนะนำเนื้อหาวิชา | G45: มีการจัดเตรียมสื่อการเรียนการสอนและรวบรวมแหล่งอ้างอิงไว้อย่างเหมาะสม | H45: มีการจัดการเรียนการสอนเป็นไปตามประมวลรายวิชาครบถ้วนและการนำเข้าสู่บทเรียนให้ข้อมูลที่เป็นประโยชน์แก่ผู้เรียนครบถ้วน | I45: มีการส่งเสริมให้ผู้เรียนได้ฝึกทักษะการคิดได้อย่างเหมาะสมดีมาก | J45: มีการส่งเสริมให้ผู้เรียนได้ฝึกทักษะการสื่อสารได้อย่างเหมาะสมดีมาก
A46: 46210.398 | B46: bnco1010@signalschool.ac.th | C46: จ.ส.อ.พัลลภ | D46: ลักษณะทางทหาร "ดีมาก" มีความเชื่อมั่นในตนเองเป็นแบบอย่างที่ดีแก่ผู้เรียนได้ | E46: เสียงดังฟังชัดและจังหวะการพูดไม่ช้า/เร็วเกินไป | F46: มีประมวลรายวิชาและแนะนำเนื้อหาวิชา | G46: มีการจัดเตรียมสื่อการเรียนการสอนและรวบรวมแหล่งอ้างอิงไว้อย่างเหมาะสม | H46: มีการจัดการเรียนการสอนเป็นไปตามประมวลรายวิชาครบถ้วนและการนำเข้าสู่บทเรียนให้ข้อมูลที่เป็นประโยชน์แก่ผู้เรียนครบถ้วน | I46: มีการส่งเสริมให้ผู้เรียนได้ฝึกทักษะการคิดได้อย่างเหมาะสมดีมาก | J46: มีการส่งเสริมให้ผู้เรียนได้ฝึกทักษะการสื่อสารได้อย่างเหมาะสมดีมาก
A47: 46210.398 | B47: bnco1030@signalschool.ac.th | C47: จ.ส.อ. พัลลภ ดวงเดือน | D47: ลักษณะทางทหาร "ดีมาก" มีความเชื่อมั่นในตนเองเป็นแบบอย่างที่ดีแก่ผู้เรียนได้ | E47: เสียงดังฟังชัดและจังหวะการพูดไม่ช้า/เร็วเกินไป | F47: มีประมวลรายวิชาและแนะนำเนื้อหาวิชา | G47: มีการจัดเตรียมสื่อการเรียนการสอนและรวบรวมแหล่งอ้างอิงไว้อย่างเหมาะสม | H47: มีการจัดการเรียนการสอนเป็นไปตามประมวลรายวิชาครบถ้วนและการนำเข้าสู่บทเรียนให้ข้อมูลที่เป็นประโยชน์แก่ผู้เรียนครบถ้วน | I47: มีการส่งเสริมให้ผู้เรียนได้ฝึกทักษะการคิดได้อย่างเหมาะสมดีมาก | J47: มีการส่งเสริมให้ผู้เรียนได้ฝึกทักษะการสื่อสารได้อย่างเหมาะสมดีมาก
A48: 46210.398 | B48: bnco1009@signalschool.ac.th | C48: จ.ส.อ.พัลลพ ดวงเดือน | D48: ลักษณะทางทหาร "ดีมาก" มีความเชื่อมั่นในตนเองเป็นแบบอย่างที่ดีแก่ผู้เรียนได้ | E48: เสียงดังฟังชัดและจังหวะการพูดไม่ช้า/เร็วเกินไป | F48: มีประมวลรายวิชาและแนะนำเนื้อหาวิชา | G48: มีการจัดเตรียมสื่อการเรียนการสอนและรวบรวมแหล่งอ้างอิงไว้อย่างเหมาะสม | H48: มีการจัดการเรียนการสอนเป็นไปตามประมวลรายวิชาครบถ้วนและการนำเข้าสู่บทเรียนให้ข้อมูลที่เป็นประโยชน์แก่ผู้เรียนครบถ้วน | I48: มีการส่งเสริมให้ผู้เรียนได้ฝึกทักษะการคิดได้อย่างเหมาะสมดีมาก | J48: มีการส่งเสริมให้ผู้เรียนได้ฝึกทักษะการสื่อสารได้อย่างเหมาะสมดีมาก
A49: 46210.399 | B49: bnco1034@signalschool.ac.th | C49: ส.อ.ภัคณวัตร ฮวดประสิทธิ์ | D49: ลักษณะทางทหาร "ดีมาก" มีความเชื่อมั่นในตนเองเป็นแบบอย่างที่ดีแก่ผู้เรียนได้ | E49: เสียงดังฟังชัดและจังหวะการพูดไม่ช้า/เร็วเกินไป | F49: มีประมวลรายวิชาและแนะนำเนื้อหาวิชา | G49: มีการจัดเตรียมสื่อการเรียนการสอนและรวบรวมแหล่งอ้างอิงไว้อย่างเหมาะสม | H49: มีการจัดการเรียนการสอนเป็นไปตามประมวลรายวิชาครบถ้วนและการนำเข้าสู่บทเรียนให้ข้อมูลที่เป็นประโยชน์แก่ผู้เรียนครบถ้วน | I49: มีการส่งเสริมให้ผู้เรียนได้ฝึกทักษะการคิดได้อย่างเหมาะสม | J49: มีการส่งเสริมให้ผู้เรียนได้ฝึกทักษะการสื่อสารได้อย่างเหมาะสม
A50: 46210.399 | B50: bnco1005@signalschool.ac.th | C50: จ.ส.อ.พัลลภ ดวงเดือน | D50: ลักษณะทางทหาร "ดีมาก" มีความเชื่อมั่นในตนเองเป็นแบบอย่างที่ดีแก่ผู้เรียนได้ | E50: เสียงดังฟังชัดและจังหวะการพูดไม่ช้า/เร็วเกินไป | F50: มีประมวลรายวิชาและแนะนำเนื้อหาวิชา | G50: มีการจัดเตรียมสื่อการเรียนการสอนและรวบรวมแหล่งอ้างอิงไว้อย่างเหมาะสม | H50: มีการจัดการเรียนการสอนเป็นไปตามประมวลรายวิชาครบถ้วนและการนำเข้าสู่บทเรียนให้ข้อมูลที่เป็นประโยชน์แก่ผู้เรียนครบถ้วน | I50: มีการส่งเสริมให้ผู้เรียนได้ฝึกทักษะการคิดได้อย่างเหมาะสมดีมาก | J50: มีการส่งเสริมให้ผู้เรียนได้ฝึกทักษะการสื่อสารได้อย่างเหมาะสมดีมาก | K50: อาจารย์สอนดีมากค่าา ให้นักเรียนได้ฝึกทักษะการคิดได้อย่างเหมาะสมดีมาก
A51: 46210.399 | B51: bnco1041@signalschool.ac.th | C51: จ.ส.อ.พัลลภ ดวงเดือน , ส.อ. สิทธิศักด์ รินไธสง | D51: ลักษณะทางทหาร "ดีมาก" มีความเชื่อมั่นในตนเองเป็นแบบอย่างที่ดีแก่ผู้เรียนได้ | E51: เสียงดังฟังชัดและจังหวะการพูดไม่ช้า/เร็วเกินไป | F51: มีประมวลรายวิชาและแนะนำเนื้อหาวิชา | G51: มีการจัดเตรียมสื่อการเรียนการสอนและรวบรวมแหล่งอ้างอิงไว้อย่างเหมาะสม | H51: มีการจัดการเรียนการสอนเป็นไปตามประมวลรายวิชาครบถ้วนและการนำเข้าสู่บทเรียนให้ข้อมูลที่เป็นประโยชน์แก่ผู้เรียนครบถ้วน | I51: มีการส่งเสริมให้ผู้เรียนได้ฝึกทักษะการคิดได้อย่างเหมาะสมดีมาก | J51: มีการส่งเสริมให้ผู้เรียนได้ฝึกทักษะการสื่อสารได้อย่างเหมาะสมดีมาก | K51: อาจารย์สอนดีมากครับ ยกตัวอย่างเปรียบเทียบได้ชัดเจนครับ ขอบคุณมากๆครับาำหรับความรู้ที่มอบให้
A52: 46210.401 | B52: bnco1023@signalschool.ac.th | C52: 23 ส.อ.วีรภัทร ป้อมบุญมี | D52: ลักษณะทางทหาร "ดีมาก" มีความเชื่อมั่นในตนเองเป็นแบบอย่างที่ดีแก่ผู้เรียนได้ | E52: เสียงดังฟังชัดและจังหวะการพูดไม่ช้า/เร็วเกินไป | F52: มีประมวลรายวิชาและแนะนำเนื้อหาวิชา | G52: มีการจัดเตรียมสื่อการเรียนการสอนและรวบรวมแหล่งอ้างอิงไว้อย่างเหมาะสม | H52: มีการจัดการเรียนการสอนเป็นไปตามประมวลรายวิชาครบถ้วนและการนำเข้าสู่บทเรียนให้ข้อมูลที่เป็นประโยชน์แก่ผู้เรียนครบถ้วน | I52: มีการส่งเสริมให้ผู้เรียนได้ฝึกทักษะการคิดได้อย่างเหมาะสมดีมาก | J52: มีการส่งเสริมให้ผู้เรียนได้ฝึกทักษะการสื่อสารได้อย่างเหมาะสมดีมาก | K52: -
A53: 46210.403 | B53: bnco1022@signalschool.ac.th | C53: จ.ส.อ.พัลลภ ดวงเดือน ส.อ.สิทธิศักดิ์ รินไธสง | D53: ลักษณะทางทหาร "ดีมาก" มีความเชื่อมั่นในตนเองเป็นแบบอย่างที่ดีแก่ผู้เรียนได้ | E53: เสียงดังฟังชัดและจังหวะการพูดไม่ช้า/เร็วเกินไป | F53: มีประมวลรายวิชาและแนะนำเนื้อหาวิชา | G53: มีการจัดเตรียมสื่อการเรียนการสอนและรวบรวมแหล่งอ้างอิงไว้อย่างเหมาะสม | H53: มีการจัดการเรียนการสอนเป็นไปตามประมวลรายวิชาครบถ้วนและการนำเข้าสู่บทเรียนให้ข้อมูลที่เป็นประโยชน์แก่ผู้เรียนครบถ้วน | I53: มีการส่งเสริมให้ผู้เรียนได้ฝึกทักษะการคิดได้อย่างเหมาะสมดีมาก | J53: มีการส่งเสริมให้ผู้เรียนได้ฝึกทักษะการสื่อสารได้อย่างเหมาะสมดีมาก | K53: อาจาร์ใจดีครับ
A54: 46210.404 | B54: bnco1080@signalschool.ac.th | C54: จ.ส.อ.พัลลภ ดวงเดือน, ส.อ.สิทธิศักดิ์ รินไธสง | D54: ลักษณะทางทหาร "ดีมาก" มีความเชื่อมั่นในตนเองเป็นแบบอย่างที่ดีแก่ผู้เรียนได้ | E54: เสียงดังฟังชัดและจังหวะการพูดไม่ช้า/เร็วเกินไป | F54: มีประมวลรายวิชาและแนะนำเนื้อหาวิชา | G54: มีการจัดเตรียมสื่อการเรียนการสอนและรวบรวมแหล่งอ้างอิงไว้อย่างเหมาะสม | H54: มีการจัดการเรียนการสอนเป็นไปตามประมวลรายวิชาครบถ้วนและการนำเข้าสู่บทเรียนให้ข้อมูลที่เป็นประโยชน์แก่ผู้เรียนครบถ้วน | I54: มีการส่งเสริมให้ผู้เรียนได้ฝึกทักษะการคิดได้อย่างเหมาะสมดีมาก | J54: มีการส่งเสริมให้ผู้เรียนได้ฝึกทักษะการสื่อสารได้อย่างเหมาะสมดีมาก
A55: 46210.405 | B55: bnco1012@signalschool.ac.th | C55: จ.ส.อ.พัลลภ ดวงเดือน ,ส.อ.สิทธิศักดิ์ รินไธสง | D55: ลักษณะทางทหาร "ดีมาก" มีความเชื่อมั่นในตนเองเป็นแบบอย่างที่ดีแก่ผู้เรียนได้ | E55: เสียงดังฟังชัดและจังหวะการพูดไม่ช้า/เร็วเกินไป | F55: มีประมวลรายวิชาและแนะนำเนื้อหาวิชา | G55: มีการจัดเตรียมสื่อการเรียนการสอนและรวบรวมแหล่งอ้างอิงไว้อย่างเหมาะสม | H55: มีการจัดการเรียนการสอนเป็นไปตามประมวลรายวิชาครบถ้วนและการนำเข้าสู่บทเรียนให้ข้อมูลที่เป็นประโยชน์แก่ผู้เรียนครบถ้วน | I55: มีการส่งเสริมให้ผู้เรียนได้ฝึกทักษะการคิดได้อย่างเหมาะสมดีมาก | J55: มีการส่งเสริมให้ผู้เรียนได้ฝึกทักษะการสื่อสารได้อย่างเหมาะสมดีมาก | K55: เนื้อหาเหมาะสม สามารถนำความรู้ไปปรับใช้ในชีวิตประจำวัน
A56: 46210.405 | B56: bnco1024@signalschool.ac.th | C56: จ.ส.อ.พัลลภ ดวงเดือน | D56: ลักษณะทางทหาร "ดีมาก" มีความเชื่อมั่นในตนเองเป็นแบบอย่างที่ดีแก่ผู้เรียนได้ | E56: เสียงดังฟังชัดและจังหวะการพูดไม่ช้า/เร็วเกินไป | F56: มีประมวลรายวิชาและแนะนำเนื้อหาวิชา | G56: มีการจัดเตรียมสื่อการเรียนการสอนและรวบรวมแหล่งอ้างอิงไว้อย่างเหมาะสม | H56: มีการจัดการเรียนการสอนเป็นไปตามประมวลรายวิชาครบถ้วนและการนำเข้าสู่บทเรียนให้ข้อมูลที่เป็นประโยชน์แก่ผู้เรียนครบถ้วน | I56: มีการส่งเสริมให้ผู้เรียนได้ฝึกทักษะการคิดได้อย่างเหมาะสมดีมาก | J56: มีการส่งเสริมให้ผู้เรียนได้ฝึกทักษะการสื่อสารได้อย่างเหมาะสมดีมาก
A57: 46210.405 | B57: bnco1065@signalschool.ac.th | C57: จ.ส.อ.พัลลภ ดวงเดือน | D57: ลักษณะทางทหาร "ดีมาก" มีความเชื่อมั่นในตนเองเป็นแบบอย่างที่ดีแก่ผู้เรียนได้ | E57: เสียงดังฟังชัดและจังหวะการพูดไม่ช้า/เร็วเกินไป | F57: มีประมวลรายวิชาและแนะนำเนื้อหาวิชา | G57: มีการจัดเตรียมสื่อการเรียนการสอนและรวบรวมแหล่งอ้างอิงไว้อย่างเหมาะสม | H57: มีการจัดการเรียนการสอนเป็นไปตามประมวลรายวิชาครบถ้วนและการนำเข้าสู่บทเรียนให้ข้อมูลที่เป็นประโยชน์แก่ผู้เรียนครบถ้วน | I57: มีการส่งเสริมให้ผู้เรียนได้ฝึกทักษะการคิดได้อย่างเหมาะสม | J57: มีการส่งเสริมให้ผู้เรียนได้ฝึกทักษะการสื่อสารได้อย่างเหมาะสม
A58: 46210.409 | B58: bnco1064@signalschool.ac.th | C58: จ.ส.อ. พัลลภ ดวงเดือน | D58: ลักษณะทางทหาร "ดีมาก" มีความเชื่อมั่นในตนเองเป็นแบบอย่างที่ดีแก่ผู้เรียนได้ | E58: เสียงดังฟังชัดและจังหวะการพูดไม่ช้า/เร็วเกินไป | F58: มีประมวลรายวิชาและแนะนำเนื้อหาวิชา | G58: มีการจัดเตรียมสื่อการเรียนการสอนและรวบรวมแหล่งอ้างอิงไว้อย่างเหมาะสม | H58: มีการจัดการเรียนการสอนเป็นไปตามประมวลรายวิชาครบถ้วนและการนำเข้าสู่บทเรียนให้ข้อมูลที่เป็นประโยชน์แก่ผู้เรียนครบถ้วน | I58: มีการส่งเสริมให้ผู้เรียนได้ฝึกทักษะการคิดได้อย่างเหมาะสมดีมาก | J58: มีการส่งเสริมให้ผู้เรียนได้ฝึกทักษะการสื่อสารได้อย่างเหมาะสมดีมาก | K58: ไม่มี
A59: 46210.413 | B59: bnco1051@signalschool.ac.th | C59: จ.ส.อ.พัลลภ ดวงเดือน | D59: ลักษณะทางทหาร "ดีมาก" มีความเชื่อมั่นในตนเองเป็นแบบอย่างที่ดีแก่ผู้เรียนได้ | E59: เสียงดังฟังชัดและจังหวะการพูดไม่ช้า/เร็วเกินไป | F59: มีประมวลรายวิชาและแนะนำเนื้อหาวิชา | G59: มีการจัดเตรียมสื่อการเรียนการสอนและรวบรวมแหล่งอ้างอิงไว้อย่างเหมาะสม | H59: มีการจัดการเรียนการสอนเป็นไปตามประมวลรายวิชาครบถ้วนและการนำเข้าสู่บทเรียนให้ข้อมูลที่เป็นประโยชน์แก่ผู้เรียนครบถ้วน | I59: มีการส่งเสริมให้ผู้เรียนได้ฝึกทักษะการคิดได้อย่างเหมาะสมดีมาก | J59: มีการส่งเสริมให้ผู้เรียนได้ฝึกทักษะการสื่อสารได้อย่างเหมาะสมดีมาก
A60: 46210.414 | B60: bnco1047@signalschool.ac.th | C60: จ.ส.อ.พัลลภ ดวงเดือน | D60: ลักษณะทางทหาร "ดีมาก" มีความเชื่อมั่นในตนเองเป็นแบบอย่างที่ดีแก่ผู้เรียนได้ | E60: เสียงดังฟังชัดและจังหวะการพูดไม่ช้า/เร็วเกินไป | F60: มีประมวลรายวิชาและแนะนำเนื้อหาวิชา | G60: มีการจัดเตรียมสื่อการเรียนการสอนและรวบรวมแหล่งอ้างอิงไว้อย่างเหมาะสม | H60: มีการจัดการเรียนการสอนเป็นไปตามประมวลรายวิชาครบถ้วนและการนำเข้าสู่บทเรียนให้ข้อมูลที่เป็นประโยชน์แก่ผู้เรียนครบถ้วน | I60: มีการส่งเสริมให้ผู้เรียนได้ฝึกทักษะการคิดได้อย่างเหมาะสมดีมาก | J60: มีการส่งเสริมให้ผู้เรียนได้ฝึกทักษะการสื่อสารได้อย่างเหมาะสมดีมาก | K60: เป็นผู้มีความรู้และความเหมาะสมกับการเป็นอาจารย์ผู้สอนอย่างมาก
A61: 46210.415 | B61: bnco1002@signalschool.ac.th | C61: จ.ส.อ.พัลลภ ดวงเดือน | D61: ลักษณะทางทหาร "ดีมาก" มีความเชื่อมั่นในตนเองเป็นแบบอย่างที่ดีแก่ผู้เรียนได้ | E61: เสียงดังฟังชัดและจังหวะการพูดไม่ช้า/เร็วเกินไป | F61: มีประมวลรายวิชาและแนะนำเนื้อหาวิชา | G61: มีการจัดเตรียมสื่อการเรียนการสอนและรวบรวมแหล่งอ้างอิงไว้อย่างเหมาะสม | H61: มีการจัดการเรียนการสอนเป็นไปตามประมวลรายวิชาครบถ้วนและการนำเข้าสู่บทเรียนให้ข้อมูลที่เป็นประโยชน์แก่ผู้เรียนครบถ้วน | I61: มีการส่งเสริมให้ผู้เรียนได้ฝึกทักษะการคิดได้อย่างเหมาะสมดีมาก | J61: มีการส่งเสริมให้ผู้เรียนได้ฝึกทักษะการสื่อสารได้อย่างเหมาะสมดีมาก | K61: อาจาร์ยสอนดีมากครับ อาจารย์สอนเข้าใจง่ายครับ
A62: 46210.418 | B62: bnco1001@signalschool.ac.th | C62: จ.ส.อ. พัลลภ ดวงเดือน, ส.อ. สิทธิศักดิ์ รินไธสง | D62: ลักษณะทางทหาร "ดีมาก" มีความเชื่อมั่นในตนเองเป็นแบบอย่างที่ดีแก่ผู้เรียนได้ | E62: เสียงดังฟังชัดและจังหวะการพูดไม่ช้า/เร็วเกินไป | F62: มีประมวลรายวิชาและแนะนำเนื้อหาวิชา | G62: มีการจัดเตรียมสื่อการเรียนการสอนและรวบรวมแหล่งอ้างอิงไว้อย่างเหมาะสม | H62: มีการจัดการเรียนการสอนเป็นไปตามประมวลรายวิชาครบถ้วนและการนำเข้าสู่บทเรียนให้ข้อมูลที่เป็นประโยชน์แก่ผู้เรียนครบถ้วน | I62: มีการส่งเสริมให้ผู้เรียนได้ฝึกทักษะการคิดได้อย่างเหมาะสมดีมาก | J62: มีการส่งเสริมให้ผู้เรียนได้ฝึกทักษะการสื่อสารได้อย่างเหมาะสมดีมาก
A63: 46210.427 | B63: bnco1016@signalschool.ac.th | C63: ส.อ.สิทธิพร กันนุฬา | D63: ลักษณะทางทหาร "ดีมาก" มีความเชื่อมั่นในตนเองเป็นแบบอย่างที่ดีแก่ผู้เรียนได้ | E63: เสียงดังฟังชัดและจังหวะการพูดไม่ช้า/เร็วเกินไป | F63: มีประมวลรายวิชาและแนะนำเนื้อหาวิชา | G63: มีการจัดเตรียมสื่อการเรียนการสอนและรวบรวมแหล่งอ้างอิงไว้อย่างเหมาะสม | H63: มีการจัดการเรียนการสอนเป็นไปตามประมวลรายวิชาครบถ้วนและการนำเข้าสู่บทเรียนให้ข้อมูลที่เป็นประโยชน์แก่ผู้เรียนครบถ้วน | I63: มีการส่งเสริมให้ผู้เรียนได้ฝึกทักษะการคิดได้อย่างเหมาะสมดีมาก | J63: มีการส่งเสริมให้ผู้เรียนได้ฝึกทักษะการสื่อสารได้อย่างเหมาะสมดีมาก
A64: 46210.427 | B64: bnco1058@signalschool.ac.th | C64: จ.ส.อ. พัลลภ ดวงเดือน | D64: ลักษณะทางทหาร "ดีมาก" มีความเชื่อมั่นในตนเองเป็นแบบอย่างที่ดีแก่ผู้เรียนได้ | E64: เสียงดังฟังชัดและจังหวะการพูดไม่ช้า/เร็วเกินไป | F64: มีประมวลรายวิชาและแนะนำเนื้อหาวิชา | G64: มีการจัดเตรียมสื่อการเรียนการสอนและรวบรวมแหล่งอ้างอิงไว้อย่างเหมาะสม | H64: มีการจัดการเรียนการสอนเป็นไปตามประมวลรายวิชาครบถ้วนและการนำเข้าสู่บทเรียนให้ข้อมูลที่เป็นประโยชน์แก่ผู้เรียนครบถ้วน | I64: มีการส่งเสริมให้ผู้เรียนได้ฝึกทักษะการคิดได้อย่างเหมาะสม | J64: มีการส่งเสริมให้ผู้เรียนได้ฝึกทักษะการสื่อสารได้อย่างเหมาะสม
A65: 46210.427 | B65: bnco1011@signalschool.ac.th | C65: จ.ส.อ.พัลลภ ดวงเดือน | D65: ลักษณะทางทหาร "มีความเหมาะสม" มีความเชื่อมั่นในตนเองปานกลาง | E65: เสียงดังฟังชัดและจังหวะการพูดไม่ช้า/เร็วเกินไป | F65: มีประมวลรายวิชาและแนะนำเนื้อหาวิชา | G65: มีการจัดเตรียมสื่อการเรียนการสอนและรวบรวมแหล่งอ้างอิงไว้อย่างเหมาะสม | H65: มีการจัดการเรียนการสอนเป็นไปตามประมวลรายวิชาครบถ้วนและการนำเข้าสู่บทเรียนให้ข้อมูลที่เป็นประโยชน์แก่ผู้เรียนครบถ้วน | I65: มีการส่งเสริมให้ผู้เรียนได้ฝึกทักษะการคิดได้อย่างเหมาะสมดีมาก | J65: มีการส่งเสริมให้ผู้เรียนได้ฝึกทักษะการสื่อสารได้อย่างเหมาะสมดีมาก | K65: -
A66: 46210.427 | B66: bnco1045@signalschool.ac.th | C66: จ.ส.อ. พัลลภ ดวงเดือน, ส.อ. สิทธิศักดิ์ รินไธสง | D66: ลักษณะทางทหาร "ดีมาก" มีความเชื่อมั่นในตนเองเป็นแบบอย่างที่ดีแก่ผู้เรียนได้ | E66: เสียงดังฟังชัดและจังหวะการพูดไม่ช้า/เร็วเกินไป | F66: มีประมวลรายวิชาและแนะนำเนื้อหาวิชา | G66: มีการจัดเตรียมสื่อการเรียนการสอนและรวบรวมแหล่งอ้างอิงไว้อย่างเหมาะสม | H66: มีการจัดการเรียนการสอนเป็นไปตามประมวลรายวิชาบางส่วน "หรือ" การนำเข้าสู่บทเรียนให้ข้อมูลที่เป็นประโยชน์แก่ผู้เรียน (อย่างใดอย่างหนึ่ง) | I66: มีการส่งเสริมให้ผู้เรียนได้ฝึกทักษะการคิดได้อย่างเหมาะสม | J66: มีการส่งเสริมให้ผู้เรียนได้ฝึกทักษะการสื่อสารได้อย่างเหมาะสมดีมาก
A67: 46210.428 | B67: bnco1074@signalschool.ac.th | C67: จ.ส.อ.พัลลภ ดวงเดือน ครับ | D67: ลักษณะทางทหาร "ดีมาก" มีความเชื่อมั่นในตนเองเป็นแบบอย่างที่ดีแก่ผู้เรียนได้ | E67: เสียงดังฟังชัดและจังหวะการพูดไม่ช้า/เร็วเกินไป | F67: มีประมวลรายวิชาและแนะนำเนื้อหาวิชา | G67: มีการจัดเตรียมสื่อการเรียนการสอนและรวบรวมแหล่งอ้างอิงไว้อย่างเหมาะสม | H67: มีการจัดการเรียนการสอนเป็นไปตามประมวลรายวิชาครบถ้วนและการนำเข้าสู่บทเรียนให้ข้อมูลที่เป็นประโยชน์แก่ผู้เรียนครบถ้วน | I67: มีการส่งเสริมให้ผู้เรียนได้ฝึกทักษะการคิดได้อย่างเหมาะสมดีมาก | J67: มีการส่งเสริมให้ผู้เรียนได้ฝึกทักษะการสื่อสารได้อย่างเหมาะสมดีมาก
A68: 46210.428 | B68: bnco1079@signalschool.ac.th | C68: จ.ส.อ. พัลลภ ดวงเดือน, ส.อ.สิทธิศักดิ์ รนไธสง | D68: ลักษณะทางทหาร "ดีมาก" มีความเชื่อมั่นในตนเองเป็นแบบอย่างที่ดีแก่ผู้เรียนได้ | E68: เสียงดังฟังชัดและจังหวะการพูดไม่ช้า/เร็วเกินไป | F68: มีประมวลรายวิชาและแนะนำเนื้อหาวิชา | G68: มีการจัดเตรียมสื่อการเรียนการสอนและรวบรวมแหล่งอ้างอิงไว้อย่างเหมาะสม | H68: มีการจัดการเรียนการสอนเป็นไปตามประมวลรายวิชาครบถ้วนและการนำเข้าสู่บทเรียนให้ข้อมูลที่เป็นประโยชน์แก่ผู้เรียนครบถ้วน | I68: มีการส่งเสริมให้ผู้เรียนได้ฝึกทักษะการคิดได้อย่างเหมาะสมดีมาก | J68: มีการส่งเสริมให้ผู้เรียนได้ฝึกทักษะการสื่อสารได้อย่างเหมาะสมดีมาก
A69: 46210.428 | B69: bnco1048@signalschool.ac.th | C69: จ.ส.อ.พัลลภ ดวงเดือน | D69: ลักษณะทางทหาร "ดีมาก" มีความเชื่อมั่นในตนเองเป็นแบบอย่างที่ดีแก่ผู้เรียนได้ | E69: เสียงดังฟังชัดและจังหวะการพูดไม่ช้า/เร็วเกินไป | F69: มีประมวลรายวิชาและแนะนำเนื้อหาวิชา | G69: มีการจัดเตรียมสื่อการเรียนการสอนและรวบรวมแหล่งอ้างอิงไว้อย่างเหมาะสม | H69: มีการจัดการเรียนการสอนเป็นไปตามประมวลรายวิชาครบถ้วนและการนำเข้าสู่บทเรียนให้ข้อมูลที่เป็นประโยชน์แก่ผู้เรียนครบถ้วน | I69: มีการส่งเสริมให้ผู้เรียนได้ฝึกทักษะการคิดได้อย่างเหมาะสมดีมาก | J69: มีการส่งเสริมให้ผู้เรียนได้ฝึกทักษะการสื่อสารได้อย่างเหมาะสมดีมาก
A70: 46210.428 | B70: bnco1007@signalschool.ac.th | C70: จ.ส.อ.พัลลภ ดวงเดือน | D70: ลักษณะทางทหาร "ดีมาก" มีความเชื่อมั่นในตนเองเป็นแบบอย่างที่ดีแก่ผู้เรียนได้ | E70: เสียงดังฟังชัดและจังหวะการพูดไม่ช้า/เร็วเกินไป | F70: มีประมวลรายวิชาและแนะนำเนื้อหาวิชา | G70: มีการจัดเตรียมสื่อการเรียนการสอนและรวบรวมแหล่งอ้างอิงไว้อย่างเหมาะสม | H70: มีการจัดการเรียนการสอนเป็นไปตามประมวลรายวิชาครบถ้วนและการนำเข้าสู่บทเรียนให้ข้อมูลที่เป็นประโยชน์แก่ผู้เรียนครบถ้วน | I70: มีการส่งเสริมให้ผู้เรียนได้ฝึกทักษะการคิดได้อย่างเหมาะสมดีมาก | J70: มีการส่งเสริมให้ผู้เรียนได้ฝึกทักษะการสื่อสารได้อย่างเหมาะสมดีมาก
A71: 46210.429 | B71: bnco1050@signalschool.ac.th | C71: จ.ส.อ.พัลลภ ดวงเดือน | D71: ลักษณะทางทหาร "ดีมาก" มีความเชื่อมั่นในตนเองเป็นแบบอย่างที่ดีแก่ผู้เรียนได้ | E71: เสียงดังฟังชัดและจังหวะการพูดไม่ช้า/เร็วเกินไป | F71: มีประมวลรายวิชาและแนะนำเนื้อหาวิชา | G71: มีการจัดเตรียมสื่อการเรียนการสอนและรวบรวมแหล่งอ้างอิงไว้อย่างเหมาะสม | H71: มีการจัดการเรียนการสอนเป็นไปตามประมวลรายวิชาครบถ้วนและการนำเข้าสู่บทเรียนให้ข้อมูลที่เป็นประโยชน์แก่ผู้เรียนครบถ้วน | I71: มีการส่งเสริมให้ผู้เรียนได้ฝึกทักษะการคิดได้อย่างเหมาะสมดีมาก | J71: มีการส่งเสริมให้ผู้เรียนได้ฝึกทักษะการสื่อสารได้อย่างเหมาะสมดีมาก
A72: 46210.43 | B72: bnco1037@signalschool.ac.th | C72: จ.ส.อ. พัลลภ ดวงเดือน, ส.อ. สิทธิศักดิ์ รินไธสง | D72: ลักษณะทางทหาร "ดีมาก" มีความเชื่อมั่นในตนเองเป็นแบบอย่างที่ดีแก่ผู้เรียนได้ | E72: เสียงดังฟังชัดและจังหวะการพูดไม่ช้า/เร็วเกินไป | F72: มีประมวลรายวิชาและแนะนำเนื้อหาวิชา | G72: มีการจัดเตรียมสื่อการเรียนการสอนและรวบรวมแหล่งอ้างอิงไว้อย่างเหมาะสม | H72: มีการจัดการเรียนการสอนเป็นไปตามประมวลรายวิชาครบถ้วนและการนำเข้าสู่บทเรียนให้ข้อมูลที่เป็นประโยชน์แก่ผู้เรียนครบถ้วน | I72: มีการส่งเสริมให้ผู้เรียนได้ฝึกทักษะการคิดได้อย่างเหมาะสมดีมาก | J72: มีการส่งเสริมให้ผู้เรียนได้ฝึกทักษะการสื่อสารได้อย่างเหมาะสมดีมาก
A73: 46210.43 | B73: bnco1019@signalschool.ac.th | C73: จ.ส.อ.ภัลลพ ดวงเดือน, ส.อ.สิทธิศักดิ์ รินไธสง | D73: ลักษณะทางทหาร "ดีมาก" มีความเชื่อมั่นในตนเองเป็นแบบอย่างที่ดีแก่ผู้เรียนได้ | E73: เสียงดังฟังชัดและจังหวะการพูดไม่ช้า/เร็วเกินไป | F73: มีประมวลรายวิชาและแนะนำเนื้อหาวิชา | G73: มีการจัดเตรียมสื่อการเรียนการสอนและรวบรวมแหล่งอ้างอิงไว้อย่างเหมาะสม | H73: มีการจัดการเรียนการสอนเป็นไปตามประมวลรายวิชาบางส่วน "หรือ" การนำเข้าสู่บทเรียนให้ข้อมูลที่เป็นประโยชน์แก่ผู้เรียน (อย่างใดอย่างหนึ่ง) | I73: มีการส่งเสริมให้ผู้เรียนได้ฝึกทักษะการคิดได้อย่างเหมาะสมดีมาก | J73: มีการส่งเสริมให้ผู้เรียนได้ฝึกทักษะการสื่อสารได้อย่างเหมาะสมดีมาก | K73: ดีมากครับ
A74: 46210.43 | B74: bnco1075@signalschool.ac.th | C74: จ.ส.อ.พัลลภ ดวงเดือน,ส.อ.สิทธิศักดิ์ รินไธสง | D74: ลักษณะทางทหาร "ดีมาก" มีความเชื่อมั่นในตนเองเป็นแบบอย่างที่ดีแก่ผู้เรียนได้ | E74: เสียงดังฟังชัดและจังหวะการพูดไม่ช้า/เร็วเกินไป | F74: มีประมวลรายวิชาและแนะนำเนื้อหาวิชา | G74: มีการจัดเตรียมสื่อการเรียนการสอนและรวบรวมแหล่งอ้างอิงไว้อย่างเหมาะสม | H74: มีการจัดการเรียนการสอนเป็นไปตามประมวลรายวิชาครบถ้วนและการนำเข้าสู่บทเรียนให้ข้อมูลที่เป็นประโยชน์แก่ผู้เรียนครบถ้วน | I74: มีการส่งเสริมให้ผู้เรียนได้ฝึกทักษะการคิดได้อย่างเหมาะสมดีมาก | J74: มีการส่งเสริมให้ผู้เรียนได้ฝึกทักษะการสื่อสารได้อย่างเหมาะสมดีมาก | K74: -
A75: 46210.432 | B75: bnco1025@signalschool.ac.th | C75: จ.ส.อ. พัลลภ ดวงเดือน, ส.อ. สิทธิศักดิ์ รินไธสง, | D75: ลักษณะทางทหาร "ดีมาก" มีความเชื่อมั่นในตนเองเป็นแบบอย่างที่ดีแก่ผู้เรียนได้ | E75: เสียงดังฟังชัดและจังหวะการพูดไม่ช้า/เร็วเกินไป | F75: มีประมวลรายวิชาและแนะนำเนื้อหาวิชา | G75: มีการจัดเตรียมสื่อการเรียนการสอนและรวบรวมแหล่งอ้างอิงไว้อย่างเหมาะสม | H75: มีการจัดการเรียนการสอนเป็นไปตามประมวลรายวิชาครบถ้วนและการนำเข้าสู่บทเรียนให้ข้อมูลที่เป็นประโยชน์แก่ผู้เรียนครบถ้วน | I75: มีการส่งเสริมให้ผู้เรียนได้ฝึกทักษะการคิดได้อย่างเหมาะสมดีมาก | J75: มีการส่งเสริมให้ผู้เรียนได้ฝึกทักษะการสื่อสารได้อย่างเหมาะสมดีมาก
A76: 46210.433 | B76: bnco1077@signalschool.ac.th | C76: จ.ส.อ. พัลลภ ดวงเดือน | D76: ลักษณะทางทหาร "ดีมาก" มีความเชื่อมั่นในตนเองเป็นแบบอย่างที่ดีแก่ผู้เรียนได้ | E76: เสียงดังฟังชัดและจังหวะการพูดไม่ช้า/เร็วเกินไป | F76: มีประมวลรายวิชาและแนะนำเนื้อหาวิชา | G76: มีการจัดเตรียมสื่อการเรียนการสอนและรวบรวมแหล่งอ้างอิงไว้อย่างเหมาะสม | H76: มีการจัดการเรียนการสอนเป็นไปตามประมวลรายวิชาครบถ้วนและการนำเข้าสู่บทเรียนให้ข้อมูลที่เป็นประโยชน์แก่ผู้เรียนครบถ้วน | I76: มีการส่งเสริมให้ผู้เรียนได้ฝึกทักษะการคิดได้อย่างเหมาะสมดีมาก | J76: มีการส่งเสริมให้ผู้เรียนได้ฝึกทักษะการสื่อสารได้อย่างเหมาะสมดีมาก
A77: 46210.436 | B77: bnco1046@signalschool.ac.th | C77: จ.ส.อ. พัลลภ ดวงเดือน, ส.อ. สิทธิศักดิ์ รินไธสง | D77: ลักษณะทางทหาร "ดีมาก" มีความเชื่อมั่นในตนเองเป็นแบบอย่างที่ดีแก่ผู้เรียนได้ | E77: เสียงดังฟังชัดและจังหวะการพูดไม่ช้า/เร็วเกินไป | F77: มีประมวลรายวิชาและแนะนำเนื้อหาวิชา | G77: มีการจัดเตรียมสื่อการเรียนการสอนและรวบรวมแหล่งอ้างอิงไว้อย่างเหมาะสม | H77: มีการจัดการเรียนการสอนเป็นไปตามประมวลรายวิชาครบถ้วนและการนำเข้าสู่บทเรียนให้ข้อมูลที่เป็นประโยชน์แก่ผู้เรียนครบถ้วน | I77: มีการส่งเสริมให้ผู้เรียนได้ฝึกทักษะการคิดได้อย่างเหมาะสมดีมาก | J77: มีการส่งเสริมให้ผู้เรียนได้ฝึกทักษะการสื่อสารได้อย่างเหมาะสมดีมาก
A78: 46210.437 | B78: bnco1027@signalschool.ac.th | C78: ส.อ.ไวยวุฒิ จิตต์นิยม | D78: ลักษณะทางทหาร "ดีมาก" มีความเชื่อมั่นในตนเองเป็นแบบอย่างที่ดีแก่ผู้เรียนได้ | E78: เสียงดังฟังชัดและจังหวะการพูดไม่ช้า/เร็วเกินไป | F78: มีประมวลรายวิชาและแนะนำเนื้อหาวิชา | G78: มีการจัดเตรียมสื่อการเรียนการสอนและรวบรวมแหล่งอ้างอิงไว้อย่างเหมาะสม | H78: มีการจัดการเรียนการสอนเป็นไปตามประมวลรายวิชาครบถ้วนและการนำเข้าสู่บทเรียนให้ข้อมูลที่เป็นประโยชน์แก่ผู้เรียนครบถ้วน | I78: มีการส่งเสริมให้ผู้เรียนได้ฝึกทักษะการคิดได้อย่างเหมาะสม | J78: มีการส่งเสริมให้ผู้เรียนได้ฝึกทักษะการสื่อสารได้อย่างเหมาะสมดีมาก
A79: 46210.437 | B79: bnco1033@signalschool.ac.th | C79: จ.ส.อ. พัลลภ ดวงเดือน, ส.อ. สิทธิ ศักดิ์ รินไธสง | D79: ลักษณะทางทหาร "ดีมาก" มีความเชื่อมั่นในตนเองเป็นแบบอย่างที่ดีแก่ผู้เรียนได้ | E79: เสียงดังฟังชัดและจังหวะการพูดไม่ช้า/เร็วเกินไป | F79: มีประมวลรายวิชาและแนะนำเนื้อหาวิชา | G79: มีการจัดเตรียมสื่อการเรียนการสอนและรวบรวมแหล่งอ้างอิงไว้อย่างเหมาะสม | H79: มีการจัดการเรียนการสอนเป็นไปตามประมวลรายวิชาครบถ้วนและการนำเข้าสู่บทเรียนให้ข้อมูลที่เป็นประโยชน์แก่ผู้เรียนครบถ้วน | I79: มีการส่งเสริมให้ผู้เรียนได้ฝึกทักษะการคิดได้อย่างเหมาะสมดีมาก | J79: มีการส่งเสริมให้ผู้เรียนได้ฝึกทักษะการสื่อสารได้อย่างเหมาะสมดีมาก | K79: อาจารย์สอนสนุกมากๆครับ
A80: 46264.874 | B80: edu.rad@signalschool.ac.th | C80: ครูอาจารย์ รร.ส.สส. | D80: ลักษณะทางทหาร "ดีมาก" มีความเชื่อมั่นในตนเองเป็นแบบอย่างที่ดีแก่ผู้เรียนได้ | E80: เสียงดังฟังชัดและจังหวะการพูดไม่ช้า/เร็วเกินไป | F80: มีประมวลรายวิชาและแนะนำเนื้อหาวิชา | G80: มีการจัดเตรียมสื่อการเรียนการสอนและรวบรวมแหล่งอ้างอิงไว้อย่างเหมาะสม | H80: มีการจัดการเรียนการสอนเป็นไปตามประมวลรายวิชาครบถ้วนและการนำเข้าสู่บทเรียนให้ข้อมูลที่เป็นประโยชน์แก่ผู้เรียนครบถ้วน | I80: มีการส่งเสริมให้ผู้เรียนได้ฝึกทักษะการคิดได้อย่างเหมาะสมดีมาก | J80: มีการส่งเสริมให้ผู้เรียนได้ฝึกทักษะการสื่อสารได้อย่างเหมาะสมดีมาก

Sheet ค่า 1.3
A1: ประทับเวลา | B1: ที่อยู่อีเมล | C1: ยศ ชื่อ-สกุล ครู-อาจารย์ผู้สอน | E1: 1. บุคลิกภาพและลักษณะท่าทางของอาจารย์ผู้สอน | F1: 2. การพูดและการใช้นํ้าเสียง | G1: 3. การเตรียมการสอน | H1: 4. การจัดเตรียมสื่อการสอน | I1: 5. การถ่ายทอดความรู้และการนำเข้าสู่บทเรียน | J1: 6. ผู้เรียนได้ฝึกทักษะการคิดวิเคราะห์ หรือการพัฒนาความคิดสร้างสรรค์จากการเรียนรายวิชานี้มากน้อยเพียงใด | K1: 7. ผู้เรียนได้ฝึกทักษะการสื่อสาร การนำเสนอ และการใช้งานเทคโนโลยีสารสนเทศจากการเรียนรายวิชานี้มากน้อยเพียงใด | M1: ตรวจสอบผู้เข้าประเมิน
A2: ='1.3'!A:A -> 46210.379 | B2: ='1.3'!B:B -> bnco1013@signalschool.ac.th | C2: ='1.3'!C:C -> จ.ส.อ. พัลลภ ดวงเดือน, ส.อ. สิทธิศักดิ์ รินไธสง | D2: 1 | E2: =IFERROR(vlookup('1.3'!D:D,lookup!$A$2:$B$4,2,false),0) -> 5 | F2: =IFERROR(vlookup('1.3'!E:E,lookup!$A$6:$B$8,2,false),0) -> 5 | G2: =IFERROR(vlookup('1.3'!F:F,lookup!$A$10:$B$12,2,false),0) -> 5 | H2: =IFERROR(vlookup('1.3'!G:G,lookup!$A$14:$B$16,2,false),0) -> 5 | I2: =IFERROR(vlookup('1.3'!H:H,lookup!$A$18:$B$20,2,false),0) -> 5 | J2: =IFERROR(vlookup('1.3'!I:I,lookup!$A$22:$B$24,2,false),0) -> 5 | K2: =IFERROR(vlookup('1.3'!J:J,lookup!$A$26:$B$28,2,false),0) -> 5 | M2: 1 | N2: =CONCAT(R2,"@signalschool.ac.th") -> bnco1001@signalschool.ac.th | O2: =IFERROR(VLOOKUP(N2,B$2:D$81,3,FALSE),0) -> 1 | R2: bnco1001
A3: ='1.3'!A:A -> 46210.38 | B3: ='1.3'!B:B -> bnco1059@signalschool.ac.th | C3: ='1.3'!C:C -> จ.ส.อ. พัลลภ ดวงเดือน | D3: 1 | E3: =IFERROR(vlookup('1.3'!D:D,lookup!$A$2:$B$4,2,false),0) -> 5 | F3: =IFERROR(vlookup('1.3'!E:E,lookup!$A$6:$B$8,2,false),0) -> 5 | G3: =IFERROR(vlookup('1.3'!F:F,lookup!$A$10:$B$12,2,false),0) -> 5 | H3: =IFERROR(vlookup('1.3'!G:G,lookup!$A$14:$B$16,2,false),0) -> 5 | I3: =IFERROR(vlookup('1.3'!H:H,lookup!$A$18:$B$20,2,false),0) -> 5 | J3: =IFERROR(vlookup('1.3'!I:I,lookup!$A$22:$B$24,2,false),0) -> 5 | K3: =IFERROR(vlookup('1.3'!J:J,lookup!$A$26:$B$28,2,false),0) -> 5 | M3: 2 | N3: =CONCAT(R3,"@signalschool.ac.th") -> bnco1002@signalschool.ac.th | O3: =IFERROR(VLOOKUP(N3,B$2:D$81,3,FALSE),0) -> 1 | R3: bnco1002
A4: ='1.3'!A:A -> 46210.38 | B4: ='1.3'!B:B -> bnco1053@signalschool.ac.th | C4: ='1.3'!C:C -> จ.ส.อ. พัลลภ ดวงเดือน, ส.อ. สิทธิศักดิ์ รินไธสง | D4: 1 | E4: =IFERROR(vlookup('1.3'!D:D,lookup!$A$2:$B$4,2,false),0) -> 5 | F4: =IFERROR(vlookup('1.3'!E:E,lookup!$A$6:$B$8,2,false),0) -> 5 | G4: =IFERROR(vlookup('1.3'!F:F,lookup!$A$10:$B$12,2,false),0) -> 5 | H4: =IFERROR(vlookup('1.3'!G:G,lookup!$A$14:$B$16,2,false),0) -> 5 | I4: =IFERROR(vlookup('1.3'!H:H,lookup!$A$18:$B$20,2,false),0) -> 5 | J4: =IFERROR(vlookup('1.3'!I:I,lookup!$A$22:$B$24,2,false),0) -> 3 | K4: =IFERROR(vlookup('1.3'!J:J,lookup!$A$26:$B$28,2,false),0) -> 3 | M4: 3 | N4: =CONCAT(R4,"@signalschool.ac.th") -> bnco1003@signalschool.ac.th | O4: =IFERROR(VLOOKUP(N4,B$2:D$81,3,FALSE),0) -> 1 | R4: bnco1003
A5: ='1.3'!A:A -> 46210.381 | B5: ='1.3'!B:B -> bnco1056@signalschool.ac.th | C5: ='1.3'!C:C -> จ.ส.อ. พัลลภ ดวงเดือน | D5: 1 | E5: =IFERROR(vlookup('1.3'!D:D,lookup!$A$2:$B$4,2,false),0) -> 5 | F5: =IFERROR(vlookup('1.3'!E:E,lookup!$A$6:$B$8,2,false),0) -> 5 | G5: =IFERROR(vlookup('1.3'!F:F,lookup!$A$10:$B$12,2,false),0) -> 5 | H5: =IFERROR(vlookup('1.3'!G:G,lookup!$A$14:$B$16,2,false),0) -> 5 | I5: =IFERROR(vlookup('1.3'!H:H,lookup!$A$18:$B$20,2,false),0) -> 5 | J5: =IFERROR(vlookup('1.3'!I:I,lookup!$A$22:$B$24,2,false),0) -> 5 | K5: =IFERROR(vlookup('1.3'!J:J,lookup!$A$26:$B$28,2,false),0) -> 5 | M5: 4 | N5: =CONCAT(R5,"@signalschool.ac.th") -> bnco1004@signalschool.ac.th | O5: =IFERROR(VLOOKUP(N5,B$2:D$81,3,FALSE),0) -> 1 | R5: bnco1004
A6: ='1.3'!A:A -> 46210.382 | B6: ='1.3'!B:B -> bnco1063@signalschool.ac.th | C6: ='1.3'!C:C -> จ.ส.อ. พัลลภ ดวงเดือน,ส.อ.พงษ์สิทธิ์ เทกะมล | D6: 1 | E6: =IFERROR(vlookup('1.3'!D:D,lookup!$A$2:$B$4,2,false),0) -> 5 | F6: =IFERROR(vlookup('1.3'!E:E,lookup!$A$6:$B$8,2,false),0) -> 5 | G6: =IFERROR(vlookup('1.3'!F:F,lookup!$A$10:$B$12,2,false),0) -> 5 | H6: =IFERROR(vlookup('1.3'!G:G,lookup!$A$14:$B$16,2,false),0) -> 5 | I6: =IFERROR(vlookup('1.3'!H:H,lookup!$A$18:$B$20,2,false),0) -> 5 | J6: =IFERROR(vlookup('1.3'!I:I,lookup!$A$22:$B$24,2,false),0) -> 5 | K6: =IFERROR(vlookup('1.3'!J:J,lookup!$A$26:$B$28,2,false),0) -> 5 | M6: 5 | N6: =CONCAT(R6,"@signalschool.ac.th") -> bnco1005@signalschool.ac.th | O6: =IFERROR(VLOOKUP(N6,B$2:D$81,3,FALSE),0) -> 1 | R6: bnco1005
A7: ='1.3'!A:A -> 46210.382 | B7: ='1.3'!B:B -> bnco1042@signalschool.ac.th | C7: ='1.3'!C:C -> จ.ส.อ. พัลลภ ดวงเดือน, ส.อ. สิทธิศักดิ์ รินไธสง | D7: 1 | E7: =IFERROR(vlookup('1.3'!D:D,lookup!$A$2:$B$4,2,false),0) -> 5 | F7: =IFERROR(vlookup('1.3'!E:E,lookup!$A$6:$B$8,2,false),0) -> 5 | G7: =IFERROR(vlookup('1.3'!F:F,lookup!$A$10:$B$12,2,false),0) -> 5 | H7: =IFERROR(vlookup('1.3'!G:G,lookup!$A$14:$B$16,2,false),0) -> 5 | I7: =IFERROR(vlookup('1.3'!H:H,lookup!$A$18:$B$20,2,false),0) -> 5 | J7: =IFERROR(vlookup('1.3'!I:I,lookup!$A$22:$B$24,2,false),0) -> 5 | K7: =IFERROR(vlookup('1.3'!J:J,lookup!$A$26:$B$28,2,false),0) -> 5 | M7: 6 | N7: =CONCAT(R7,"@signalschool.ac.th") -> bnco1006@signalschool.ac.th | O7: =IFERROR(VLOOKUP(N7,B$2:D$81,3,FALSE),0) -> 1 | R7: bnco1006
A8: ='1.3'!A:A -> 46210.382 | B8: ='1.3'!B:B -> bnco1036@signalschool.ac.th | C8: ='1.3'!C:C -> จ.ส.อ. พัลลภ ดวงเดือน, ส.อ. สิทธิศักดิ์ รินไธสง | D8: 1 | E8: =IFERROR(vlookup('1.3'!D:D,lookup!$A$2:$B$4,2,false),0) -> 5 | F8: =IFERROR(vlookup('1.3'!E:E,lookup!$A$6:$B$8,2,false),0) -> 5 | G8: =IFERROR(vlookup('1.3'!F:F,lookup!$A$10:$B$12,2,false),0) -> 5 | H8: =IFERROR(vlookup('1.3'!G:G,lookup!$A$14:$B$16,2,false),0) -> 5 | I8: =IFERROR(vlookup('1.3'!H:H,lookup!$A$18:$B$20,2,false),0) -> 5 | J8: =IFERROR(vlookup('1.3'!I:I,lookup!$A$22:$B$24,2,false),0) -> 5 | K8: =IFERROR(vlookup('1.3'!J:J,lookup!$A$26:$B$28,2,false),0) -> 5 | M8: 7 | N8: =CONCAT(R8,"@signalschool.ac.th") -> bnco1007@signalschool.ac.th | O8: =IFERROR(VLOOKUP(N8,B$2:D$81,3,FALSE),0) -> 1 | R8: bnco1007
A9: ='1.3'!A:A -> 46210.383 | B9: ='1.3'!B:B -> bnco1039@signalschool.ac.th | C9: ='1.3'!C:C -> จ.ส.อ. พัลลภ ดวงเดือน, ส.อ. สิทธิศักดิ์ รินไธสง | D9: 1 | E9: =IFERROR(vlookup('1.3'!D:D,lookup!$A$2:$B$4,2,false),0) -> 5 | F9: =IFERROR(vlookup('1.3'!E:E,lookup!$A$6:$B$8,2,false),0) -> 5 | G9: =IFERROR(vlookup('1.3'!F:F,lookup!$A$10:$B$12,2,false),0) -> 5 | H9: =IFERROR(vlookup('1.3'!G:G,lookup!$A$14:$B$16,2,false),0) -> 5 | I9: =IFERROR(vlookup('1.3'!H:H,lookup!$A$18:$B$20,2,false),0) -> 5 | J9: =IFERROR(vlookup('1.3'!I:I,lookup!$A$22:$B$24,2,false),0) -> 5 | K9: =IFERROR(vlookup('1.3'!J:J,lookup!$A$26:$B$28,2,false),0) -> 5 | M9: 8 | N9: =CONCAT(R9,"@signalschool.ac.th") -> bnco1008@signalschool.ac.th | O9: =IFERROR(VLOOKUP(N9,B$2:D$81,3,FALSE),0) -> 1 | R9: bnco1008
A10: ='1.3'!A:A -> 46210.384 | B10: ='1.3'!B:B -> bnco1021@signalschool.ac.th | C10: ='1.3'!C:C -> จ.ส.อ. พัลลภ ดวงเดือน, ส.อ. สิทธิศักดิ์ รินไธสง | D10: 1 | E10: =IFERROR(vlookup('1.3'!D:D,lookup!$A$2:$B$4,2,false),0) -> 5 | F10: =IFERROR(vlookup('1.3'!E:E,lookup!$A$6:$B$8,2,false),0) -> 5 | G10: =IFERROR(vlookup('1.3'!F:F,lookup!$A$10:$B$12,2,false),0) -> 5 | H10: =IFERROR(vlookup('1.3'!G:G,lookup!$A$14:$B$16,2,false),0) -> 5 | I10: =IFERROR(vlookup('1.3'!H:H,lookup!$A$18:$B$20,2,false),0) -> 5 | J10: =IFERROR(vlookup('1.3'!I:I,lookup!$A$22:$B$24,2,false),0) -> 5 | K10: =IFERROR(vlookup('1.3'!J:J,lookup!$A$26:$B$28,2,false),0) -> 5 | M10: 9 | N10: =CONCAT(R10,"@signalschool.ac.th") -> bnco1009@signalschool.ac.th | O10: =IFERROR(VLOOKUP(N10,B$2:D$81,3,FALSE),0) -> 1 | R10: bnco1009
A11: ='1.3'!A:A -> 46210.385 | B11: ='1.3'!B:B -> bnco1066@signalschool.ac.th | C11: ='1.3'!C:C -> จ.ส.อ. พัลลภ ดวงเดือน, ส.อ. สิทธิศักดิ์ รินไธสง | D11: 1 | E11: =IFERROR(vlookup('1.3'!D:D,lookup!$A$2:$B$4,2,false),0) -> 5 | F11: =IFERROR(vlookup('1.3'!E:E,lookup!$A$6:$B$8,2,false),0) -> 5 | G11: =IFERROR(vlookup('1.3'!F:F,lookup!$A$10:$B$12,2,false),0) -> 5 | H11: =IFERROR(vlookup('1.3'!G:G,lookup!$A$14:$B$16,2,false),0) -> 5 | I11: =IFERROR(vlookup('1.3'!H:H,lookup!$A$18:$B$20,2,false),0) -> 5 | J11: =IFERROR(vlookup('1.3'!I:I,lookup!$A$22:$B$24,2,false),0) -> 5 | K11: =IFERROR(vlookup('1.3'!J:J,lookup!$A$26:$B$28,2,false),0) -> 5 | M11: 10 | N11: =CONCAT(R11,"@signalschool.ac.th") -> bnco1010@signalschool.ac.th | O11: =IFERROR(VLOOKUP(N11,B$2:D$81,3,FALSE),0) -> 1 | R11: bnco1010
A12: ='1.3'!A:A -> 46210.386 | B12: ='1.3'!B:B -> bnco1073@signalschool.ac.th | C12: ='1.3'!C:C -> ส.อ.ธีรโชติ สีหะวงษ์ | D12: 1 | E12: =IFERROR(vlookup('1.3'!D:D,lookup!$A$2:$B$4,2,false),0) -> 5 | F12: =IFERROR(vlookup('1.3'!E:E,lookup!$A$6:$B$8,2,false),0) -> 5 | G12: =IFERROR(vlookup('1.3'!F:F,lookup!$A$10:$B$12,2,false),0) -> 5 | H12: =IFERROR(vlookup('1.3'!G:G,lookup!$A$14:$B$16,2,false),0) -> 5 | I12: =IFERROR(vlookup('1.3'!H:H,lookup!$A$18:$B$20,2,false),0) -> 5 | J12: =IFERROR(vlookup('1.3'!I:I,lookup!$A$22:$B$24,2,false),0) -> 5 | K12: =IFERROR(vlookup('1.3'!J:J,lookup!$A$26:$B$28,2,false),0) -> 5 | M12: 11 | N12: =CONCAT(R12,"@signalschool.ac.th") -> bnco1011@signalschool.ac.th | O12: =IFERROR(VLOOKUP(N12,B$2:D$81,3,FALSE),0) -> 1 | R12: bnco1011
A13: ='1.3'!A:A -> 46210.387 | B13: ='1.3'!B:B -> bnco1078@signalschool.ac.th | C13: ='1.3'!C:C -> จ.ส.อ. พัลลภ ดวงเดือน, ส.อ. สิทธิศักดิ์ รินไธสง | D13: 1 | E13: =IFERROR(vlookup('1.3'!D:D,lookup!$A$2:$B$4,2,false),0) -> 5 | F13: =IFERROR(vlookup('1.3'!E:E,lookup!$A$6:$B$8,2,false),0) -> 5 | G13: =IFERROR(vlookup('1.3'!F:F,lookup!$A$10:$B$12,2,false),0) -> 5 | H13: =IFERROR(vlookup('1.3'!G:G,lookup!$A$14:$B$16,2,false),0) -> 5 | I13: =IFERROR(vlookup('1.3'!H:H,lookup!$A$18:$B$20,2,false),0) -> 5 | J13: =IFERROR(vlookup('1.3'!I:I,lookup!$A$22:$B$24,2,false),0) -> 5 | K13: =IFERROR(vlookup('1.3'!J:J,lookup!$A$26:$B$28,2,false),0) -> 5 | M13: 12 | N13: =CONCAT(R13,"@signalschool.ac.th") -> bnco1012@signalschool.ac.th | O13: =IFERROR(VLOOKUP(N13,B$2:D$81,3,FALSE),0) -> 1 | R13: bnco1012
... A81: ='1.3'!A:A | B81: ='1.3'!B:B | C81: ='1.3'!C:C | D81: 1 | E81: =IFERROR(vlookup('1.3'!D:D,lookup!$A$2:$B$4,2,false),0) -> 0 | F81: =IFERROR(vlookup('1.3'!E:E,lookup!$A$6:$B$8,2,false),0) -> 0 | G81: =IFERROR(vlookup('1.3'!F:F,lookup!$A$10:$B$12,2,false),0) -> 0 | H81: =IFERROR(vlookup('1.3'!G:G,lookup!$A$14:$B$16,2,false),0) -> 0 | I81: =IFERROR(vlookup('1.3'!H:H,lookup!$A$18:$B$20,2,false),0) -> 0 | J81: =IFERROR(vlookup('1.3'!I:I,lookup!$A$22:$B$24,2,false),0) -> 0 | K81: =IFERROR(vlookup('1.3'!J:J,lookup!$A$26:$B$28,2,false),0) -> 0 | M81: 80 | N81: =CONCAT(R81,"@signalschool.ac.th") -> bnco1080@signalschool.ac.th | O81: =IFERROR(VLOOKUP(N81,B$2:D$81,3,FALSE),0) -> 1 | R81: bnco1080
A82: ='1.3'!A:A | B82: ='1.3'!B:B | C82: ='1.3'!C:C
A83: ='1.3'!A:A | B83: ='1.3'!B:B | C83: ='1.3'!C:C
A84: ='1.3'!A:A | B84: ='1.3'!B:B | C84: ='1.3'!C:C
A85: ='1.3'!A:A | B85: ='1.3'!B:B | C85: ='1.3'!C:C
A86: ='1.3'!A:A | B86: ='1.3'!B:B | C86: ='1.3'!C:C
A87: ='1.3'!A:A | B87: ='1.3'!B:B | C87: ='1.3'!C:C
A88: ='1.3'!A:A | B88: ='1.3'!B:B | C88: ='1.3'!C:C
A89: ='1.3'!A:A | B89: ='1.3'!B:B | C89: ='1.3'!C:C
A90: ='1.3'!A:A | B90: ='1.3'!B:B | C90: ='1.3'!C:C
A91: ='1.3'!A:A | B91: ='1.3'!B:B | C91: ='1.3'!C:C
A92: ='1.3'!A:A | B92: ='1.3'!B:B | C92: ='1.3'!C:C
A93: ='1.3'!A:A | B93: ='1.3'!B:B | C93: ='1.3'!C:C
... A100: ='1.3'!A:A | B100: ='1.3'!B:B | C100: ='1.3'!C:C
A101: ='1.3'!A:A | B101: ='1.3'!B:B | C101: ='1.3'!C:C | N101: ยอดผู้เข้าประเมิน | O101: =SUM(O2:O81) -> 78
E102: =AVERAGE(E2:E81) -> 4.8875 | F102: =AVERAGE(F2:F81) -> 4.9375 | G102: =AVERAGE(G2:G81) -> 4.9125 | H102: =AVERAGE(H2:H81) -> 4.9375 | I102: =AVERAGE(I2:I81) -> 4.8625 | J102: =AVERAGE(J2:J81) -> 4.6625 | K102: =AVERAGE(K2:K81) -> 4.6875 | L102: =AVERAGE(E102:K102) -> 4.8410714 | N102: ภาพรวมร้อยละ | O102: =(O101*100)/80 -> 97.5

Sheet 1.4
A1: ประทับเวลา | B1: ที่อยู่อีเมล | C1: ยศ ชื่อ-สกุล ครู-อาจารย์ผู้สอน | D1: 1. บุคลิกภาพและลักษณะท่าทางของอาจารย์ผู้สอน | E1: 2. การพูดและการใช้นํ้าเสียง | F1: 3. การเตรียมการสอน | G1: 4. การจัดเตรียมสื่อการสอน | H1: 5. การถ่ายทอดความรู้และการนำเข้าสู่บทเรียน | I1: 6. ผู้เรียนได้ฝึกทักษะการคิดวิเคราะห์ หรือการพัฒนาความคิดสร้างสรรค์จากการเรียนรายวิชานี้มากน้อยเพียงใด | J1: 7. ผู้เรียนได้ฝึกทักษะการสื่อสาร การนำเสนอ และการใช้งานเทคโนโลยีสารสนเทศจากการเรียนรายวิชานี้มากน้อยเพียงใด | K1: ข้อเสนอแนะอื่นๆ
A2: 46262.413 | B2: bnco1013@signalschool.ac.th | C2: จ.ส.ต.ภานุพงษ์ ใจเฉื่อย | D2: ลักษณะทางทหาร "ดีมาก" มีความเชื่อมั่นในตนเองเป็นแบบอย่างที่ดีแก่ผู้เรียนได้ | E2: เสียงดังฟังชัดและจังหวะการพูดไม่ช้า/เร็วเกินไป | F2: มีประมวลรายวิชาและแนะนำเนื้อหาวิชา | G2: มีการจัดเตรียมสื่อการเรียนการสอนและรวบรวมแหล่งอ้างอิงไว้อย่างเหมาะสม | H2: มีการจัดการเรียนการสอนเป็นไปตามประมวลรายวิชาครบถ้วนและการนำเข้าสู่บทเรียนให้ข้อมูลที่เป็นประโยชน์แก่ผู้เรียนครบถ้วน | I2: มีการส่งเสริมให้ผู้เรียนได้ฝึกทักษะการคิดได้อย่างเหมาะสมดีมาก | J2: มีการส่งเสริมให้ผู้เรียนได้ฝึกทักษะการสื่อสารได้อย่างเหมาะสมดีมาก
A3: 46262.416 | B3: bnco1009@signalschool.ac.th | C3: ร.ท.ศุภรัชฏ หมอกสุข | D3: ลักษณะทางทหาร "ดีมาก" มีความเชื่อมั่นในตนเองเป็นแบบอย่างที่ดีแก่ผู้เรียนได้ | E3: เสียงดังฟังชัดและจังหวะการพูดไม่ช้า/เร็วเกินไป | F3: มีประมวลรายวิชาและแนะนำเนื้อหาวิชา | G3: มีการจัดเตรียมสื่อการเรียนการสอนและรวบรวมแหล่งอ้างอิงไว้อย่างเหมาะสม | H3: มีการจัดการเรียนการสอนเป็นไปตามประมวลรายวิชาครบถ้วนและการนำเข้าสู่บทเรียนให้ข้อมูลที่เป็นประโยชน์แก่ผู้เรียนครบถ้วน | I3: มีการส่งเสริมให้ผู้เรียนได้ฝึกทักษะการคิดได้อย่างเหมาะสมดีมาก | J3: มีการส่งเสริมให้ผู้เรียนได้ฝึกทักษะการสื่อสารได้อย่างเหมาะสมดีมาก
A4: 46262.419 | B4: bnco1058@signalschool.ac.th | C4: ร.ท.ศุภัชฎ หมอกสุข, จ.ส.ต. ภาณุพงษ์ ใจเฉือย | D4: ลักษณะทางทหาร "ดีมาก" มีความเชื่อมั่นในตนเองเป็นแบบอย่างที่ดีแก่ผู้เรียนได้ | E4: เสียงดังฟังชัดและจังหวะการพูดไม่ช้า/เร็วเกินไป | F4: มีประมวลรายวิชาและแนะนำเนื้อหาวิชา | G4: มีการจัดเตรียมสื่อการเรียนการสอนและรวบรวมแหล่งอ้างอิงไว้อย่างเหมาะสม | H4: มีการจัดการเรียนการสอนเป็นไปตามประมวลรายวิชาครบถ้วนและการนำเข้าสู่บทเรียนให้ข้อมูลที่เป็นประโยชน์แก่ผู้เรียนครบถ้วน | I4: มีการส่งเสริมให้ผู้เรียนได้ฝึกทักษะการคิดได้อย่างเหมาะสมดีมาก | J4: มีการส่งเสริมให้ผู้เรียนได้ฝึกทักษะการสื่อสารได้อย่างเหมาะสมดีมาก
A5: 46262.419 | B5: bnco1056@signalschool.ac.th | C5: ร.ท. ศุภรัชฏ หมอกสุข | D5: ลักษณะทางทหาร "ดีมาก" มีความเชื่อมั่นในตนเองเป็นแบบอย่างที่ดีแก่ผู้เรียนได้ | E5: เสียงดังฟังชัดและจังหวะการพูดไม่ช้า/เร็วเกินไป | F5: มีประมวลรายวิชาและแนะนำเนื้อหาวิชา | G5: มีการจัดเตรียมสื่อการเรียนการสอนและรวบรวมแหล่งอ้างอิงไว้อย่างเหมาะสม | H5: มีการจัดการเรียนการสอนเป็นไปตามประมวลรายวิชาครบถ้วนและการนำเข้าสู่บทเรียนให้ข้อมูลที่เป็นประโยชน์แก่ผู้เรียนครบถ้วน | I5: มีการส่งเสริมให้ผู้เรียนได้ฝึกทักษะการคิดได้อย่างเหมาะสมดีมาก | J5: มีการส่งเสริมให้ผู้เรียนได้ฝึกทักษะการสื่อสารได้อย่างเหมาะสมดีมาก
A6: 46262.425 | B6: bnco1062@signalschool.ac.th | C6: จ.ส.ต. ภานุพงษ์ ใจเฉื่อย | D6: ลักษณะทางทหาร "ดีมาก" มีความเชื่อมั่นในตนเองเป็นแบบอย่างที่ดีแก่ผู้เรียนได้ | E6: เสียงดังฟังชัดและจังหวะการพูดไม่ช้า/เร็วเกินไป | F6: มีประมวลรายวิชาและแนะนำเนื้อหาวิชา | G6: มีการจัดเตรียมสื่อการเรียนการสอนและรวบรวมแหล่งอ้างอิงไว้อย่างเหมาะสม | H6: มีการจัดการเรียนการสอนเป็นไปตามประมวลรายวิชาครบถ้วนและการนำเข้าสู่บทเรียนให้ข้อมูลที่เป็นประโยชน์แก่ผู้เรียนครบถ้วน | I6: มีการส่งเสริมให้ผู้เรียนได้ฝึกทักษะการคิดได้อย่างเหมาะสมดีมาก | J6: มีการส่งเสริมให้ผู้เรียนได้ฝึกทักษะการสื่อสารได้อย่างเหมาะสมดีมาก
A7: 46262.427 | B7: bnco1041@signalschool.ac.th | C7: ร.ท.ศุภรัชฏ หมอกสุข | D7: ลักษณะทางทหาร "ดีมาก" มีความเชื่อมั่นในตนเองเป็นแบบอย่างที่ดีแก่ผู้เรียนได้ | E7: เสียงดังฟังชัดและจังหวะการพูดไม่ช้า/เร็วเกินไป | F7: มีประมวลรายวิชาและแนะนำเนื้อหาวิชา | G7: มีการจัดเตรียมสื่อการเรียนการสอนและรวบรวมแหล่งอ้างอิงไว้อย่างเหมาะสม | H7: มีการจัดการเรียนการสอนเป็นไปตามประมวลรายวิชาครบถ้วนและการนำเข้าสู่บทเรียนให้ข้อมูลที่เป็นประโยชน์แก่ผู้เรียนครบถ้วน | I7: มีการส่งเสริมให้ผู้เรียนได้ฝึกทักษะการคิดได้อย่างเหมาะสมดีมาก | J7: มีการส่งเสริมให้ผู้เรียนได้ฝึกทักษะการสื่อสารได้อย่างเหมาะสมดีมาก
A8: 46262.436 | B8: bnco1012@signalschool.ac.th | C8: ร.ท.ศุภรัชฏ หมอกสุข | D8: ลักษณะทางทหาร "ดีมาก" มีความเชื่อมั่นในตนเองเป็นแบบอย่างที่ดีแก่ผู้เรียนได้ | E8: เสียงดังฟังชัดและจังหวะการพูดไม่ช้า/เร็วเกินไป | F8: มีประมวลรายวิชาและแนะนำเนื้อหาวิชา | G8: มีการจัดเตรียมสื่อการเรียนการสอนและรวบรวมแหล่งอ้างอิงไว้อย่างเหมาะสม | H8: มีการจัดการเรียนการสอนเป็นไปตามประมวลรายวิชาครบถ้วนและการนำเข้าสู่บทเรียนให้ข้อมูลที่เป็นประโยชน์แก่ผู้เรียนครบถ้วน | I8: มีการส่งเสริมให้ผู้เรียนได้ฝึกทักษะการคิดได้อย่างเหมาะสมดีมาก | J8: มีการส่งเสริมให้ผู้เรียนได้ฝึกทักษะการสื่อสารได้อย่างเหมาะสมดีมาก | K8: ไม่มี
A9: 46262.437 | B9: bnco1006@signalschool.ac.th | C9: ร.ท.ศุภรัชฎ หมอกสุข | D9: ลักษณะทางทหาร "ดีมาก" มีความเชื่อมั่นในตนเองเป็นแบบอย่างที่ดีแก่ผู้เรียนได้ | E9: เสียงดังฟังชัดและจังหวะการพูดไม่ช้า/เร็วเกินไป | F9: มีประมวลรายวิชาและแนะนำเนื้อหาวิชา | G9: มีการจัดเตรียมสื่อการเรียนการสอนและรวบรวมแหล่งอ้างอิงไว้อย่างเหมาะสม | H9: มีการจัดการเรียนการสอนเป็นไปตามประมวลรายวิชาครบถ้วนและการนำเข้าสู่บทเรียนให้ข้อมูลที่เป็นประโยชน์แก่ผู้เรียนครบถ้วน | I9: มีการส่งเสริมให้ผู้เรียนได้ฝึกทักษะการคิดได้อย่างเหมาะสมดีมาก | J9: มีการส่งเสริมให้ผู้เรียนได้ฝึกทักษะการสื่อสารได้อย่างเหมาะสมดีมาก
A10: 46262.443 | B10: bnco1051@signalschool.ac.th | C10: จ.ส.ต.ภานุพงษ์ ใจเฉื่อย | D10: ลักษณะทางทหาร "ดีมาก" มีความเชื่อมั่นในตนเองเป็นแบบอย่างที่ดีแก่ผู้เรียนได้ | E10: เสียงดังฟังชัดและจังหวะการพูดไม่ช้า/เร็วเกินไป | F10: มีประมวลรายวิชาและแนะนำเนื้อหาวิชา | G10: มีการจัดเตรียมสื่อการเรียนการสอนและรวบรวมแหล่งอ้างอิงไว้อย่างเหมาะสม | H10: มีการจัดการเรียนการสอนเป็นไปตามประมวลรายวิชาครบถ้วนและการนำเข้าสู่บทเรียนให้ข้อมูลที่เป็นประโยชน์แก่ผู้เรียนครบถ้วน | I10: มีการส่งเสริมให้ผู้เรียนได้ฝึกทักษะการคิดได้อย่างเหมาะสมดีมาก | J10: มีการส่งเสริมให้ผู้เรียนได้ฝึกทักษะการสื่อสารได้อย่างเหมาะสมดีมาก
A11: 46262.443 | B11: bnco1050@signalschool.ac.th | C11: จ.ส.ต.ภานุพงษ์ ใจเฉื่อย | D11: ลักษณะทางทหาร "ดีมาก" มีความเชื่อมั่นในตนเองเป็นแบบอย่างที่ดีแก่ผู้เรียนได้ | E11: เสียงดังฟังชัดและจังหวะการพูดไม่ช้า/เร็วเกินไป | F11: มีประมวลรายวิชาและแนะนำเนื้อหาวิชา | G11: มีการจัดเตรียมสื่อการเรียนการสอนและรวบรวมแหล่งอ้างอิงไว้อย่างเหมาะสม | H11: มีการจัดการเรียนการสอนเป็นไปตามประมวลรายวิชาครบถ้วนและการนำเข้าสู่บทเรียนให้ข้อมูลที่เป็นประโยชน์แก่ผู้เรียนครบถ้วน | I11: มีการส่งเสริมให้ผู้เรียนได้ฝึกทักษะการคิดได้อย่างเหมาะสมดีมาก | J11: มีการส่งเสริมให้ผู้เรียนได้ฝึกทักษะการสื่อสารได้อย่างเหมาะสมดีมาก
A12: 46262.445 | B12: bnco1052@signalschool.ac.th | C12: ร.ท.ศุภรัชฎ หมอกสุข | D12: ลักษณะทางทหาร "ดีมาก" มีความเชื่อมั่นในตนเองเป็นแบบอย่างที่ดีแก่ผู้เรียนได้ | E12: เสียงดังฟังชัดและจังหวะการพูดไม่ช้า/เร็วเกินไป | F12: มีประมวลรายวิชาและแนะนำเนื้อหาวิชา | G12: มีการจัดเตรียมสื่อการเรียนการสอนและรวบรวมแหล่งอ้างอิงไว้อย่างเหมาะสม | H12: มีการจัดการเรียนการสอนเป็นไปตามประมวลรายวิชาครบถ้วนและการนำเข้าสู่บทเรียนให้ข้อมูลที่เป็นประโยชน์แก่ผู้เรียนครบถ้วน | I12: มีการส่งเสริมให้ผู้เรียนได้ฝึกทักษะการคิดได้อย่างเหมาะสมดีมาก | J12: มีการส่งเสริมให้ผู้เรียนได้ฝึกทักษะการสื่อสารได้อย่างเหมาะสมดีมาก
A13: 46262.445 | B13: bnco1018@signalschool.ac.th | C13: ร.ท.ศุภรัชฎ หมอกสุข | D13: ลักษณะทางทหาร "ดีมาก" มีความเชื่อมั่นในตนเองเป็นแบบอย่างที่ดีแก่ผู้เรียนได้ | E13: เสียงดังฟังชัดและจังหวะการพูดไม่ช้า/เร็วเกินไป | F13: มีประมวลรายวิชาและแนะนำเนื้อหาวิชา | G13: มีการจัดเตรียมสื่อการเรียนการสอนและรวบรวมแหล่งอ้างอิงไว้อย่างเหมาะสม | H13: มีการจัดการเรียนการสอนเป็นไปตามประมวลรายวิชาครบถ้วนและการนำเข้าสู่บทเรียนให้ข้อมูลที่เป็นประโยชน์แก่ผู้เรียนครบถ้วน | I13: มีการส่งเสริมให้ผู้เรียนได้ฝึกทักษะการคิดได้อย่างเหมาะสมดีมาก | J13: มีการส่งเสริมให้ผู้เรียนได้ฝึกทักษะการสื่อสารได้อย่างเหมาะสมดีมาก | K13: ไม่มีครับ
A14: 46262.451 | B14: bnco1038@signalschool.ac.th | C14: ร.ท.ศุภรัชฎ หมอกสุข | D14: ลักษณะทางทหาร "ดีมาก" มีความเชื่อมั่นในตนเองเป็นแบบอย่างที่ดีแก่ผู้เรียนได้ | E14: เสียงดังฟังชัดและจังหวะการพูดไม่ช้า/เร็วเกินไป | F14: มีประมวลรายวิชาและแนะนำเนื้อหาวิชา | G14: มีการจัดเตรียมสื่อการเรียนการสอนและรวบรวมแหล่งอ้างอิงไว้อย่างเหมาะสม | H14: มีการจัดการเรียนการสอนเป็นไปตามประมวลรายวิชาครบถ้วนและการนำเข้าสู่บทเรียนให้ข้อมูลที่เป็นประโยชน์แก่ผู้เรียนครบถ้วน | I14: มีการส่งเสริมให้ผู้เรียนได้ฝึกทักษะการคิดได้อย่างเหมาะสมดีมาก | J14: มีการส่งเสริมให้ผู้เรียนได้ฝึกทักษะการสื่อสารได้อย่างเหมาะสมดีมาก | K14: อาจารย์อธิบายได้ครบถ้วนและยกตัวอย่างให้เห็นภาพ
A15: 46262.451 | B15: bnco1035@signalschool.ac.th | C15: ร.ท. ศุภรัชฎ หมอกสุข | D15: ลักษณะทางทหาร "ดีมาก" มีความเชื่อมั่นในตนเองเป็นแบบอย่างที่ดีแก่ผู้เรียนได้ | E15: เสียงดังฟังชัดและจังหวะการพูดไม่ช้า/เร็วเกินไป | F15: มีประมวลรายวิชาและแนะนำเนื้อหาวิชา | G15: มีการจัดเตรียมสื่อการเรียนการสอนและรวบรวมแหล่งอ้างอิงไว้อย่างเหมาะสม | H15: มีการจัดการเรียนการสอนเป็นไปตามประมวลรายวิชาครบถ้วนและการนำเข้าสู่บทเรียนให้ข้อมูลที่เป็นประโยชน์แก่ผู้เรียนครบถ้วน | I15: มีการส่งเสริมให้ผู้เรียนได้ฝึกทักษะการคิดได้อย่างเหมาะสมดีมาก | J15: มีการส่งเสริมให้ผู้เรียนได้ฝึกทักษะการสื่อสารได้อย่างเหมาะสมดีมาก
A16: 46262.458 | B16: bnco1036@signalschool.ac.th | C16: ร.ท.ศุภรัชฎ หมอกสุข | D16: ลักษณะทางทหาร "ดีมาก" มีความเชื่อมั่นในตนเองเป็นแบบอย่างที่ดีแก่ผู้เรียนได้ | E16: เสียงดังฟังชัดและจังหวะการพูดไม่ช้า/เร็วเกินไป | F16: มีประมวลรายวิชาและแนะนำเนื้อหาวิชา | G16: มีการจัดเตรียมสื่อการเรียนการสอนและรวบรวมแหล่งอ้างอิงไว้อย่างเหมาะสม | H16: มีการจัดการเรียนการสอนเป็นไปตามประมวลรายวิชาครบถ้วนและการนำเข้าสู่บทเรียนให้ข้อมูลที่เป็นประโยชน์แก่ผู้เรียนครบถ้วน | I16: มีการส่งเสริมให้ผู้เรียนได้ฝึกทักษะการคิดได้อย่างเหมาะสมดีมาก | J16: มีการส่งเสริมให้ผู้เรียนได้ฝึกทักษะการสื่อสารได้อย่างเหมาะสมดีมาก
A17: 46262.46 | B17: bnco1070@signalschool.ac.th | C17: ร.ท.ศุภรัชฎ หมอกสุข | D17: ลักษณะทางทหาร "ดีมาก" มีความเชื่อมั่นในตนเองเป็นแบบอย่างที่ดีแก่ผู้เรียนได้ | E17: เสียงเบา "แต่" จังหวะการพูดไม่ช้า/เร็วเกินไป | F17: มีประมวลรายวิชาและแนะนำเนื้อหาวิชา | G17: มีการจัดเตรียมสื่อการเรียนการสอนและรวบรวมแหล่งอ้างอิงไว้อย่างเหมาะสม | H17: มีการจัดการเรียนการสอนเป็นไปตามประมวลรายวิชาบางส่วน "หรือ" การนำเข้าสู่บทเรียนให้ข้อมูลที่เป็นประโยชน์แก่ผู้เรียน (อย่างใดอย่างหนึ่ง) | I17: มีการส่งเสริมให้ผู้เรียนได้ฝึกทักษะการคิดได้อย่างเหมาะสมดีมาก | J17: มีการส่งเสริมให้ผู้เรียนได้ฝึกทักษะการสื่อสารได้อย่างเหมาะสมดีมาก
A18: 46262.461 | B18: bnco1042@signalschool.ac.th | C18: ร.ท.ศุภรัชฎ หมอกสุข | D18: ลักษณะทางทหาร "ดีมาก" มีความเชื่อมั่นในตนเองเป็นแบบอย่างที่ดีแก่ผู้เรียนได้ | E18: เสียงดังฟังชัดและจังหวะการพูดไม่ช้า/เร็วเกินไป | F18: มีประมวลรายวิชาและแนะนำเนื้อหาวิชา | G18: มีการจัดเตรียมสื่อการเรียนการสอนและรวบรวมแหล่งอ้างอิงไว้อย่างเหมาะสม | H18: มีการจัดการเรียนการสอนเป็นไปตามประมวลรายวิชาครบถ้วนและการนำเข้าสู่บทเรียนให้ข้อมูลที่เป็นประโยชน์แก่ผู้เรียนครบถ้วน | I18: มีการส่งเสริมให้ผู้เรียนได้ฝึกทักษะการคิดได้อย่างเหมาะสมดีมาก | J18: มีการส่งเสริมให้ผู้เรียนได้ฝึกทักษะการสื่อสารได้อย่างเหมาะสมดีมาก
A19: 46262.465 | B19: bnco1003@signalschool.ac.th | C19: ร.ท.ศุภรัชฎ หมอกสุข | D19: ลักษณะทางทหาร "ดีมาก" มีความเชื่อมั่นในตนเองเป็นแบบอย่างที่ดีแก่ผู้เรียนได้ | E19: เสียงดังฟังชัดและจังหวะการพูดไม่ช้า/เร็วเกินไป | F19: มีประมวลรายวิชาและแนะนำเนื้อหาวิชา | G19: มีการจัดเตรียมสื่อการเรียนการสอนและรวบรวมแหล่งอ้างอิงไว้อย่างเหมาะสม | H19: มีการจัดการเรียนการสอนเป็นไปตามประมวลรายวิชาครบถ้วนและการนำเข้าสู่บทเรียนให้ข้อมูลที่เป็นประโยชน์แก่ผู้เรียนครบถ้วน | I19: มีการส่งเสริมให้ผู้เรียนได้ฝึกทักษะการคิดได้อย่างเหมาะสมดีมาก | J19: มีการส่งเสริมให้ผู้เรียนได้ฝึกทักษะการสื่อสารได้อย่างเหมาะสมดีมาก
A20: 46262.468 | B20: bnco1079@signalschool.ac.th | C20: ร.ท.ศุภรัชฎ หมอกสุข | D20: ลักษณะทางทหาร "ดีมาก" มีความเชื่อมั่นในตนเองเป็นแบบอย่างที่ดีแก่ผู้เรียนได้ | E20: เสียงดังฟังชัดและจังหวะการพูดไม่ช้า/เร็วเกินไป | F20: มีประมวลรายวิชาและแนะนำเนื้อหาวิชา | G20: มีการจัดเตรียมสื่อการเรียนการสอนและรวบรวมแหล่งอ้างอิงไว้อย่างเหมาะสม | H20: มีการจัดการเรียนการสอนเป็นไปตามประมวลรายวิชาครบถ้วนและการนำเข้าสู่บทเรียนให้ข้อมูลที่เป็นประโยชน์แก่ผู้เรียนครบถ้วน | I20: มีการส่งเสริมให้ผู้เรียนได้ฝึกทักษะการคิดได้อย่างเหมาะสมดีมาก | J20: มีการส่งเสริมให้ผู้เรียนได้ฝึกทักษะการสื่อสารได้อย่างเหมาะสมดีมาก
A21: 46262.483 | B21: bnco1032@signalschool.ac.th | C21: ร.ท.ศุภรัชฏ หมอกสุข | D21: ลักษณะทางทหาร "ดีมาก" มีความเชื่อมั่นในตนเองเป็นแบบอย่างที่ดีแก่ผู้เรียนได้ | E21: เสียงดังฟังชัดและจังหวะการพูดไม่ช้า/เร็วเกินไป | F21: มีประมวลรายวิชาและแนะนำเนื้อหาวิชา | G21: มีการจัดเตรียมสื่อการเรียนการสอนและรวบรวมแหล่งอ้างอิงไว้อย่างเหมาะสม | H21: มีการจัดการเรียนการสอนเป็นไปตามประมวลรายวิชาครบถ้วนและการนำเข้าสู่บทเรียนให้ข้อมูลที่เป็นประโยชน์แก่ผู้เรียนครบถ้วน | I21: มีการส่งเสริมให้ผู้เรียนได้ฝึกทักษะการคิดได้อย่างเหมาะสมดีมาก | J21: มีการส่งเสริมให้ผู้เรียนได้ฝึกทักษะการสื่อสารได้อย่างเหมาะสมดีมาก | K21: อาจาร์ยสอนเข้าใจง่ายดีครับ
A22: 46262.487 | B22: bnco1060@signalschool.ac.th | C22: ร.ท.ศุภรัฎ หมอกสุข | D22: ลักษณะทางทหาร "ดีมาก" มีความเชื่อมั่นในตนเองเป็นแบบอย่างที่ดีแก่ผู้เรียนได้ | E22: เสียงดังฟังชัดและจังหวะการพูดไม่ช้า/เร็วเกินไป | F22: มีประมวลรายวิชาและแนะนำเนื้อหาวิชา | G22: มีการจัดเตรียมสื่อการเรียนการสอนและรวบรวมแหล่งอ้างอิงไว้อย่างเหมาะสม | H22: มีการจัดการเรียนการสอนเป็นไปตามประมวลรายวิชาครบถ้วนและการนำเข้าสู่บทเรียนให้ข้อมูลที่เป็นประโยชน์แก่ผู้เรียนครบถ้วน | I22: มีการส่งเสริมให้ผู้เรียนได้ฝึกทักษะการคิดได้อย่างเหมาะสมดีมาก | J22: มีการส่งเสริมให้ผู้เรียนได้ฝึกทักษะการสื่อสารได้อย่างเหมาะสมดีมาก | K22: สอนเข้าใจมากครับ
A23: 46262.497 | B23: bnco1031@signalschool.ac.th | C23: ร.ท. ศุภรัชฎ หมอกสุข | D23: ลักษณะทางทหาร "ดีมาก" มีความเชื่อมั่นในตนเองเป็นแบบอย่างที่ดีแก่ผู้เรียนได้ | E23: เสียงดังฟังชัดและจังหวะการพูดไม่ช้า/เร็วเกินไป | F23: มีประมวลรายวิชาและแนะนำเนื้อหาวิชา | G23: มีการจัดเตรียมสื่อการเรียนการสอนและรวบรวมแหล่งอ้างอิงไว้อย่างเหมาะสม | H23: มีการจัดการเรียนการสอนเป็นไปตามประมวลรายวิชาครบถ้วนและการนำเข้าสู่บทเรียนให้ข้อมูลที่เป็นประโยชน์แก่ผู้เรียนครบถ้วน | I23: มีการส่งเสริมให้ผู้เรียนได้ฝึกทักษะการคิดได้อย่างเหมาะสมดีมาก | J23: มีการส่งเสริมให้ผู้เรียนได้ฝึกทักษะการสื่อสารได้อย่างเหมาะสมดีมาก
A24: 46262.501 | B24: bnco1063@signalschool.ac.th | C24: ร.ท.ศุภรัชฎ หมอกสุข | D24: ลักษณะทางทหาร "ดีมาก" มีความเชื่อมั่นในตนเองเป็นแบบอย่างที่ดีแก่ผู้เรียนได้ | E24: เสียงดังฟังชัดและจังหวะการพูดไม่ช้า/เร็วเกินไป | F24: มีประมวลรายวิชาและแนะนำเนื้อหาวิชา | G24: มีการจัดเตรียมสื่อการเรียนการสอนและรวบรวมแหล่งอ้างอิงไว้อย่างเหมาะสม | H24: มีการจัดการเรียนการสอนเป็นไปตามประมวลรายวิชาครบถ้วนและการนำเข้าสู่บทเรียนให้ข้อมูลที่เป็นประโยชน์แก่ผู้เรียนครบถ้วน | I24: มีการส่งเสริมให้ผู้เรียนได้ฝึกทักษะการคิดได้อย่างเหมาะสมดีมาก | J24: มีการส่งเสริมให้ผู้เรียนได้ฝึกทักษะการสื่อสารได้อย่างเหมาะสมดีมาก
A25: 46262.525 | B25: bnco1066@signalschool.ac.th | C25: ร.ท.ศุภรัชฎ หมอกสุข | D25: ลักษณะทางทหาร "ดีมาก" มีความเชื่อมั่นในตนเองเป็นแบบอย่างที่ดีแก่ผู้เรียนได้ | E25: เสียงดังฟังชัดและจังหวะการพูดไม่ช้า/เร็วเกินไป | F25: มีประมวลรายวิชาและแนะนำเนื้อหาวิชา | G25: มีการจัดเตรียมสื่อการเรียนการสอนและรวบรวมแหล่งอ้างอิงไว้อย่างเหมาะสม | H25: มีการจัดการเรียนการสอนเป็นไปตามประมวลรายวิชาครบถ้วนและการนำเข้าสู่บทเรียนให้ข้อมูลที่เป็นประโยชน์แก่ผู้เรียนครบถ้วน | I25: มีการส่งเสริมให้ผู้เรียนได้ฝึกทักษะการคิดได้อย่างเหมาะสมดีมาก | J25: มีการส่งเสริมให้ผู้เรียนได้ฝึกทักษะการสื่อสารได้อย่างเหมาะสมดีมาก
A26: 46262.531 | B26: bnco1069@signalschool.ac.th | C26: ร.ท.ศุภรัชฎ หมอกสุข | D26: ลักษณะทางทหาร "ดีมาก" มีความเชื่อมั่นในตนเองเป็นแบบอย่างที่ดีแก่ผู้เรียนได้ | E26: เสียงดังฟังชัดและจังหวะการพูดไม่ช้า/เร็วเกินไป | F26: มีประมวลรายวิชาและแนะนำเนื้อหาวิชา | G26: มีการจัดเตรียมสื่อการเรียนการสอนและรวบรวมแหล่งอ้างอิงไว้อย่างเหมาะสม | H26: มีการจัดการเรียนการสอนเป็นไปตามประมวลรายวิชาครบถ้วนและการนำเข้าสู่บทเรียนให้ข้อมูลที่เป็นประโยชน์แก่ผู้เรียนครบถ้วน | I26: มีการส่งเสริมให้ผู้เรียนได้ฝึกทักษะการคิดได้อย่างเหมาะสมดีมาก | J26: มีการส่งเสริมให้ผู้เรียนได้ฝึกทักษะการสื่อสารได้อย่างเหมาะสมดีมาก
A27: 46262.554 | B27: bnco1068@signalschool.ac.th | C27: ร.ท.ศุภรัชฎ หมอกสุข | D27: ลักษณะทางทหาร "ดีมาก" มีความเชื่อมั่นในตนเองเป็นแบบอย่างที่ดีแก่ผู้เรียนได้ | E27: เสียงดังฟังชัดและจังหวะการพูดไม่ช้า/เร็วเกินไป | F27: มีประมวลรายวิชาและแนะนำเนื้อหาวิชา | G27: มีการจัดเตรียมสื่อการเรียนการสอนและรวบรวมแหล่งอ้างอิงไว้อย่างเหมาะสม | H27: มีการจัดการเรียนการสอนเป็นไปตามประมวลรายวิชาครบถ้วนและการนำเข้าสู่บทเรียนให้ข้อมูลที่เป็นประโยชน์แก่ผู้เรียนครบถ้วน | I27: มีการส่งเสริมให้ผู้เรียนได้ฝึกทักษะการคิดได้อย่างเหมาะสมดีมาก | J27: มีการส่งเสริมให้ผู้เรียนได้ฝึกทักษะการสื่อสารได้อย่างเหมาะสมดีมาก
A28: 46262.555 | B28: bnco1044@signalschool.ac.th | C28: ร.ท. ศุภรัชฏ หมอกสุข | D28: ลักษณะทางทหาร "ดีมาก" มีความเชื่อมั่นในตนเองเป็นแบบอย่างที่ดีแก่ผู้เรียนได้ | E28: เสียงดังฟังชัดและจังหวะการพูดไม่ช้า/เร็วเกินไป | F28: มีประมวลรายวิชาและแนะนำเนื้อหาวิชา | G28: มีการจัดเตรียมสื่อการเรียนการสอนและรวบรวมแหล่งอ้างอิงไว้อย่างเหมาะสม | H28: มีการจัดการเรียนการสอนเป็นไปตามประมวลรายวิชาครบถ้วนและการนำเข้าสู่บทเรียนให้ข้อมูลที่เป็นประโยชน์แก่ผู้เรียนครบถ้วน | I28: มีการส่งเสริมให้ผู้เรียนได้ฝึกทักษะการคิดได้อย่างเหมาะสมดีมาก | J28: มีการส่งเสริมให้ผู้เรียนได้ฝึกทักษะการสื่อสารได้อย่างเหมาะสมดีมาก
A29: 46262.561 | B29: bnco1008@signalschool.ac.th | C29: ร.ท.ศุภรัชฎ หมอกสุข | D29: ลักษณะทางทหาร "ดีมาก" มีความเชื่อมั่นในตนเองเป็นแบบอย่างที่ดีแก่ผู้เรียนได้ | E29: เสียงดังฟังชัดและจังหวะการพูดไม่ช้า/เร็วเกินไป | F29: มีประมวลรายวิชาและแนะนำเนื้อหาวิชา | G29: มีการจัดเตรียมสื่อการเรียนการสอนและรวบรวมแหล่งอ้างอิงไว้อย่างเหมาะสม | H29: มีการจัดการเรียนการสอนเป็นไปตามประมวลรายวิชาครบถ้วนและการนำเข้าสู่บทเรียนให้ข้อมูลที่เป็นประโยชน์แก่ผู้เรียนครบถ้วน | I29: มีการส่งเสริมให้ผู้เรียนได้ฝึกทักษะการคิดได้อย่างเหมาะสมดีมาก | J29: มีการส่งเสริมให้ผู้เรียนได้ฝึกทักษะการสื่อสารได้อย่างเหมาะสมดีมาก
A30: 46262.562 | B30: bnco1049@signalschool.ac.th | C30: ร.ท.ศุภรัชฎ หมอกสุข | D30: ลักษณะทางทหาร "ดีมาก" มีความเชื่อมั่นในตนเองเป็นแบบอย่างที่ดีแก่ผู้เรียนได้ | E30: เสียงดังฟังชัดและจังหวะการพูดไม่ช้า/เร็วเกินไป | F30: มีประมวลรายวิชาและแนะนำเนื้อหาวิชา | G30: มีการจัดเตรียมสื่อการเรียนการสอนและรวบรวมแหล่งอ้างอิงไว้อย่างเหมาะสม | H30: มีการจัดการเรียนการสอนเป็นไปตามประมวลรายวิชาครบถ้วนและการนำเข้าสู่บทเรียนให้ข้อมูลที่เป็นประโยชน์แก่ผู้เรียนครบถ้วน | I30: มีการส่งเสริมให้ผู้เรียนได้ฝึกทักษะการคิดได้อย่างเหมาะสมดีมาก | J30: มีการส่งเสริมให้ผู้เรียนได้ฝึกทักษะการสื่อสารได้อย่างเหมาะสมดีมาก
A31: 46262.571 | B31: bnco1022@signalschool.ac.th | C31: ร.ท.ศุภรัชฏ หมอกสุข | D31: ลักษณะทางทหาร "ดีมาก" มีความเชื่อมั่นในตนเองเป็นแบบอย่างที่ดีแก่ผู้เรียนได้ | E31: เสียงดังฟังชัดและจังหวะการพูดไม่ช้า/เร็วเกินไป | F31: มีประมวลรายวิชาและแนะนำเนื้อหาวิชา | G31: มีการจัดเตรียมสื่อการเรียนการสอนและรวบรวมแหล่งอ้างอิงไว้อย่างเหมาะสม | H31: มีการจัดการเรียนการสอนเป็นไปตามประมวลรายวิชาครบถ้วนและการนำเข้าสู่บทเรียนให้ข้อมูลที่เป็นประโยชน์แก่ผู้เรียนครบถ้วน | I31: มีการส่งเสริมให้ผู้เรียนได้ฝึกทักษะการคิดได้อย่างเหมาะสมดีมาก | J31: มีการส่งเสริมให้ผู้เรียนได้ฝึกทักษะการสื่อสารได้อย่างเหมาะสมดีมาก | K31: อาจาร์สอนเข้าใจง่ายครับ
A32: 46262.582 | B32: bnco1005@signalschool.ac.th | C32: ร.ท.ศุภรัชฏ หมอกสุข | D32: ลักษณะทางทหาร "ดีมาก" มีความเชื่อมั่นในตนเองเป็นแบบอย่างที่ดีแก่ผู้เรียนได้ | E32: เสียงดังฟังชัดและจังหวะการพูดไม่ช้า/เร็วเกินไป | F32: มีประมวลรายวิชาและแนะนำเนื้อหาวิชา | G32: มีการจัดเตรียมสื่อการเรียนการสอนและรวบรวมแหล่งอ้างอิงไว้อย่างเหมาะสม | H32: มีการจัดการเรียนการสอนเป็นไปตามประมวลรายวิชาครบถ้วนและการนำเข้าสู่บทเรียนให้ข้อมูลที่เป็นประโยชน์แก่ผู้เรียนครบถ้วน | I32: มีการส่งเสริมให้ผู้เรียนได้ฝึกทักษะการคิดได้อย่างเหมาะสมดีมาก | J32: มีการส่งเสริมให้ผู้เรียนได้ฝึกทักษะการสื่อสารได้อย่างเหมาะสมดีมาก
A33: 46262.582 | B33: bnco1067@signalschool.ac.th | C33: ร.ท.ศุภรัชฏ หมอกสุข | D33: ลักษณะทางทหาร "ดีมาก" มีความเชื่อมั่นในตนเองเป็นแบบอย่างที่ดีแก่ผู้เรียนได้ | E33: เสียงดังฟังชัดและจังหวะการพูดไม่ช้า/เร็วเกินไป | F33: มีประมวลรายวิชาและแนะนำเนื้อหาวิชา | G33: มีการจัดเตรียมสื่อการเรียนการสอนและรวบรวมแหล่งอ้างอิงไว้อย่างเหมาะสม | H33: มีการจัดการเรียนการสอนเป็นไปตามประมวลรายวิชาครบถ้วนและการนำเข้าสู่บทเรียนให้ข้อมูลที่เป็นประโยชน์แก่ผู้เรียนครบถ้วน | I33: มีการส่งเสริมให้ผู้เรียนได้ฝึกทักษะการคิดได้อย่างเหมาะสมดีมาก | J33: มีการส่งเสริมให้ผู้เรียนได้ฝึกทักษะการสื่อสารได้อย่างเหมาะสมดีมาก
A34: 46262.587 | B34: bnco1039@signalschool.ac.th | C34: ร.ท.ศุภรรัชฎ หมอกสุข | D34: ลักษณะทางทหาร "ดีมาก" มีความเชื่อมั่นในตนเองเป็นแบบอย่างที่ดีแก่ผู้เรียนได้ | E34: เสียงดังฟังชัดและจังหวะการพูดไม่ช้า/เร็วเกินไป | F34: มีประมวลรายวิชา "แต่ไม่มีการ" แนะนำเนื้อหาวิชา | G34: มีการจัดเตรียมสื่อการเรียนการสอนและรวบรวมแหล่งอ้างอิงไว้อย่างเหมาะสม | H34: มีการจัดการเรียนการสอนเป็นไปตามประมวลรายวิชาครบถ้วนและการนำเข้าสู่บทเรียนให้ข้อมูลที่เป็นประโยชน์แก่ผู้เรียนครบถ้วน | I34: มีการส่งเสริมให้ผู้เรียนได้ฝึกทักษะการคิดได้อย่างเหมาะสมดีมาก | J34: มีการส่งเสริมให้ผู้เรียนได้ฝึกทักษะการสื่อสารได้อย่างเหมาะสมดีมาก
A35: 46262.593 | B35: bnco1045@signalschool.ac.th | C35: ร.ท.ศุภรัชฎ หมอกสุข | D35: ลักษณะทางทหาร "ดีมาก" มีความเชื่อมั่นในตนเองเป็นแบบอย่างที่ดีแก่ผู้เรียนได้ | E35: เสียงดังฟังชัดและจังหวะการพูดไม่ช้า/เร็วเกินไป | F35: มีประมวลรายวิชาและแนะนำเนื้อหาวิชา | G35: มีการจัดเตรียมสื่อการเรียนการสอนและรวบรวมแหล่งอ้างอิงไว้อย่างเหมาะสม | H35: มีการจัดการเรียนการสอนเป็นไปตามประมวลรายวิชาครบถ้วนและการนำเข้าสู่บทเรียนให้ข้อมูลที่เป็นประโยชน์แก่ผู้เรียนครบถ้วน | I35: มีการส่งเสริมให้ผู้เรียนได้ฝึกทักษะการคิดได้อย่างเหมาะสมดีมาก | J35: มีการส่งเสริมให้ผู้เรียนได้ฝึกทักษะการสื่อสารได้อย่างเหมาะสมดีมาก
A36: 46262.612 | B36: bnco1080@signalschool.ac.th | C36: ร.ท.ศุภรัฐ หมอกสุข | D36: ลักษณะทางทหาร "ดีมาก" มีความเชื่อมั่นในตนเองเป็นแบบอย่างที่ดีแก่ผู้เรียนได้ | E36: เสียงดังฟังชัดและจังหวะการพูดไม่ช้า/เร็วเกินไป | F36: มีประมวลรายวิชาและแนะนำเนื้อหาวิชา | G36: มีการจัดเตรียมสื่อการเรียนการสอนและรวบรวมแหล่งอ้างอิงไว้อย่างเหมาะสม | H36: มีการจัดการเรียนการสอนเป็นไปตามประมวลรายวิชาครบถ้วนและการนำเข้าสู่บทเรียนให้ข้อมูลที่เป็นประโยชน์แก่ผู้เรียนครบถ้วน | I36: มีการส่งเสริมให้ผู้เรียนได้ฝึกทักษะการคิดได้อย่างเหมาะสมดีมาก | J36: มีการส่งเสริมให้ผู้เรียนได้ฝึกทักษะการสื่อสารได้อย่างเหมาะสมดีมาก
A37: 46262.628 | B37: bnco1064@signalschool.ac.th | C37: ร.ท.ศุภัชฏ หมอกสุข | D37: ลักษณะทางทหาร "ดีมาก" มีความเชื่อมั่นในตนเองเป็นแบบอย่างที่ดีแก่ผู้เรียนได้ | E37: เสียงดังฟังชัดและจังหวะการพูดไม่ช้า/เร็วเกินไป | F37: มีประมวลรายวิชาและแนะนำเนื้อหาวิชา | G37: มีการจัดเตรียมสื่อการเรียนการสอนและรวบรวมแหล่งอ้างอิงไว้อย่างเหมาะสม | H37: มีการจัดการเรียนการสอนเป็นไปตามประมวลรายวิชาครบถ้วนและการนำเข้าสู่บทเรียนให้ข้อมูลที่เป็นประโยชน์แก่ผู้เรียนครบถ้วน | I37: มีการส่งเสริมให้ผู้เรียนได้ฝึกทักษะการคิดได้อย่างเหมาะสมดีมาก | J37: มีการส่งเสริมให้ผู้เรียนได้ฝึกทักษะการสื่อสารได้อย่างเหมาะสมดีมาก | K37: -
A38: 46262.643 | B38: bnco1021@signalschool.ac.th | C38: ร.ท.ศุภรัชฎ หมอกสุข | D38: ลักษณะทางทหาร "ดีมาก" มีความเชื่อมั่นในตนเองเป็นแบบอย่างที่ดีแก่ผู้เรียนได้ | E38: เสียงดังฟังชัดและจังหวะการพูดไม่ช้า/เร็วเกินไป | F38: มีประมวลรายวิชาและแนะนำเนื้อหาวิชา | G38: มีการจัดเตรียมสื่อการเรียนการสอนและรวบรวมแหล่งอ้างอิงไว้อย่างเหมาะสม | H38: มีการจัดการเรียนการสอนเป็นไปตามประมวลรายวิชาครบถ้วนและการนำเข้าสู่บทเรียนให้ข้อมูลที่เป็นประโยชน์แก่ผู้เรียนครบถ้วน | I38: มีการส่งเสริมให้ผู้เรียนได้ฝึกทักษะการคิดได้อย่างเหมาะสมดีมาก | J38: มีการส่งเสริมให้ผู้เรียนได้ฝึกทักษะการสื่อสารได้อย่างเหมาะสมดีมาก
A39: 46262.645 | B39: bnco1027@signalschool.ac.th | C39: ร.ท.ศุภรัชฏ หมอกสุข | D39: ลักษณะทางทหาร "ดีมาก" มีความเชื่อมั่นในตนเองเป็นแบบอย่างที่ดีแก่ผู้เรียนได้ | E39: เสียงดังฟังชัดและจังหวะการพูดไม่ช้า/เร็วเกินไป | F39: มีประมวลรายวิชาและแนะนำเนื้อหาวิชา | G39: มีการจัดเตรียมสื่อการเรียนการสอนและรวบรวมแหล่งอ้างอิงไว้อย่างเหมาะสม | H39: มีการจัดการเรียนการสอนเป็นไปตามประมวลรายวิชาครบถ้วนและการนำเข้าสู่บทเรียนให้ข้อมูลที่เป็นประโยชน์แก่ผู้เรียนครบถ้วน | I39: มีการส่งเสริมให้ผู้เรียนได้ฝึกทักษะการคิดได้อย่างเหมาะสมดีมาก | J39: มีการส่งเสริมให้ผู้เรียนได้ฝึกทักษะการสื่อสารได้อย่างเหมาะสมดีมาก | K39: -
A40: 46262.741 | B40: bnco1072@signalschool.ac.th | C40: ร.ท.ศุภรัชฎ หมอกสุข | D40: ลักษณะทางทหาร "ดีมาก" มีความเชื่อมั่นในตนเองเป็นแบบอย่างที่ดีแก่ผู้เรียนได้ | E40: เสียงดังฟังชัดและจังหวะการพูดไม่ช้า/เร็วเกินไป | F40: มีประมวลรายวิชาและแนะนำเนื้อหาวิชา | G40: มีการจัดเตรียมสื่อการเรียนการสอนและรวบรวมแหล่งอ้างอิงไว้อย่างเหมาะสม | H40: มีการจัดการเรียนการสอนเป็นไปตามประมวลรายวิชาครบถ้วนและการนำเข้าสู่บทเรียนให้ข้อมูลที่เป็นประโยชน์แก่ผู้เรียนครบถ้วน | I40: มีการส่งเสริมให้ผู้เรียนได้ฝึกทักษะการคิดได้อย่างเหมาะสมดีมาก | J40: มีการส่งเสริมให้ผู้เรียนได้ฝึกทักษะการสื่อสารได้อย่างเหมาะสมดีมาก
A41: 46262.796 | B41: bnco1014@signalschool.ac.th | C41: ร.อ.ศุภรัชฏ หมอกสุข | D41: ลักษณะทางทหาร "ดีมาก" มีความเชื่อมั่นในตนเองเป็นแบบอย่างที่ดีแก่ผู้เรียนได้ | E41: เสียงดังฟังชัดและจังหวะการพูดไม่ช้า/เร็วเกินไป | F41: มีประมวลรายวิชาและแนะนำเนื้อหาวิชา | G41: มีการจัดเตรียมสื่อการเรียนการสอนและรวบรวมแหล่งอ้างอิงไว้อย่างเหมาะสม | H41: มีการจัดการเรียนการสอนเป็นไปตามประมวลรายวิชาครบถ้วนและการนำเข้าสู่บทเรียนให้ข้อมูลที่เป็นประโยชน์แก่ผู้เรียนครบถ้วน | I41: มีการส่งเสริมให้ผู้เรียนได้ฝึกทักษะการคิดได้อย่างเหมาะสมดีมาก | J41: มีการส่งเสริมให้ผู้เรียนได้ฝึกทักษะการสื่อสารได้อย่างเหมาะสมดีมาก
A42: 46262.872 | B42: bnco1076@signalschool.ac.th | C42: ร.ท. ศุภรัชฎ หมอกสุข | D42: ลักษณะทางทหาร "ดีมาก" มีความเชื่อมั่นในตนเองเป็นแบบอย่างที่ดีแก่ผู้เรียนได้ | E42: เสียงดังฟังชัดและจังหวะการพูดไม่ช้า/เร็วเกินไป | F42: มีประมวลรายวิชาและแนะนำเนื้อหาวิชา | G42: มีการจัดเตรียมสื่อการเรียนการสอนและรวบรวมแหล่งอ้างอิงไว้อย่างเหมาะสม | H42: มีการจัดการเรียนการสอนเป็นไปตามประมวลรายวิชาครบถ้วนและการนำเข้าสู่บทเรียนให้ข้อมูลที่เป็นประโยชน์แก่ผู้เรียนครบถ้วน | I42: มีการส่งเสริมให้ผู้เรียนได้ฝึกทักษะการคิดได้อย่างเหมาะสมดีมาก | J42: มีการส่งเสริมให้ผู้เรียนได้ฝึกทักษะการสื่อสารได้อย่างเหมาะสมดีมาก
A43: 46262.956 | B43: bnco1071@signalschool.ac.th | C43: ร.ท.ศุภรัชฎ หมอกสุข | D43: ลักษณะทางทหาร "ดีมาก" มีความเชื่อมั่นในตนเองเป็นแบบอย่างที่ดีแก่ผู้เรียนได้ | E43: เสียงดังฟังชัดและจังหวะการพูดไม่ช้า/เร็วเกินไป | F43: มีประมวลรายวิชาและแนะนำเนื้อหาวิชา | G43: มีการจัดเตรียมสื่อการเรียนการสอนและรวบรวมแหล่งอ้างอิงไว้อย่างเหมาะสม | H43: มีการจัดการเรียนการสอนเป็นไปตามประมวลรายวิชาครบถ้วนและการนำเข้าสู่บทเรียนให้ข้อมูลที่เป็นประโยชน์แก่ผู้เรียนครบถ้วน | I43: มีการส่งเสริมให้ผู้เรียนได้ฝึกทักษะการคิดได้อย่างเหมาะสมดีมาก | J43: มีการส่งเสริมให้ผู้เรียนได้ฝึกทักษะการสื่อสารได้อย่างเหมาะสมดีมาก
A44: 46262.96 | B44: bnco1061@signalschool.ac.th | C44: ร.ท.ศุภรัชฏ หมอกสุข | D44: ลักษณะทางทหาร "ดีมาก" มีความเชื่อมั่นในตนเองเป็นแบบอย่างที่ดีแก่ผู้เรียนได้ | E44: เสียงดังฟังชัดและจังหวะการพูดไม่ช้า/เร็วเกินไป | F44: มีประมวลรายวิชาและแนะนำเนื้อหาวิชา | G44: มีการจัดเตรียมสื่อการเรียนการสอนและรวบรวมแหล่งอ้างอิงไว้อย่างเหมาะสม | H44: มีการจัดการเรียนการสอนเป็นไปตามประมวลรายวิชาครบถ้วนและการนำเข้าสู่บทเรียนให้ข้อมูลที่เป็นประโยชน์แก่ผู้เรียนครบถ้วน | I44: มีการส่งเสริมให้ผู้เรียนได้ฝึกทักษะการคิดได้อย่างเหมาะสมดีมาก | J44: มีการส่งเสริมให้ผู้เรียนได้ฝึกทักษะการสื่อสารได้อย่างเหมาะสมดีมาก
A45: 46263.605 | B45: bnco1054@signalschool.ac.th | C45: ร.ท.ศุภรัชฎ หมอกสุข | D45: ลักษณะทางทหาร "ดีมาก" มีความเชื่อมั่นในตนเองเป็นแบบอย่างที่ดีแก่ผู้เรียนได้ | E45: เสียงดังฟังชัดและจังหวะการพูดไม่ช้า/เร็วเกินไป | F45: มีประมวลรายวิชาและแนะนำเนื้อหาวิชา | G45: มีการจัดเตรียมสื่อการเรียนการสอนและรวบรวมแหล่งอ้างอิงไว้อย่างเหมาะสม | H45: มีการจัดการเรียนการสอนเป็นไปตามประมวลรายวิชาครบถ้วนและการนำเข้าสู่บทเรียนให้ข้อมูลที่เป็นประโยชน์แก่ผู้เรียนครบถ้วน | I45: มีการส่งเสริมให้ผู้เรียนได้ฝึกทักษะการคิดได้อย่างเหมาะสมดีมาก | J45: มีการส่งเสริมให้ผู้เรียนได้ฝึกทักษะการสื่อสารได้อย่างเหมาะสมดีมาก
A46: 46263.714 | B46: bnco1023@signalschool.ac.th | C46: ร.ท. ศุภรัชฏ หมอกสุข | D46: ลักษณะทางทหาร "ดีมาก" มีความเชื่อมั่นในตนเองเป็นแบบอย่างที่ดีแก่ผู้เรียนได้ | E46: เสียงดังฟังชัดและจังหวะการพูดไม่ช้า/เร็วเกินไป | F46: มีประมวลรายวิชาและแนะนำเนื้อหาวิชา | G46: มีการจัดเตรียมสื่อการเรียนการสอนและรวบรวมแหล่งอ้างอิงไว้อย่างเหมาะสม | H46: มีการจัดการเรียนการสอนเป็นไปตามประมวลรายวิชาครบถ้วนและการนำเข้าสู่บทเรียนให้ข้อมูลที่เป็นประโยชน์แก่ผู้เรียนครบถ้วน | I46: มีการส่งเสริมให้ผู้เรียนได้ฝึกทักษะการคิดได้อย่างเหมาะสมดีมาก | J46: มีการส่งเสริมให้ผู้เรียนได้ฝึกทักษะการสื่อสารได้อย่างเหมาะสมดีมาก
A47: 46264.528 | B47: bnco1015@signalschool.ac.th | C47: ร.อ.ศุภรัชฎ หมอกสุข | D47: ลักษณะทางทหาร "ดีมาก" มีความเชื่อมั่นในตนเองเป็นแบบอย่างที่ดีแก่ผู้เรียนได้ | E47: เสียงดังฟังชัดและจังหวะการพูดไม่ช้า/เร็วเกินไป | F47: มีประมวลรายวิชาและแนะนำเนื้อหาวิชา | G47: มีการจัดเตรียมสื่อการเรียนการสอนและรวบรวมแหล่งอ้างอิงไว้อย่างเหมาะสม | H47: มีการจัดการเรียนการสอนเป็นไปตามประมวลรายวิชาครบถ้วนและการนำเข้าสู่บทเรียนให้ข้อมูลที่เป็นประโยชน์แก่ผู้เรียนครบถ้วน | I47: มีการส่งเสริมให้ผู้เรียนได้ฝึกทักษะการคิดได้อย่างเหมาะสมดีมาก | J47: มีการส่งเสริมให้ผู้เรียนได้ฝึกทักษะการสื่อสารได้อย่างเหมาะสมดีมาก
A48: 46264.651 | B48: bnco1002@signalschool.ac.th | C48: ร.ท. ศุภรัฎ หมอกสุข | D48: ลักษณะทางทหาร "ดีมาก" มีความเชื่อมั่นในตนเองเป็นแบบอย่างที่ดีแก่ผู้เรียนได้ | E48: เสียงดังฟังชัดและจังหวะการพูดไม่ช้า/เร็วเกินไป | F48: มีประมวลรายวิชาและแนะนำเนื้อหาวิชา | G48: มีการจัดเตรียมสื่อการเรียนการสอนและรวบรวมแหล่งอ้างอิงไว้อย่างเหมาะสม | H48: มีการจัดการเรียนการสอนเป็นไปตามประมวลรายวิชาครบถ้วนและการนำเข้าสู่บทเรียนให้ข้อมูลที่เป็นประโยชน์แก่ผู้เรียนครบถ้วน | I48: มีการส่งเสริมให้ผู้เรียนได้ฝึกทักษะการคิดได้อย่างเหมาะสมดีมาก | J48: มีการส่งเสริมให้ผู้เรียนได้ฝึกทักษะการสื่อสารได้อย่างเหมาะสมดีมาก
A49: 46264.879 | B49: edu.rad@signalschool.ac.th | C49: ครูอาจารย์ รร.ส.สส. | D49: ลักษณะทางทหาร "ดีมาก" มีความเชื่อมั่นในตนเองเป็นแบบอย่างที่ดีแก่ผู้เรียนได้ | E49: เสียงดังฟังชัดและจังหวะการพูดไม่ช้า/เร็วเกินไป | F49: มีประมวลรายวิชาและแนะนำเนื้อหาวิชา | G49: มีการจัดเตรียมสื่อการเรียนการสอนและรวบรวมแหล่งอ้างอิงไว้อย่างเหมาะสม | H49: มีการจัดการเรียนการสอนเป็นไปตามประมวลรายวิชาครบถ้วนและการนำเข้าสู่บทเรียนให้ข้อมูลที่เป็นประโยชน์แก่ผู้เรียนครบถ้วน | I49: มีการส่งเสริมให้ผู้เรียนได้ฝึกทักษะการคิดได้อย่างเหมาะสมดีมาก | J49: มีการส่งเสริมให้ผู้เรียนได้ฝึกทักษะการสื่อสารได้อย่างเหมาะสมดีมาก
A50: 46265.325 | B50: bnco1059@signalschool.ac.th | C50: ร.ท.ศุภรัชฏ หมอกสุข | D50: ลักษณะทางทหาร "ดีมาก" มีความเชื่อมั่นในตนเองเป็นแบบอย่างที่ดีแก่ผู้เรียนได้ | E50: เสียงดังฟังชัดและจังหวะการพูดไม่ช้า/เร็วเกินไป | F50: มีประมวลรายวิชาและแนะนำเนื้อหาวิชา | G50: มีการจัดเตรียมสื่อการเรียนการสอนและรวบรวมแหล่งอ้างอิงไว้อย่างเหมาะสม | H50: มีการจัดการเรียนการสอนเป็นไปตามประมวลรายวิชาครบถ้วนและการนำเข้าสู่บทเรียนให้ข้อมูลที่เป็นประโยชน์แก่ผู้เรียนครบถ้วน | I50: มีการส่งเสริมให้ผู้เรียนได้ฝึกทักษะการคิดได้อย่างเหมาะสมดีมาก | J50: มีการส่งเสริมให้ผู้เรียนได้ฝึกทักษะการสื่อสารได้อย่างเหมาะสมดีมาก
A51: 46265.679 | B51: bnco1046@signalschool.ac.th | C51: ร.อ.ศุภรัชฏ หมอกสุข | D51: ลักษณะทางทหาร "ดีมาก" มีความเชื่อมั่นในตนเองเป็นแบบอย่างที่ดีแก่ผู้เรียนได้ | E51: เสียงดังฟังชัดและจังหวะการพูดไม่ช้า/เร็วเกินไป | F51: มีประมวลรายวิชาและแนะนำเนื้อหาวิชา | G51: มีการจัดเตรียมสื่อการเรียนการสอนและรวบรวมแหล่งอ้างอิงไว้อย่างเหมาะสม | H51: มีการจัดการเรียนการสอนเป็นไปตามประมวลรายวิชาครบถ้วนและการนำเข้าสู่บทเรียนให้ข้อมูลที่เป็นประโยชน์แก่ผู้เรียนครบถ้วน | I51: มีการส่งเสริมให้ผู้เรียนได้ฝึกทักษะการคิดได้อย่างเหมาะสมดีมาก | J51: มีการส่งเสริมให้ผู้เรียนได้ฝึกทักษะการสื่อสารได้อย่างเหมาะสมดีมาก
... A66: 46267.68 | B66: bnco1011@signalschool.ac.th | C66: ร.ท.ศุภรัชฏ หมอกสุข | D66: ลักษณะทางทหาร "ดีมาก" มีความเชื่อมั่นในตนเองเป็นแบบอย่างที่ดีแก่ผู้เรียนได้ | E66: เสียงดังฟังชัดและจังหวะการพูดไม่ช้า/เร็วเกินไป | F66: มีประมวลรายวิชาและแนะนำเนื้อหาวิชา | G66: มีการจัดเตรียมสื่อการเรียนการสอนและรวบรวมแหล่งอ้างอิงไว้อย่างเหมาะสม | H66: มีการจัดการเรียนการสอนเป็นไปตามประมวลรายวิชาครบถ้วนและการนำเข้าสู่บทเรียนให้ข้อมูลที่เป็นประโยชน์แก่ผู้เรียนครบถ้วน | I66: มีการส่งเสริมให้ผู้เรียนได้ฝึกทักษะการคิดได้อย่างเหมาะสมดีมาก | J66: มีการส่งเสริมให้ผู้เรียนได้ฝึกทักษะการสื่อสารได้อย่างเหมาะสมดีมาก
A67: 46267.851 | B67: bnco1026@signalschool.ac.th | C67: อาจารย์ผู้สอน | D67: ลักษณะทางทหาร "ดีมาก" มีความเชื่อมั่นในตนเองเป็นแบบอย่างที่ดีแก่ผู้เรียนได้ | E67: เสียงดังฟังชัดและจังหวะการพูดไม่ช้า/เร็วเกินไป | F67: มีประมวลรายวิชาและแนะนำเนื้อหาวิชา | G67: มีการจัดเตรียมสื่อการเรียนการสอนและรวบรวมแหล่งอ้างอิงไว้อย่างเหมาะสม | H67: มีการจัดการเรียนการสอนเป็นไปตามประมวลรายวิชาครบถ้วนและการนำเข้าสู่บทเรียนให้ข้อมูลที่เป็นประโยชน์แก่ผู้เรียนครบถ้วน | I67: มีการส่งเสริมให้ผู้เรียนได้ฝึกทักษะการคิดได้อย่างเหมาะสม | J67: มีการส่งเสริมให้ผู้เรียนได้ฝึกทักษะการสื่อสารได้อย่างเหมาะสมดีมาก | K67: -
A68: 46268.344 | B68: bnco1040@signalschool.ac.th | C68: ร.ท.ศุภรัชฎ หมอกสุข | D68: ลักษณะทางทหาร "ดีมาก" มีความเชื่อมั่นในตนเองเป็นแบบอย่างที่ดีแก่ผู้เรียนได้ | E68: เสียงดังฟังชัดและจังหวะการพูดไม่ช้า/เร็วเกินไป | F68: มีประมวลรายวิชาและแนะนำเนื้อหาวิชา | G68: มีการจัดเตรียมสื่อการเรียนการสอนและรวบรวมแหล่งอ้างอิงไว้อย่างเหมาะสม | H68: มีการจัดการเรียนการสอนเป็นไปตามประมวลรายวิชาครบถ้วนและการนำเข้าสู่บทเรียนให้ข้อมูลที่เป็นประโยชน์แก่ผู้เรียนครบถ้วน | I68: มีการส่งเสริมให้ผู้เรียนได้ฝึกทักษะการคิดได้อย่างเหมาะสมดีมาก | J68: มีการส่งเสริมให้ผู้เรียนได้ฝึกทักษะการสื่อสารได้อย่างเหมาะสมดีมาก

Sheet ค่า 1.4
A1: ประทับเวลา | B1: ที่อยู่อีเมล | C1: ยศ ชื่อ-สกุล ครู-อาจารย์ผู้สอน | E1: 1. บุคลิกภาพและลักษณะท่าทางของอาจารย์ผู้สอน | F1: 2. การพูดและการใช้นํ้าเสียง | G1: 3. การเตรียมการสอน | H1: 4. การจัดเตรียมสื่อการสอน | I1: 5. การถ่ายทอดความรู้และการนำเข้าสู่บทเรียน | J1: 6. ผู้เรียนได้ฝึกทักษะการคิดวิเคราะห์ หรือการพัฒนาความคิดสร้างสรรค์จากการเรียนรายวิชานี้มากน้อยเพียงใด | K1: 7. ผู้เรียนได้ฝึกทักษะการสื่อสาร การนำเสนอ และการใช้งานเทคโนโลยีสารสนเทศจากการเรียนรายวิชานี้มากน้อยเพียงใด | M1: ตรวจสอบผู้เข้าประเมิน
A2: ='1.4'!A:A -> 46262.413 | B2: ='1.4'!B:B -> bnco1013@signalschool.ac.th | C2: ='1.4'!C:C -> จ.ส.ต.ภานุพงษ์ ใจเฉื่อย | D2: 1 | E2: =IFERROR(vlookup('1.4'!D:D,lookup!$A$2:$B$4,2,false),0) -> 5 | F2: =IFERROR(vlookup('1.4'!E:E,lookup!$A$6:$B$8,2,false),0) -> 5 | G2: =IFERROR(vlookup('1.4'!F:F,lookup!$A$10:$B$12,2,false),0) -> 5 | H2: =IFERROR(vlookup('1.4'!G:G,lookup!$A$14:$B$16,2,false),0) -> 5 | I2: =IFERROR(vlookup('1.4'!H:H,lookup!$A$18:$B$20,2,false),0) -> 5 | J2: =IFERROR(vlookup('1.4'!I:I,lookup!$A$22:$B$24,2,false),0) -> 5 | K2: =IFERROR(vlookup('1.4'!J:J,lookup!$A$26:$B$28,2,false),0) -> 5 | M2: 1 | N2: =CONCAT(R2,"@signalschool.ac.th") -> bnco1001@signalschool.ac.th | O2: =IFERROR(VLOOKUP(N2,B$2:D$81,3,FALSE),0) -> 1 | R2: bnco1001
A3: ='1.4'!A:A -> 46262.416 | B3: ='1.4'!B:B -> bnco1009@signalschool.ac.th | C3: ='1.4'!C:C -> ร.ท.ศุภรัชฏ หมอกสุข | D3: 1 | E3: =IFERROR(vlookup('1.4'!D:D,lookup!$A$2:$B$4,2,false),0) -> 5 | F3: =IFERROR(vlookup('1.4'!E:E,lookup!$A$6:$B$8,2,false),0) -> 5 | G3: =IFERROR(vlookup('1.4'!F:F,lookup!$A$10:$B$12,2,false),0) -> 5 | H3: =IFERROR(vlookup('1.4'!G:G,lookup!$A$14:$B$16,2,false),0) -> 5 | I3: =IFERROR(vlookup('1.4'!H:H,lookup!$A$18:$B$20,2,false),0) -> 5 | J3: =IFERROR(vlookup('1.4'!I:I,lookup!$A$22:$B$24,2,false),0) -> 5 | K3: =IFERROR(vlookup('1.4'!J:J,lookup!$A$26:$B$28,2,false),0) -> 5 | M3: 2 | N3: =CONCAT(R3,"@signalschool.ac.th") -> bnco1002@signalschool.ac.th | O3: =IFERROR(VLOOKUP(N3,B$2:D$81,3,FALSE),0) -> 1 | R3: bnco1002
A4: ='1.4'!A:A -> 46262.418 | B4: ='1.4'!B:B -> bnco1058@signalschool.ac.th | C4: ='1.4'!C:C -> ร.ท.ศุภัชฎ หมอกสุข, จ.ส.ต. ภาณุพงษ์ ใจเฉือย | D4: 1 | E4: =IFERROR(vlookup('1.4'!D:D,lookup!$A$2:$B$4,2,false),0) -> 5 | F4: =IFERROR(vlookup('1.4'!E:E,lookup!$A$6:$B$8,2,false),0) -> 5 | G4: =IFERROR(vlookup('1.4'!F:F,lookup!$A$10:$B$12,2,false),0) -> 5 | H4: =IFERROR(vlookup('1.4'!G:G,lookup!$A$14:$B$16,2,false),0) -> 5 | I4: =IFERROR(vlookup('1.4'!H:H,lookup!$A$18:$B$20,2,false),0) -> 5 | J4: =IFERROR(vlookup('1.4'!I:I,lookup!$A$22:$B$24,2,false),0) -> 5 | K4: =IFERROR(vlookup('1.4'!J:J,lookup!$A$26:$B$28,2,false),0) -> 5 | M4: 3 | N4: =CONCAT(R4,"@signalschool.ac.th") -> bnco1003@signalschool.ac.th | O4: =IFERROR(VLOOKUP(N4,B$2:D$81,3,FALSE),0) -> 1 | R4: bnco1003
A5: ='1.4'!A:A -> 46262.419 | B5: ='1.4'!B:B -> bnco1056@signalschool.ac.th | C5: ='1.4'!C:C -> ร.ท. ศุภรัชฏ หมอกสุข | D5: 1 | E5: =IFERROR(vlookup('1.4'!D:D,lookup!$A$2:$B$4,2,false),0) -> 5 | F5: =IFERROR(vlookup('1.4'!E:E,lookup!$A$6:$B$8,2,false),0) -> 5 | G5: =IFERROR(vlookup('1.4'!F:F,lookup!$A$10:$B$12,2,false),0) -> 5 | H5: =IFERROR(vlookup('1.4'!G:G,lookup!$A$14:$B$16,2,false),0) -> 5 | I5: =IFERROR(vlookup('1.4'!H:H,lookup!$A$18:$B$20,2,false),0) -> 5 | J5: =IFERROR(vlookup('1.4'!I:I,lookup!$A$22:$B$24,2,false),0) -> 5 | K5: =IFERROR(vlookup('1.4'!J:J,lookup!$A$26:$B$28,2,false),0) -> 5 | M5: 4 | N5: =CONCAT(R5,"@signalschool.ac.th") -> bnco1004@signalschool.ac.th | O5: =IFERROR(VLOOKUP(N5,B$2:D$81,3,FALSE),0) -> 1 | R5: bnco1004
A6: ='1.4'!A:A -> 46262.425 | B6: ='1.4'!B:B -> bnco1062@signalschool.ac.th | C6: ='1.4'!C:C -> จ.ส.ต. ภานุพงษ์ ใจเฉื่อย | D6: 1 | E6: =IFERROR(vlookup('1.4'!D:D,lookup!$A$2:$B$4,2,false),0) -> 5 | F6: =IFERROR(vlookup('1.4'!E:E,lookup!$A$6:$B$8,2,false),0) -> 5 | G6: =IFERROR(vlookup('1.4'!F:F,lookup!$A$10:$B$12,2,false),0) -> 5 | H6: =IFERROR(vlookup('1.4'!G:G,lookup!$A$14:$B$16,2,false),0) -> 5 | I6: =IFERROR(vlookup('1.4'!H:H,lookup!$A$18:$B$20,2,false),0) -> 5 | J6: =IFERROR(vlookup('1.4'!I:I,lookup!$A$22:$B$24,2,false),0) -> 5 | K6: =IFERROR(vlookup('1.4'!J:J,lookup!$A$26:$B$28,2,false),0) -> 5 | M6: 5 | N6: =CONCAT(R6,"@signalschool.ac.th") -> bnco1005@signalschool.ac.th | O6: =IFERROR(VLOOKUP(N6,B$2:D$81,3,FALSE),0) -> 1 | R6: bnco1005
A7: ='1.4'!A:A -> 46262.427 | B7: ='1.4'!B:B -> bnco1041@signalschool.ac.th | C7: ='1.4'!C:C -> ร.ท.ศุภรัชฏ หมอกสุข | D7: 1 | E7: =IFERROR(vlookup('1.4'!D:D,lookup!$A$2:$B$4,2,false),0) -> 5 | F7: =IFERROR(vlookup('1.4'!E:E,lookup!$A$6:$B$8,2,false),0) -> 5 | G7: =IFERROR(vlookup('1.4'!F:F,lookup!$A$10:$B$12,2,false),0) -> 5 | H7: =IFERROR(vlookup('1.4'!G:G,lookup!$A$14:$B$16,2,false),0) -> 5 | I7: =IFERROR(vlookup('1.4'!H:H,lookup!$A$18:$B$20,2,false),0) -> 5 | J7: =IFERROR(vlookup('1.4'!I:I,lookup!$A$22:$B$24,2,false),0) -> 5 | K7: =IFERROR(vlookup('1.4'!J:J,lookup!$A$26:$B$28,2,false),0) -> 5 | M7: 6 | N7: =CONCAT(R7,"@signalschool.ac.th") -> bnco1006@signalschool.ac.th | O7: =IFERROR(VLOOKUP(N7,B$2:D$81,3,FALSE),0) -> 1 | R7: bnco1006
A8: ='1.4'!A:A -> 46262.436 | B8: ='1.4'!B:B -> bnco1012@signalschool.ac.th | C8: ='1.4'!C:C -> ร.ท.ศุภรัชฏ หมอกสุข | D8: 1 | E8: =IFERROR(vlookup('1.4'!D:D,lookup!$A$2:$B$4,2,false),0) -> 5 | F8: =IFERROR(vlookup('1.4'!E:E,lookup!$A$6:$B$8,2,false),0) -> 5 | G8: =IFERROR(vlookup('1.4'!F:F,lookup!$A$10:$B$12,2,false),0) -> 5 | H8: =IFERROR(vlookup('1.4'!G:G,lookup!$A$14:$B$16,2,false),0) -> 5 | I8: =IFERROR(vlookup('1.4'!H:H,lookup!$A$18:$B$20,2,false),0) -> 5 | J8: =IFERROR(vlookup('1.4'!I:I,lookup!$A$22:$B$24,2,false),0) -> 5 | K8: =IFERROR(vlookup('1.4'!J:J,lookup!$A$26:$B$28,2,false),0) -> 5 | M8: 7 | N8: =CONCAT(R8,"@signalschool.ac.th") -> bnco1007@signalschool.ac.th | O8: =IFERROR(VLOOKUP(N8,B$2:D$81,3,FALSE),0) -> 0 | R8: bnco1007
A9: ='1.4'!A:A -> 46262.437 | B9: ='1.4'!B:B -> bnco1006@signalschool.ac.th | C9: ='1.4'!C:C -> ร.ท.ศุภรัชฎ หมอกสุข | D9: 1 | E9: =IFERROR(vlookup('1.4'!D:D,lookup!$A$2:$B$4,2,false),0) -> 5 | F9: =IFERROR(vlookup('1.4'!E:E,lookup!$A$6:$B$8,2,false),0) -> 5 | G9: =IFERROR(vlookup('1.4'!F:F,lookup!$A$10:$B$12,2,false),0) -> 5 | H9: =IFERROR(vlookup('1.4'!G:G,lookup!$A$14:$B$16,2,false),0) -> 5 | I9: =IFERROR(vlookup('1.4'!H:H,lookup!$A$18:$B$20,2,false),0) -> 5 | J9: =IFERROR(vlookup('1.4'!I:I,lookup!$A$22:$B$24,2,false),0) -> 5 | K9: =IFERROR(vlookup('1.4'!J:J,lookup!$A$26:$B$28,2,false),0) -> 5 | M9: 8 | N9: =CONCAT(R9,"@signalschool.ac.th") -> bnco1008@signalschool.ac.th | O9: =IFERROR(VLOOKUP(N9,B$2:D$81,3,FALSE),0) -> 1 | R9: bnco1008
A10: ='1.4'!A:A -> 46262.443 | B10: ='1.4'!B:B -> bnco1051@signalschool.ac.th | C10: ='1.4'!C:C -> จ.ส.ต.ภานุพงษ์ ใจเฉื่อย | D10: 1 | E10: =IFERROR(vlookup('1.4'!D:D,lookup!$A$2:$B$4,2,false),0) -> 5 | F10: =IFERROR(vlookup('1.4'!E:E,lookup!$A$6:$B$8,2,false),0) -> 5 | G10: =IFERROR(vlookup('1.4'!F:F,lookup!$A$10:$B$12,2,false),0) -> 5 | H10: =IFERROR(vlookup('1.4'!G:G,lookup!$A$14:$B$16,2,false),0) -> 5 | I10: =IFERROR(vlookup('1.4'!H:H,lookup!$A$18:$B$20,2,false),0) -> 5 | J10: =IFERROR(vlookup('1.4'!I:I,lookup!$A$22:$B$24,2,false),0) -> 5 | K10: =IFERROR(vlookup('1.4'!J:J,lookup!$A$26:$B$28,2,false),0) -> 5 | M10: 9 | N10: =CONCAT(R10,"@signalschool.ac.th") -> bnco1009@signalschool.ac.th | O10: =IFERROR(VLOOKUP(N10,B$2:D$81,3,FALSE),0) -> 1 | R10: bnco1009
A11: ='1.4'!A:A -> 46262.443 | B11: ='1.4'!B:B -> bnco1050@signalschool.ac.th | C11: ='1.4'!C:C -> จ.ส.ต.ภานุพงษ์ ใจเฉื่อย | D11: 1 | E11: =IFERROR(vlookup('1.4'!D:D,lookup!$A$2:$B$4,2,false),0) -> 5 | F11: =IFERROR(vlookup('1.4'!E:E,lookup!$A$6:$B$8,2,false),0) -> 5 | G11: =IFERROR(vlookup('1.4'!F:F,lookup!$A$10:$B$12,2,false),0) -> 5 | H11: =IFERROR(vlookup('1.4'!G:G,lookup!$A$14:$B$16,2,false),0) -> 5 | I11: =IFERROR(vlookup('1.4'!H:H,lookup!$A$18:$B$20,2,false),0) -> 5 | J11: =IFERROR(vlookup('1.4'!I:I,lookup!$A$22:$B$24,2,false),0) -> 5 | K11: =IFERROR(vlookup('1.4'!J:J,lookup!$A$26:$B$28,2,false),0) -> 5 | M11: 10 | N11: =CONCAT(R11,"@signalschool.ac.th") -> bnco1010@signalschool.ac.th | O11: =IFERROR(VLOOKUP(N11,B$2:D$81,3,FALSE),0) -> 0 | R11: bnco1010
A12: ='1.4'!A:A -> 46262.445 | B12: ='1.4'!B:B -> bnco1052@signalschool.ac.th | C12: ='1.4'!C:C -> ร.ท.ศุภรัชฎ หมอกสุข | D12: 1 | E12: =IFERROR(vlookup('1.4'!D:D,lookup!$A$2:$B$4,2,false),0) -> 5 | F12: =IFERROR(vlookup('1.4'!E:E,lookup!$A$6:$B$8,2,false),0) -> 5 | G12: =IFERROR(vlookup('1.4'!F:F,lookup!$A$10:$B$12,2,false),0) -> 5 | H12: =IFERROR(vlookup('1.4'!G:G,lookup!$A$14:$B$16,2,false),0) -> 5 | I12: =IFERROR(vlookup('1.4'!H:H,lookup!$A$18:$B$20,2,false),0) -> 5 | J12: =IFERROR(vlookup('1.4'!I:I,lookup!$A$22:$B$24,2,false),0) -> 5 | K12: =IFERROR(vlookup('1.4'!J:J,lookup!$A$26:$B$28,2,false),0) -> 5 | M12: 11 | N12: =CONCAT(R12,"@signalschool.ac.th") -> bnco1011@signalschool.ac.th | O12: =IFERROR(VLOOKUP(N12,B$2:D$81,3,FALSE),0) -> 1 | R12: bnco1011
A13: ='1.4'!A:A -> 46262.445 | B13: ='1.4'!B:B -> bnco1018@signalschool.ac.th | C13: ='1.4'!C:C -> ร.ท.ศุภรัชฎ หมอกสุข | D13: 1 | E13: =IFERROR(vlookup('1.4'!D:D,lookup!$A$2:$B$4,2,false),0) -> 5 | F13: =IFERROR(vlookup('1.4'!E:E,lookup!$A$6:$B$8,2,false),0) -> 5 | G13: =IFERROR(vlookup('1.4'!F:F,lookup!$A$10:$B$12,2,false),0) -> 5 | H13: =IFERROR(vlookup('1.4'!G:G,lookup!$A$14:$B$16,2,false),0) -> 5 | I13: =IFERROR(vlookup('1.4'!H:H,lookup!$A$18:$B$20,2,false),0) -> 5 | J13: =IFERROR(vlookup('1.4'!I:I,lookup!$A$22:$B$24,2,false),0) -> 5 | K13: =IFERROR(vlookup('1.4'!J:J,lookup!$A$26:$B$28,2,false),0) -> 5 | M13: 12 | N13: =CONCAT(R13,"@signalschool.ac.th") -> bnco1012@signalschool.ac.th | O13: =IFERROR(VLOOKUP(N13,B$2:D$81,3,FALSE),0) -> 1 | R13: bnco1012
... A81: ='1.4'!A:A | B81: ='1.4'!B:B | C81: ='1.4'!C:C | D81: 1 | E81: =IFERROR(vlookup('1.4'!D:D,lookup!$A$2:$B$4,2,false),0) -> 0 | F81: =IFERROR(vlookup('1.4'!E:E,lookup!$A$6:$B$8,2,false),0) -> 0 | G81: =IFERROR(vlookup('1.4'!F:F,lookup!$A$10:$B$12,2,false),0) -> 0 | H81: =IFERROR(vlookup('1.4'!G:G,lookup!$A$14:$B$16,2,false),0) -> 0 | I81: =IFERROR(vlookup('1.4'!H:H,lookup!$A$18:$B$20,2,false),0) -> 0 | J81: =IFERROR(vlookup('1.4'!I:I,lookup!$A$22:$B$24,2,false),0) -> 0 | K81: =IFERROR(vlookup('1.4'!J:J,lookup!$A$26:$B$28,2,false),0) -> 0 | M81: 80 | N81: =CONCAT(R81,"@signalschool.ac.th") -> bnco1080@signalschool.ac.th | O81: =IFERROR(VLOOKUP(N81,B$2:D$81,3,FALSE),0) -> 1 | R81: bnco1080
A82: ='1.4'!A:A | B82: ='1.4'!B:B | C82: ='1.4'!C:C
A83: ='1.4'!A:A | B83: ='1.4'!B:B | C83: ='1.4'!C:C
A84: ='1.4'!A:A | B84: ='1.4'!B:B | C84: ='1.4'!C:C
A85: ='1.4'!A:A | B85: ='1.4'!B:B | C85: ='1.4'!C:C
A86: ='1.4'!A:A | B86: ='1.4'!B:B | C86: ='1.4'!C:C
A87: ='1.4'!A:A | B87: ='1.4'!B:B | C87: ='1.4'!C:C
A88: ='1.4'!A:A | B88: ='1.4'!B:B | C88: ='1.4'!C:C
A89: ='1.4'!A:A | B89: ='1.4'!B:B | C89: ='1.4'!C:C
A90: ='1.4'!A:A | B90: ='1.4'!B:B | C90: ='1.4'!C:C
A91: ='1.4'!A:A | B91: ='1.4'!B:B | C91: ='1.4'!C:C
A92: ='1.4'!A:A | B92: ='1.4'!B:B | C92: ='1.4'!C:C
A93: ='1.4'!A:A | B93: ='1.4'!B:B | C93: ='1.4'!C:C
... A100: ='1.4'!A:A | B100: ='1.4'!B:B | C100: ='1.4'!C:C
A101: ='1.4'!A:A | B101: ='1.4'!B:B | C101: ='1.4'!C:C | N101: ยอดผู้เข้าประเมิน | O101: =SUM(O2:O81) -> 66
E102: =AVERAGE(E2:E81) -> 4.1625 | F102: =AVERAGE(F2:F81) -> 4.1375 | G102: =AVERAGE(G2:G81) -> 4.1375 | H102: =AVERAGE(H2:H81) -> 4.1625 | I102: =AVERAGE(I2:I81) -> 4.1375 | J102: =AVERAGE(J2:J81) -> 4.1375 | K102: =AVERAGE(K2:K81) -> 4.1625 | L102: =AVERAGE(E102:K102) -> 4.1482143 | N102: ภาพรวมร้อยละ | O102: =(O101*100)/80 -> 82.5

Sheet 1.5
A1: ประทับเวลา | B1: ที่อยู่อีเมล | C1: ยศ ชื่อ-สกุล ครู-อาจารย์ผู้สอน | D1: 1. บุคลิกภาพและลักษณะท่าทางของอาจารย์ผู้สอน | E1: 2. การพูดและการใช้นํ้าเสียง | F1: 3. การเตรียมการสอน | G1: 4. การจัดเตรียมสื่อการสอน | H1: 5. การถ่ายทอดความรู้และการนำเข้าสู่บทเรียน | I1: 6. ผู้เรียนได้ฝึกทักษะการคิดวิเคราะห์ หรือการพัฒนาความคิดสร้างสรรค์จากการเรียนรายวิชานี้มากน้อยเพียงใด | J1: 7. ผู้เรียนได้ฝึกทักษะการสื่อสาร การนำเสนอ และการใช้งานเทคโนโลยีสารสนเทศจากการเรียนรายวิชานี้มากน้อยเพียงใด | K1: ข้อเสนอแนะอื่นๆ
A2: 46262.416 | B2: bnco1009@signalschool.ac.th | C2: ร.ต.วสันต์ ทัศนามล | D2: ลักษณะทางทหาร "ดีมาก" มีความเชื่อมั่นในตนเองเป็นแบบอย่างที่ดีแก่ผู้เรียนได้ | E2: เสียงดังฟังชัดและจังหวะการพูดไม่ช้า/เร็วเกินไป | F2: มีประมวลรายวิชาและแนะนำเนื้อหาวิชา | G2: มีการจัดเตรียมสื่อการเรียนการสอนและรวบรวมแหล่งอ้างอิงไว้อย่างเหมาะสม | H2: มีการจัดการเรียนการสอนเป็นไปตามประมวลรายวิชาครบถ้วนและการนำเข้าสู่บทเรียนให้ข้อมูลที่เป็นประโยชน์แก่ผู้เรียนครบถ้วน | I2: มีการส่งเสริมให้ผู้เรียนได้ฝึกทักษะการคิดได้อย่างเหมาะสมดีมาก | J2: มีการส่งเสริมให้ผู้เรียนได้ฝึกทักษะการสื่อสารได้อย่างเหมาะสมดีมาก
A3: 46262.42 | B3: bnco1056@signalschool.ac.th | C3: ร.ต. วสันต์ ทัศนามล | D3: ลักษณะทางทหาร "ดีมาก" มีความเชื่อมั่นในตนเองเป็นแบบอย่างที่ดีแก่ผู้เรียนได้ | E3: เสียงดังฟังชัดและจังหวะการพูดไม่ช้า/เร็วเกินไป | F3: มีประมวลรายวิชาและแนะนำเนื้อหาวิชา | G3: มีการจัดเตรียมสื่อการเรียนการสอนและรวบรวมแหล่งอ้างอิงไว้อย่างเหมาะสม | H3: มีการจัดการเรียนการสอนเป็นไปตามประมวลรายวิชาครบถ้วนและการนำเข้าสู่บทเรียนให้ข้อมูลที่เป็นประโยชน์แก่ผู้เรียนครบถ้วน | I3: มีการส่งเสริมให้ผู้เรียนได้ฝึกทักษะการคิดได้อย่างเหมาะสมดีมาก | J3: มีการส่งเสริมให้ผู้เรียนได้ฝึกทักษะการสื่อสารได้อย่างเหมาะสมดีมาก
A4: 46262.425 | B4: bnco1012@signalschool.ac.th | C4: ร.ต.วสัน ทัศนามล | D4: ลักษณะทางทหาร "ดีมาก" มีความเชื่อมั่นในตนเองเป็นแบบอย่างที่ดีแก่ผู้เรียนได้ | E4: เสียงดังฟังชัดและจังหวะการพูดไม่ช้า/เร็วเกินไป | F4: มีประมวลรายวิชาและแนะนำเนื้อหาวิชา | G4: มีการจัดเตรียมสื่อการเรียนการสอนและรวบรวมแหล่งอ้างอิงไว้อย่างเหมาะสม | H4: มีการจัดการเรียนการสอนเป็นไปตามประมวลรายวิชาครบถ้วนและการนำเข้าสู่บทเรียนให้ข้อมูลที่เป็นประโยชน์แก่ผู้เรียนครบถ้วน | I4: มีการส่งเสริมให้ผู้เรียนได้ฝึกทักษะการคิดได้อย่างเหมาะสม | J4: มีการส่งเสริมให้ผู้เรียนได้ฝึกทักษะการสื่อสารได้อย่างเหมาะสมดีมาก | K4: ไม่มี
A5: 46262.428 | B5: bnco1041@signalschool.ac.th | C5: ร.ต.วสันต์ ทัศนามล | D5: ลักษณะทางทหาร "ดีมาก" มีความเชื่อมั่นในตนเองเป็นแบบอย่างที่ดีแก่ผู้เรียนได้ | E5: เสียงดังฟังชัดและจังหวะการพูดไม่ช้า/เร็วเกินไป | F5: มีประมวลรายวิชาและแนะนำเนื้อหาวิชา | G5: มีการจัดเตรียมสื่อการเรียนการสอนและรวบรวมแหล่งอ้างอิงไว้อย่างเหมาะสม | H5: มีการจัดการเรียนการสอนเป็นไปตามประมวลรายวิชาครบถ้วนและการนำเข้าสู่บทเรียนให้ข้อมูลที่เป็นประโยชน์แก่ผู้เรียนครบถ้วน | I5: มีการส่งเสริมให้ผู้เรียนได้ฝึกทักษะการคิดได้อย่างเหมาะสมดีมาก | J5: มีการส่งเสริมให้ผู้เรียนได้ฝึกทักษะการสื่อสารได้อย่างเหมาะสมดีมาก | K5: ผมชอบวิชานี้มากครับ สนุก มีเล่นเกมส์หลังเรียนบทเรียนจบ ทำให้ความรู้เข้าหัวมากครับ
A6: 46262.429 | B6: bnco1062@signalschool.ac.th | C6: ร.ต.วสันต์ ทัศนามล | D6: ลักษณะทางทหาร "ดีมาก" มีความเชื่อมั่นในตนเองเป็นแบบอย่างที่ดีแก่ผู้เรียนได้ | E6: เสียงดังฟังชัดและจังหวะการพูดไม่ช้า/เร็วเกินไป | F6: มีประมวลรายวิชาและแนะนำเนื้อหาวิชา | G6: มีการจัดเตรียมสื่อการเรียนการสอนและรวบรวมแหล่งอ้างอิงไว้อย่างเหมาะสม | H6: มีการจัดการเรียนการสอนเป็นไปตามประมวลรายวิชาครบถ้วนและการนำเข้าสู่บทเรียนให้ข้อมูลที่เป็นประโยชน์แก่ผู้เรียนครบถ้วน | I6: มีการส่งเสริมให้ผู้เรียนได้ฝึกทักษะการคิดได้อย่างเหมาะสมดีมาก | J6: มีการส่งเสริมให้ผู้เรียนได้ฝึกทักษะการสื่อสารได้อย่างเหมาะสมดีมาก
A7: 46262.442 | B7: bnco1006@signalschool.ac.th | C7: ร.ต.วสันต์ ทัศนามล | D7: ลักษณะทางทหาร "ดีมาก" มีความเชื่อมั่นในตนเองเป็นแบบอย่างที่ดีแก่ผู้เรียนได้ | E7: เสียงดังฟังชัดและจังหวะการพูดไม่ช้า/เร็วเกินไป | F7: มีประมวลรายวิชาและแนะนำเนื้อหาวิชา | G7: มีการจัดเตรียมสื่อการเรียนการสอน "แต่ไม่ปรากฏ" แหล่งอ้างอิง | H7: มีการจัดการเรียนการสอนเป็นไปตามประมวลรายวิชาบางส่วน "หรือ" การนำเข้าสู่บทเรียนให้ข้อมูลที่เป็นประโยชน์แก่ผู้เรียน (อย่างใดอย่างหนึ่ง) | I7: มีการส่งเสริมให้ผู้เรียนได้ฝึกทักษะการคิดได้อย่างเหมาะสมดีมาก | J7: มีการส่งเสริมให้ผู้เรียนได้ฝึกทักษะการสื่อสารได้อย่างเหมาะสมดีมาก
