Workbook

Sheet 1.1
A1: ประทับเวลา | B1: ที่อยู่อีเมล | C1: ยศ ชื่อ-สกุล ครู-อาจารย์ผู้สอน | D1: 1. บุคลิกภาพและลักษณะท่าทางของอาจารย์ผู้สอน | E1: 2. การพูดและการใช้นํ้าเสียง | F1: 3. การเตรียมการสอน | G1: 4. การจัดเตรียมสื่อการสอน | H1: 5. การถ่ายทอดความรู้และการนำเข้าสู่บทเรียน | I1: 6. ผู้เรียนได้ฝึกทักษะการคิดวิเคราะห์ หรือการพัฒนาความคิดสร้างสรรค์จากการเรียนรายวิชานี้มากน้อยเพียงใด | J1: 7. ผู้เรียนได้ฝึกทักษะการสื่อสาร การนำเสนอ และการใช้งานเทคโนโลยีสารสนเทศจากการเรียนรายวิชานี้มากน้อยเพียงใด | K1: ข้อเสนอแนะอื่นๆ
A2: 46181.522 | B2: bnco0910@signalschool.ac.th | C2: ส.อ.ไชยพร รัก รักษากุล | D2: ลักษณะทางทหาร "ดีมาก" มีความเชื่อมั่นในตนเองเป็นแบบอย่างที่ดีแก่ผู้เรียนได้ | E2: เสียงดังฟังชัดและจังหวะการพูดไม่ช้า/เร็วเกินไป | F2: มีประมวลรายวิชาและแนะนำเนื้อหาวิชา | G2: มีการจัดเตรียมสื่อการเรียนการสอนและรวบรวมแหล่งอ้างอิงไว้อย่างเหมาะสม | H2: มีการจัดการเรียนการสอนเป็นไปตามประมวลรายวิชาครบถ้วนและการนำเข้าสู่บทเรียนให้ข้อมูลที่เป็นประโยชน์แก่ผู้เรียนครบถ้วน | I2: มีการส่งเสริมให้ผู้เรียนได้ฝึกทักษะการคิดได้อย่างเหมาะสมดีมาก | J2: มีการส่งเสริมให้ผู้เรียนได้ฝึกทักษะการสื่อสารได้อย่างเหมาะสมดีมาก
A3: 46189.429 | B3: bnco0936@signalschool.ac.th | C3: จ.ส.ต.ภานุพงษ์ ใจเฉื่อย | D3: ลักษณะทางทหาร "ดีมาก" มีความเชื่อมั่นในตนเองเป็นแบบอย่างที่ดีแก่ผู้เรียนได้ | E3: เสียงดังฟังชัดและจังหวะการพูดไม่ช้า/เร็วเกินไป | F3: มีประมวลรายวิชาและแนะนำเนื้อหาวิชา | G3: มีการจัดเตรียมสื่อการเรียนการสอนและรวบรวมแหล่งอ้างอิงไว้อย่างเหมาะสม | H3: มีการจัดการเรียนการสอนเป็นไปตามประมวลรายวิชาครบถ้วนและการนำเข้าสู่บทเรียนให้ข้อมูลที่เป็นประโยชน์แก่ผู้เรียนครบถ้วน | I3: มีการส่งเสริมให้ผู้เรียนได้ฝึกทักษะการคิดได้อย่างเหมาะสมดีมาก | J3: มีการส่งเสริมให้ผู้เรียนได้ฝึกทักษะการสื่อสารได้อย่างเหมาะสมดีมาก
A4: 46189.435 | B4: bnco0940@signalschool.ac.th | C4: ส.อ.ไชยพร รักษากุล | D4: ลักษณะทางทหาร "ดีมาก" มีความเชื่อมั่นในตนเองเป็นแบบอย่างที่ดีแก่ผู้เรียนได้ | E4: เสียงดังฟังชัดและจังหวะการพูดไม่ช้า/เร็วเกินไป | F4: มีประมวลรายวิชาและแนะนำเนื้อหาวิชา | G4: มีการจัดเตรียมสื่อการเรียนการสอนและรวบรวมแหล่งอ้างอิงไว้อย่างเหมาะสม | H4: มีการจัดการเรียนการสอนเป็นไปตามประมวลรายวิชาครบถ้วนและการนำเข้าสู่บทเรียนให้ข้อมูลที่เป็นประโยชน์แก่ผู้เรียนครบถ้วน | I4: มีการส่งเสริมให้ผู้เรียนได้ฝึกทักษะการคิดได้อย่างเหมาะสมดีมาก | J4: มีการส่งเสริมให้ผู้เรียนได้ฝึกทักษะการสื่อสารได้อย่างเหมาะสมดีมาก | K4: -
A5: 46204.346 | B5: bnco0950@signalschool.ac.th | C5: ส.อ.ไชยพร รักษากุล | D5: ลักษณะทางทหาร "ดีมาก" มีความเชื่อมั่นในตนเองเป็นแบบอย่างที่ดีแก่ผู้เรียนได้ | E5: เสียงดังฟังชัดและจังหวะการพูดไม่ช้า/เร็วเกินไป | F5: มีประมวลรายวิชาและแนะนำเนื้อหาวิชา | G5: มีการจัดเตรียมสื่อการเรียนการสอนและรวบรวมแหล่งอ้างอิงไว้อย่างเหมาะสม | H5: มีการจัดการเรียนการสอนเป็นไปตามประมวลรายวิชาครบถ้วนและการนำเข้าสู่บทเรียนให้ข้อมูลที่เป็นประโยชน์แก่ผู้เรียนครบถ้วน | I5: มีการส่งเสริมให้ผู้เรียนได้ฝึกทักษะการคิดได้อย่างเหมาะสมดีมาก | J5: มีการส่งเสริมให้ผู้เรียนได้ฝึกทักษะการสื่อสารได้อย่างเหมาะสมดีมาก | K5: ไม่มีครับ
A6: 46204.467 | B6: bnco0951@signalschool.ac.th | C6: ส.อ.ไชยพร รักษากุล | D6: ลักษณะทางทหาร "ดีมาก" มีความเชื่อมั่นในตนเองเป็นแบบอย่างที่ดีแก่ผู้เรียนได้ | E6: เสียงดังฟังชัดและจังหวะการพูดไม่ช้า/เร็วเกินไป | F6: มีประมวลรายวิชาและแนะนำเนื้อหาวิชา | G6: มีการจัดเตรียมสื่อการเรียนการสอนและรวบรวมแหล่งอ้างอิงไว้อย่างเหมาะสม | H6: มีการจัดการเรียนการสอนเป็นไปตามประมวลรายวิชาครบถ้วนและการนำเข้าสู่บทเรียนให้ข้อมูลที่เป็นประโยชน์แก่ผู้เรียนครบถ้วน | I6: มีการส่งเสริมให้ผู้เรียนได้ฝึกทักษะการคิดได้อย่างเหมาะสมดีมาก | J6: มีการส่งเสริมให้ผู้เรียนได้ฝึกทักษะการสื่อสารได้อย่างเหมาะสมดีมาก
A7: 46206.594 | B7: bnco0920@signalschool.ac.th | C7: จ.ส.ท.ณัฐพงษ์ / จ.ส.ต.ภาณุพงษ์ | D7: ลักษณะทางทหาร "ดีมาก" มีความเชื่อมั่นในตนเองเป็นแบบอย่างที่ดีแก่ผู้เรียนได้ | E7: เสียงดังฟังชัดและจังหวะการพูดไม่ช้า/เร็วเกินไป | F7: มีประมวลรายวิชาและแนะนำเนื้อหาวิชา | G7: มีการจัดเตรียมสื่อการเรียนการสอนและรวบรวมแหล่งอ้างอิงไว้อย่างเหมาะสม | H7: มีการจัดการเรียนการสอนเป็นไปตามประมวลรายวิชาครบถ้วนและการนำเข้าสู่บทเรียนให้ข้อมูลที่เป็นประโยชน์แก่ผู้เรียนครบถ้วน | I7: มีการส่งเสริมให้ผู้เรียนได้ฝึกทักษะการคิดได้อย่างเหมาะสมดีมาก | J7: มีการส่งเสริมให้ผู้เรียนได้ฝึกทักษะการสื่อสารได้อย่างเหมาะสมดีมาก | K7: สอนดีมากครับ
A8: 46212.576 | B8: bnco0906@signalschool.ac.th | C8: ส.อ.ไชยพร รักษากุล | D8: ลักษณะทางทหาร "มีความเหมาะสม" มีความเชื่อมั่นในตนเองปานกลาง | E8: เสียงเบา "แต่" จังหวะการพูดไม่ช้า/เร็วเกินไป | F8: มีประมวลรายวิชา "แต่ไม่มีการ" แนะนำเนื้อหาวิชา | G8: มีการจัดเตรียมสื่อการเรียนการสอน "แต่ไม่ปรากฏ" แหล่งอ้างอิง | H8: มีการจัดการเรียนการสอนเป็นไปตามประมวลรายวิชาบางส่วน "หรือ" การนำเข้าสู่บทเรียนให้ข้อมูลที่เป็นประโยชน์แก่ผู้เรียน (อย่างใดอย่างหนึ่ง) | I8: มีการส่งเสริมให้ผู้เรียนได้ฝึกทักษะการคิดได้อย่างเหมาะสม | J8: มีการส่งเสริมให้ผู้เรียนได้ฝึกทักษะการสื่อสารได้อย่างเหมาะสม
A9: 46212.614 | B9: bnco0955@signalschool.ac.th | C9: อาจารย์ประจำวิชาการจัดหน่วยทหารสื่อสาร | D9: ลักษณะทางทหาร "ดีมาก" มีความเชื่อมั่นในตนเองเป็นแบบอย่างที่ดีแก่ผู้เรียนได้ | E9: เสียงดังฟังชัดและจังหวะการพูดไม่ช้า/เร็วเกินไป | F9: มีประมวลรายวิชาและแนะนำเนื้อหาวิชา | G9: มีการจัดเตรียมสื่อการเรียนการสอนและรวบรวมแหล่งอ้างอิงไว้อย่างเหมาะสม | H9: มีการจัดการเรียนการสอนเป็นไปตามประมวลรายวิชาครบถ้วนและการนำเข้าสู่บทเรียนให้ข้อมูลที่เป็นประโยชน์แก่ผู้เรียนครบถ้วน | I9: มีการส่งเสริมให้ผู้เรียนได้ฝึกทักษะการคิดได้อย่างเหมาะสมดีมาก | J9: มีการส่งเสริมให้ผู้เรียนได้ฝึกทักษะการสื่อสารได้อย่างเหมาะสมดีมาก
A10: 46212.616 | B10: bnco0974@signalschool.ac.th | C10: ร.ท.ศุภรัชฎ หมอกสุข | D10: ลักษณะทางทหาร "มีความเหมาะสม" มีความเชื่อมั่นในตนเองปานกลาง | E10: เสียงดังฟังชัดและจังหวะการพูดไม่ช้า/เร็วเกินไป | F10: มีประมวลรายวิชาและแนะนำเนื้อหาวิชา | G10: มีการจัดเตรียมสื่อการเรียนการสอนและรวบรวมแหล่งอ้างอิงไว้อย่างเหมาะสม | H10: มีการจัดการเรียนการสอนเป็นไปตามประมวลรายวิชาครบถ้วนและการนำเข้าสู่บทเรียนให้ข้อมูลที่เป็นประโยชน์แก่ผู้เรียนครบถ้วน | I10: มีการส่งเสริมให้ผู้เรียนได้ฝึกทักษะการคิดได้อย่างเหมาะสมดีมาก | J10: มีการส่งเสริมให้ผู้เรียนได้ฝึกทักษะการสื่อสารได้อย่างเหมาะสมดีมาก | K10: -
A11: 46212.617 | B11: bnco0919@signalschool.ac.th | C11: ร.ท.ศุภรัชฎ หมอกสุข | D11: ลักษณะทางทหาร "ดีมาก" มีความเชื่อมั่นในตนเองเป็นแบบอย่างที่ดีแก่ผู้เรียนได้ | E11: เสียงดังฟังชัดและจังหวะการพูดไม่ช้า/เร็วเกินไป | F11: มีประมวลรายวิชาและแนะนำเนื้อหาวิชา | G11: มีการจัดเตรียมสื่อการเรียนการสอนและรวบรวมแหล่งอ้างอิงไว้อย่างเหมาะสม | H11: มีการจัดการเรียนการสอนเป็นไปตามประมวลรายวิชาครบถ้วนและการนำเข้าสู่บทเรียนให้ข้อมูลที่เป็นประโยชน์แก่ผู้เรียนครบถ้วน | I11: มีการส่งเสริมให้ผู้เรียนได้ฝึกทักษะการคิดได้อย่างเหมาะสมดีมาก | J11: มีการส่งเสริมให้ผู้เรียนได้ฝึกทักษะการสื่อสารได้อย่างเหมาะสมดีมาก
A12: 46212.617 | B12: bnco0937@signalschool.ac.th | C12: ร.ท.ศุภรัชฎ หมอกสุข | D12: ลักษณะทางทหาร "ดีมาก" มีความเชื่อมั่นในตนเองเป็นแบบอย่างที่ดีแก่ผู้เรียนได้ | E12: เสียงดังฟังชัดและจังหวะการพูดไม่ช้า/เร็วเกินไป | F12: มีประมวลรายวิชาและแนะนำเนื้อหาวิชา | G12: มีการจัดเตรียมสื่อการเรียนการสอนและรวบรวมแหล่งอ้างอิงไว้อย่างเหมาะสม | H12: มีการจัดการเรียนการสอนเป็นไปตามประมวลรายวิชาครบถ้วนและการนำเข้าสู่บทเรียนให้ข้อมูลที่เป็นประโยชน์แก่ผู้เรียนครบถ้วน | I12: มีการส่งเสริมให้ผู้เรียนได้ฝึกทักษะการคิดได้อย่างเหมาะสมดีมาก | J12: มีการส่งเสริมให้ผู้เรียนได้ฝึกทักษะการสื่อสารได้อย่างเหมาะสมดีมาก
A13: 46212.617 | B13: bnco0970@signalschool.ac.th | C13: ส.อ.ภาณุพงศ์ อุทธิยา | D13: ลักษณะทางทหาร "ดีมาก" มีความเชื่อมั่นในตนเองเป็นแบบอย่างที่ดีแก่ผู้เรียนได้ | E13: เสียงดังฟังชัดและจังหวะการพูดไม่ช้า/เร็วเกินไป | F13: มีประมวลรายวิชาและแนะนำเนื้อหาวิชา | G13: มีการจัดเตรียมสื่อการเรียนการสอนและรวบรวมแหล่งอ้างอิงไว้อย่างเหมาะสม | H13: มีการจัดการเรียนการสอนเป็นไปตามประมวลรายวิชาครบถ้วนและการนำเข้าสู่บทเรียนให้ข้อมูลที่เป็นประโยชน์แก่ผู้เรียนครบถ้วน | I13: มีการส่งเสริมให้ผู้เรียนได้ฝึกทักษะการคิดได้อย่างเหมาะสมดีมาก | J13: มีการส่งเสริมให้ผู้เรียนได้ฝึกทักษะการสื่อสารได้อย่างเหมาะสมดีมาก | K13: ไม่มีครับ
A14: 46212.617 | B14: bnco0973@signalschool.ac.th | C14: ร.ท.ศุภรัชฎ หมอกสุข | D14: ลักษณะทางทหาร "ดีมาก" มีความเชื่อมั่นในตนเองเป็นแบบอย่างที่ดีแก่ผู้เรียนได้ | E14: เสียงดังฟังชัดและจังหวะการพูดไม่ช้า/เร็วเกินไป | F14: มีประมวลรายวิชาและแนะนำเนื้อหาวิชา | G14: มีการจัดเตรียมสื่อการเรียนการสอนและรวบรวมแหล่งอ้างอิงไว้อย่างเหมาะสม | H14: มีการจัดการเรียนการสอนเป็นไปตามประมวลรายวิชาครบถ้วนและการนำเข้าสู่บทเรียนให้ข้อมูลที่เป็นประโยชน์แก่ผู้เรียนครบถ้วน | I14: มีการส่งเสริมให้ผู้เรียนได้ฝึกทักษะการคิดได้อย่างเหมาะสมดีมาก | J14: มีการส่งเสริมให้ผู้เรียนได้ฝึกทักษะการสื่อสารได้อย่างเหมาะสมดีมาก
A15: 46212.617 | B15: bnco0938@signalschool.ac.th | C15: ร.ท.ศุภรัชฏ หมอกสุข | D15: ลักษณะทางทหาร "มีความเหมาะสม" มีความเชื่อมั่นในตนเองปานกลาง | E15: เสียงเบา "แต่" จังหวะการพูดไม่ช้า/เร็วเกินไป | F15: มีประมวลรายวิชาและแนะนำเนื้อหาวิชา | G15: มีการจัดเตรียมสื่อการเรียนการสอน "แต่ไม่ปรากฏ" แหล่งอ้างอิง | H15: มีการจัดการเรียนการสอนเป็นไปตามประมวลรายวิชาบางส่วน "หรือ" การนำเข้าสู่บทเรียนให้ข้อมูลที่เป็นประโยชน์แก่ผู้เรียน (อย่างใดอย่างหนึ่ง) | I15: มีการส่งเสริมให้ผู้เรียนได้ฝึกทักษะการคิดได้อย่างเหมาะสมดีมาก | J15: มีการส่งเสริมให้ผู้เรียนได้ฝึกทักษะการสื่อสารได้อย่างเหมาะสมดีมาก
A16: 46212.617 | B16: bnco0958@signalschool.ac.th | C16: ร.ท.ศุภรัชฎ หมอกสุข | D16: ลักษณะทางทหาร "ดีมาก" มีความเชื่อมั่นในตนเองเป็นแบบอย่างที่ดีแก่ผู้เรียนได้ | E16: เสียงดังฟังชัดและจังหวะการพูดไม่ช้า/เร็วเกินไป | F16: มีประมวลรายวิชาและแนะนำเนื้อหาวิชา | G16: มีการจัดเตรียมสื่อการเรียนการสอนและรวบรวมแหล่งอ้างอิงไว้อย่างเหมาะสม | H16: มีการจัดการเรียนการสอนเป็นไปตามประมวลรายวิชาครบถ้วนและการนำเข้าสู่บทเรียนให้ข้อมูลที่เป็นประโยชน์แก่ผู้เรียนครบถ้วน | I16: มีการส่งเสริมให้ผู้เรียนได้ฝึกทักษะการคิดได้อย่างเหมาะสมดีมาก | J16: มีการส่งเสริมให้ผู้เรียนได้ฝึกทักษะการสื่อสารได้อย่างเหมาะสมดีมาก
A17: 46212.617 | B17: bnco0935@signalschool.ac.th | C17: ร.ท.ศุภรัชฎ หมอกสุข | D17: ลักษณะทางทหาร "ดีมาก" มีความเชื่อมั่นในตนเองเป็นแบบอย่างที่ดีแก่ผู้เรียนได้ | E17: เสียงดังฟังชัดและจังหวะการพูดไม่ช้า/เร็วเกินไป | F17: มีประมวลรายวิชาและแนะนำเนื้อหาวิชา | G17: มีการจัดเตรียมสื่อการเรียนการสอนและรวบรวมแหล่งอ้างอิงไว้อย่างเหมาะสม | H17: มีการจัดการเรียนการสอนเป็นไปตามประมวลรายวิชาครบถ้วนและการนำเข้าสู่บทเรียนให้ข้อมูลที่เป็นประโยชน์แก่ผู้เรียนครบถ้วน | I17: มีการส่งเสริมให้ผู้เรียนได้ฝึกทักษะการคิดได้อย่างเหมาะสมดีมาก | J17: มีการส่งเสริมให้ผู้เรียนได้ฝึกทักษะการสื่อสารได้อย่างเหมาะสมดีมาก
A18: 46212.617 | B18: bnco0905@signalschool.ac.th | C18: ร.ท. ศุภรัชฎ หมอกสุข | D18: ลักษณะทางทหาร "ดีมาก" มีความเชื่อมั่นในตนเองเป็นแบบอย่างที่ดีแก่ผู้เรียนได้ | E18: เสียงดังฟังชัดและจังหวะการพูดไม่ช้า/เร็วเกินไป | F18: มีประมวลรายวิชาและแนะนำเนื้อหาวิชา | G18: มีการจัดเตรียมสื่อการเรียนการสอนและรวบรวมแหล่งอ้างอิงไว้อย่างเหมาะสม | H18: มีการจัดการเรียนการสอนเป็นไปตามประมวลรายวิชาครบถ้วนและการนำเข้าสู่บทเรียนให้ข้อมูลที่เป็นประโยชน์แก่ผู้เรียนครบถ้วน | I18: มีการส่งเสริมให้ผู้เรียนได้ฝึกทักษะการคิดได้อย่างเหมาะสมดีมาก | J18: มีการส่งเสริมให้ผู้เรียนได้ฝึกทักษะการสื่อสารได้อย่างเหมาะสมดีมาก
A19: 46212.617 | B19: bnco0933@signalschool.ac.th | C19: ร.ท.ศุภรัชฏ หมอกสุข | D19: ลักษณะทางทหาร "ดีมาก" มีความเชื่อมั่นในตนเองเป็นแบบอย่างที่ดีแก่ผู้เรียนได้ | E19: เสียงดังฟังชัดและจังหวะการพูดไม่ช้า/เร็วเกินไป | F19: มีประมวลรายวิชาและแนะนำเนื้อหาวิชา | G19: มีการจัดเตรียมสื่อการเรียนการสอนและรวบรวมแหล่งอ้างอิงไว้อย่างเหมาะสม | H19: มีการจัดการเรียนการสอนเป็นไปตามประมวลรายวิชาครบถ้วนและการนำเข้าสู่บทเรียนให้ข้อมูลที่เป็นประโยชน์แก่ผู้เรียนครบถ้วน | I19: มีการส่งเสริมให้ผู้เรียนได้ฝึกทักษะการคิดได้อย่างเหมาะสมดีมาก | J19: มีการส่งเสริมให้ผู้เรียนได้ฝึกทักษะการสื่อสารได้อย่างเหมาะสมดีมาก
A20: 46212.617 | B20: bnco0903@signalschool.ac.th | C20: ร.ท.ศุภรัชฎ หมอกสุข | D20: ลักษณะทางทหาร "ดีมาก" มีความเชื่อมั่นในตนเองเป็นแบบอย่างที่ดีแก่ผู้เรียนได้ | E20: เสียงดังฟังชัดและจังหวะการพูดไม่ช้า/เร็วเกินไป | F20: มีประมวลรายวิชาและแนะนำเนื้อหาวิชา | G20: มีการจัดเตรียมสื่อการเรียนการสอนและรวบรวมแหล่งอ้างอิงไว้อย่างเหมาะสม | H20: มีการจัดการเรียนการสอนเป็นไปตามประมวลรายวิชาครบถ้วนและการนำเข้าสู่บทเรียนให้ข้อมูลที่เป็นประโยชน์แก่ผู้เรียนครบถ้วน | I20: มีการส่งเสริมให้ผู้เรียนได้ฝึกทักษะการคิดได้อย่างเหมาะสมดีมาก | J20: มีการส่งเสริมให้ผู้เรียนได้ฝึกทักษะการสื่อสารได้อย่างเหมาะสมดีมาก
A21: 46212.617 | B21: bnco0923@signalschool.ac.th | C21: ร.ท.ศุภรัชฎ หมอกสุข | D21: ลักษณะทางทหาร "ดีมาก" มีความเชื่อมั่นในตนเองเป็นแบบอย่างที่ดีแก่ผู้เรียนได้ | E21: เสียงดังฟังชัดและจังหวะการพูดไม่ช้า/เร็วเกินไป | F21: มีประมวลรายวิชาและแนะนำเนื้อหาวิชา | G21: มีการจัดเตรียมสื่อการเรียนการสอนและรวบรวมแหล่งอ้างอิงไว้อย่างเหมาะสม | H21: มีการจัดการเรียนการสอนเป็นไปตามประมวลรายวิชาครบถ้วนและการนำเข้าสู่บทเรียนให้ข้อมูลที่เป็นประโยชน์แก่ผู้เรียนครบถ้วน | I21: มีการส่งเสริมให้ผู้เรียนได้ฝึกทักษะการคิดได้อย่างเหมาะสมดีมาก | J21: มีการส่งเสริมให้ผู้เรียนได้ฝึกทักษะการสื่อสารได้อย่างเหมาะสมดีมาก
A22: 46212.617 | B22: bnco0962@signalschool.ac.th | C22: ร.ท.ศุภรัชฎ หมอกสุข | D22: ลักษณะทางทหาร "ดีมาก" มีความเชื่อมั่นในตนเองเป็นแบบอย่างที่ดีแก่ผู้เรียนได้ | E22: เสียงดังฟังชัดและจังหวะการพูดไม่ช้า/เร็วเกินไป | F22: มีประมวลรายวิชาและแนะนำเนื้อหาวิชา | G22: มีการจัดเตรียมสื่อการเรียนการสอนและรวบรวมแหล่งอ้างอิงไว้อย่างเหมาะสม | H22: มีการจัดการเรียนการสอนเป็นไปตามประมวลรายวิชาครบถ้วนและการนำเข้าสู่บทเรียนให้ข้อมูลที่เป็นประโยชน์แก่ผู้เรียนครบถ้วน | I22: มีการส่งเสริมให้ผู้เรียนได้ฝึกทักษะการคิดได้อย่างเหมาะสมดีมาก | J22: มีการส่งเสริมให้ผู้เรียนได้ฝึกทักษะการสื่อสารได้อย่างเหมาะสมดีมาก
A23: 46212.617 | B23: bnco0932@signalschool.ac.th | C23: ร.ท.ศุภรัชฎ หมอกสุข | D23: ลักษณะทางทหาร "ดีมาก" มีความเชื่อมั่นในตนเองเป็นแบบอย่างที่ดีแก่ผู้เรียนได้ | E23: เสียงดังฟังชัดและจังหวะการพูดไม่ช้า/เร็วเกินไป | F23: มีประมวลรายวิชาและแนะนำเนื้อหาวิชา | G23: มีการจัดเตรียมสื่อการเรียนการสอนและรวบรวมแหล่งอ้างอิงไว้อย่างเหมาะสม | H23: มีการจัดการเรียนการสอนเป็นไปตามประมวลรายวิชาครบถ้วนและการนำเข้าสู่บทเรียนให้ข้อมูลที่เป็นประโยชน์แก่ผู้เรียนครบถ้วน | I23: มีการส่งเสริมให้ผู้เรียนได้ฝึกทักษะการคิดได้อย่างเหมาะสมดีมาก | J23: มีการส่งเสริมให้ผู้เรียนได้ฝึกทักษะการสื่อสารได้อย่างเหมาะสมดีมาก
A24: 46212.617 | B24: bnco0941@signalschool.ac.th | C24: ร.ท.ศุภรัชภ หมอกสุช | D24: ลักษณะทางทหาร "ดีมาก" มีความเชื่อมั่นในตนเองเป็นแบบอย่างที่ดีแก่ผู้เรียนได้ | E24: เสียงดังฟังชัดและจังหวะการพูดไม่ช้า/เร็วเกินไป | F24: มีประมวลรายวิชาและแนะนำเนื้อหาวิชา | G24: มีการจัดเตรียมสื่อการเรียนการสอนและรวบรวมแหล่งอ้างอิงไว้อย่างเหมาะสม | H24: มีการจัดการเรียนการสอนเป็นไปตามประมวลรายวิชาครบถ้วนและการนำเข้าสู่บทเรียนให้ข้อมูลที่เป็นประโยชน์แก่ผู้เรียนครบถ้วน | I24: มีการส่งเสริมให้ผู้เรียนได้ฝึกทักษะการคิดได้อย่างเหมาะสมดีมาก | J24: มีการส่งเสริมให้ผู้เรียนได้ฝึกทักษะการสื่อสารได้อย่างเหมาะสมดีมาก
A25: 46212.617 | B25: bnco0934@signalschool.ac.th | C25: ร.ท.ศุภรัฎ หมอกสุข | D25: ลักษณะทางทหาร "ดีมาก" มีความเชื่อมั่นในตนเองเป็นแบบอย่างที่ดีแก่ผู้เรียนได้ | E25: เสียงดังฟังชัดและจังหวะการพูดไม่ช้า/เร็วเกินไป | F25: มีประมวลรายวิชาและแนะนำเนื้อหาวิชา | G25: มีการจัดเตรียมสื่อการเรียนการสอนและรวบรวมแหล่งอ้างอิงไว้อย่างเหมาะสม | H25: มีการจัดการเรียนการสอนเป็นไปตามประมวลรายวิชาครบถ้วนและการนำเข้าสู่บทเรียนให้ข้อมูลที่เป็นประโยชน์แก่ผู้เรียนครบถ้วน | I25: มีการส่งเสริมให้ผู้เรียนได้ฝึกทักษะการคิดได้อย่างเหมาะสมดีมาก | J25: มีการส่งเสริมให้ผู้เรียนได้ฝึกทักษะการสื่อสารได้อย่างเหมาะสมดีมาก
... A27: 46212.618 | B27: bnco0963@signalschool.ac.th | C27: ร.ท.ศุภรัชฎ หมอกสุข | D27: ลักษณะทางทหาร "ดีมาก" มีความเชื่อมั่นในตนเองเป็นแบบอย่างที่ดีแก่ผู้เรียนได้ | E27: เสียงดังฟังชัดและจังหวะการพูดไม่ช้า/เร็วเกินไป | F27: มีประมวลรายวิชาและแนะนำเนื้อหาวิชา | G27: มีการจัดเตรียมสื่อการเรียนการสอนและรวบรวมแหล่งอ้างอิงไว้อย่างเหมาะสม | H27: มีการจัดการเรียนการสอนเป็นไปตามประมวลรายวิชาครบถ้วนและการนำเข้าสู่บทเรียนให้ข้อมูลที่เป็นประโยชน์แก่ผู้เรียนครบถ้วน | I27: มีการส่งเสริมให้ผู้เรียนได้ฝึกทักษะการคิดได้อย่างเหมาะสมดีมาก | J27: มีการส่งเสริมให้ผู้เรียนได้ฝึกทักษะการสื่อสารได้อย่างเหมาะสมดีมาก
A28: 46212.618 | B28: bnco0922@signalschool.ac.th | C28: ร.ท.ศุภรัชฎ หมอกสุข | D28: ลักษณะทางทหาร "ดีมาก" มีความเชื่อมั่นในตนเองเป็นแบบอย่างที่ดีแก่ผู้เรียนได้ | E28: เสียงดังฟังชัดและจังหวะการพูดไม่ช้า/เร็วเกินไป | F28: มีประมวลรายวิชาและแนะนำเนื้อหาวิชา | G28: มีการจัดเตรียมสื่อการเรียนการสอนและรวบรวมแหล่งอ้างอิงไว้อย่างเหมาะสม | H28: มีการจัดการเรียนการสอนเป็นไปตามประมวลรายวิชาครบถ้วนและการนำเข้าสู่บทเรียนให้ข้อมูลที่เป็นประโยชน์แก่ผู้เรียนครบถ้วน | I28: มีการส่งเสริมให้ผู้เรียนได้ฝึกทักษะการคิดได้อย่างเหมาะสมดีมาก | J28: มีการส่งเสริมให้ผู้เรียนได้ฝึกทักษะการสื่อสารได้อย่างเหมาะสมดีมาก | K28: -
A29: 46212.618 | B29: bnco0924@signalschool.ac.th | C29: ร.ท.ศุภรัชฎ หมอกสุข | D29: ลักษณะทางทหาร "ดีมาก" มีความเชื่อมั่นในตนเองเป็นแบบอย่างที่ดีแก่ผู้เรียนได้ | E29: เสียงดังฟังชัดและจังหวะการพูดไม่ช้า/เร็วเกินไป | F29: มีประมวลรายวิชาและแนะนำเนื้อหาวิชา | G29: มีการจัดเตรียมสื่อการเรียนการสอนและรวบรวมแหล่งอ้างอิงไว้อย่างเหมาะสม | H29: มีการจัดการเรียนการสอนเป็นไปตามประมวลรายวิชาครบถ้วนและการนำเข้าสู่บทเรียนให้ข้อมูลที่เป็นประโยชน์แก่ผู้เรียนครบถ้วน | I29: มีการส่งเสริมให้ผู้เรียนได้ฝึกทักษะการคิดได้อย่างเหมาะสมดีมาก | J29: มีการส่งเสริมให้ผู้เรียนได้ฝึกทักษะการสื่อสารได้อย่างเหมาะสมดีมาก
A30: 46212.618 | B30: bnco0952@signalschool.ac.th | C30: ร.ท.ศุภรัชฎ หมอกสุข | D30: ลักษณะทางทหาร "ดีมาก" มีความเชื่อมั่นในตนเองเป็นแบบอย่างที่ดีแก่ผู้เรียนได้ | E30: เสียงดังฟังชัดและจังหวะการพูดไม่ช้า/เร็วเกินไป | F30: มีประมวลรายวิชาและแนะนำเนื้อหาวิชา | G30: มีการจัดเตรียมสื่อการเรียนการสอนและรวบรวมแหล่งอ้างอิงไว้อย่างเหมาะสม | H30: มีการจัดการเรียนการสอนเป็นไปตามประมวลรายวิชาครบถ้วนและการนำเข้าสู่บทเรียนให้ข้อมูลที่เป็นประโยชน์แก่ผู้เรียนครบถ้วน | I30: มีการส่งเสริมให้ผู้เรียนได้ฝึกทักษะการคิดได้อย่างเหมาะสมดีมาก | J30: มีการส่งเสริมให้ผู้เรียนได้ฝึกทักษะการสื่อสารได้อย่างเหมาะสมดีมาก
A31: 46212.618 | B31: bnco0904@signalschool.ac.th | C31: ร.ท.ศุภรัชฎ หมอกสุข | D31: ลักษณะทางทหาร "ดีมาก" มีความเชื่อมั่นในตนเองเป็นแบบอย่างที่ดีแก่ผู้เรียนได้ | E31: เสียงดังฟังชัดและจังหวะการพูดไม่ช้า/เร็วเกินไป | F31: มีประมวลรายวิชาและแนะนำเนื้อหาวิชา | G31: มีการจัดเตรียมสื่อการเรียนการสอนและรวบรวมแหล่งอ้างอิงไว้อย่างเหมาะสม | H31: มีการจัดการเรียนการสอนเป็นไปตามประมวลรายวิชาครบถ้วนและการนำเข้าสู่บทเรียนให้ข้อมูลที่เป็นประโยชน์แก่ผู้เรียนครบถ้วน | I31: มีการส่งเสริมให้ผู้เรียนได้ฝึกทักษะการคิดได้อย่างเหมาะสมดีมาก | J31: มีการส่งเสริมให้ผู้เรียนได้ฝึกทักษะการสื่อสารได้อย่างเหมาะสมดีมาก
A32: 46212.618 | B32: bnco0978@signalschool.ac.th | C32: ร.ท.ศุภรัชฎ หมอกสุข | D32: ลักษณะทางทหาร "ดีมาก" มีความเชื่อมั่นในตนเองเป็นแบบอย่างที่ดีแก่ผู้เรียนได้ | E32: เสียงดังฟังชัดและจังหวะการพูดไม่ช้า/เร็วเกินไป | F32: มีประมวลรายวิชาและแนะนำเนื้อหาวิชา | G32: มีการจัดเตรียมสื่อการเรียนการสอนและรวบรวมแหล่งอ้างอิงไว้อย่างเหมาะสม | H32: มีการจัดการเรียนการสอนเป็นไปตามประมวลรายวิชาครบถ้วนและการนำเข้าสู่บทเรียนให้ข้อมูลที่เป็นประโยชน์แก่ผู้เรียนครบถ้วน | I32: มีการส่งเสริมให้ผู้เรียนได้ฝึกทักษะการคิดได้อย่างเหมาะสมดีมาก | J32: มีการส่งเสริมให้ผู้เรียนได้ฝึกทักษะการสื่อสารได้อย่างเหมาะสมดีมาก
A33: 46212.618 | B33: bnco0916@signalschool.ac.th | C33: ร.ท.ศุภรัชฎ หมอกสุข | D33: ลักษณะทางทหาร "ดีมาก" มีความเชื่อมั่นในตนเองเป็นแบบอย่างที่ดีแก่ผู้เรียนได้ | E33: เสียงดังฟังชัดและจังหวะการพูดไม่ช้า/เร็วเกินไป | F33: มีประมวลรายวิชาและแนะนำเนื้อหาวิชา | G33: มีการจัดเตรียมสื่อการเรียนการสอนและรวบรวมแหล่งอ้างอิงไว้อย่างเหมาะสม | H33: มีการจัดการเรียนการสอนเป็นไปตามประมวลรายวิชาครบถ้วนและการนำเข้าสู่บทเรียนให้ข้อมูลที่เป็นประโยชน์แก่ผู้เรียนครบถ้วน | I33: มีการส่งเสริมให้ผู้เรียนได้ฝึกทักษะการคิดได้อย่างเหมาะสมดีมาก | J33: มีการส่งเสริมให้ผู้เรียนได้ฝึกทักษะการสื่อสารได้อย่างเหมาะสมดีมาก
A34: 46212.618 | B34: bnco0914@signalschool.ac.th | C34: ร.ท.ศุภรัชฏ หมอกสุข | D34: ลักษณะทางทหาร "ดีมาก" มีความเชื่อมั่นในตนเองเป็นแบบอย่างที่ดีแก่ผู้เรียนได้ | E34: เสียงดังฟังชัดและจังหวะการพูดไม่ช้า/เร็วเกินไป | F34: มีประมวลรายวิชาและแนะนำเนื้อหาวิชา | G34: มีการจัดเตรียมสื่อการเรียนการสอนและรวบรวมแหล่งอ้างอิงไว้อย่างเหมาะสม | H34: มีการจัดการเรียนการสอนเป็นไปตามประมวลรายวิชาครบถ้วนและการนำเข้าสู่บทเรียนให้ข้อมูลที่เป็นประโยชน์แก่ผู้เรียนครบถ้วน | I34: มีการส่งเสริมให้ผู้เรียนได้ฝึกทักษะการคิดได้อย่างเหมาะสมดีมาก | J34: มีการส่งเสริมให้ผู้เรียนได้ฝึกทักษะการสื่อสารได้อย่างเหมาะสมดีมาก
A35: 46212.618 | B35: bnco0911@signalschool.ac.th | C35: ร.ท.ศุภรัชฎ หมอกสุข | D35: ลักษณะทางทหาร "ดีมาก" มีความเชื่อมั่นในตนเองเป็นแบบอย่างที่ดีแก่ผู้เรียนได้ | E35: เสียงดังฟังชัดและจังหวะการพูดไม่ช้า/เร็วเกินไป | F35: มีประมวลรายวิชาและแนะนำเนื้อหาวิชา | G35: มีการจัดเตรียมสื่อการเรียนการสอนและรวบรวมแหล่งอ้างอิงไว้อย่างเหมาะสม | H35: มีการจัดการเรียนการสอนเป็นไปตามประมวลรายวิชาครบถ้วนและการนำเข้าสู่บทเรียนให้ข้อมูลที่เป็นประโยชน์แก่ผู้เรียนครบถ้วน | I35: มีการส่งเสริมให้ผู้เรียนได้ฝึกทักษะการคิดได้อย่างเหมาะสมดีมาก | J35: มีการส่งเสริมให้ผู้เรียนได้ฝึกทักษะการสื่อสารได้อย่างเหมาะสมดีมาก
A36: 46212.618 | B36: bnco0971@signalschool.ac.th | C36: ร.ท.ศุภรัชฎ หมอกสุข | D36: ลักษณะทางทหาร "ดีมาก" มีความเชื่อมั่นในตนเองเป็นแบบอย่างที่ดีแก่ผู้เรียนได้ | E36: เสียงดังฟังชัดและจังหวะการพูดไม่ช้า/เร็วเกินไป | F36: มีประมวลรายวิชาและแนะนำเนื้อหาวิชา | G36: มีการจัดเตรียมสื่อการเรียนการสอนและรวบรวมแหล่งอ้างอิงไว้อย่างเหมาะสม | H36: มีการจัดการเรียนการสอนเป็นไปตามประมวลรายวิชาครบถ้วนและการนำเข้าสู่บทเรียนให้ข้อมูลที่เป็นประโยชน์แก่ผู้เรียนครบถ้วน | I36: มีการส่งเสริมให้ผู้เรียนได้ฝึกทักษะการคิดได้อย่างเหมาะสมดีมาก | J36: มีการส่งเสริมให้ผู้เรียนได้ฝึกทักษะการสื่อสารได้อย่างเหมาะสมดีมาก
A37: 46212.618 | B37: bnco0972@signalschool.ac.th | C37: ร.ท.ศุภรัชฎ หมอกสุข | D37: ลักษณะทางทหาร "ดีมาก" มีความเชื่อมั่นในตนเองเป็นแบบอย่างที่ดีแก่ผู้เรียนได้ | E37: เสียงดังฟังชัดและจังหวะการพูดไม่ช้า/เร็วเกินไป | F37: มีประมวลรายวิชาและแนะนำเนื้อหาวิชา | G37: มีการจัดเตรียมสื่อการเรียนการสอนและรวบรวมแหล่งอ้างอิงไว้อย่างเหมาะสม | H37: มีการจัดการเรียนการสอนเป็นไปตามประมวลรายวิชาครบถ้วนและการนำเข้าสู่บทเรียนให้ข้อมูลที่เป็นประโยชน์แก่ผู้เรียนครบถ้วน | I37: มีการส่งเสริมให้ผู้เรียนได้ฝึกทักษะการคิดได้อย่างเหมาะสมดีมาก | J37: มีการส่งเสริมให้ผู้เรียนได้ฝึกทักษะการสื่อสารได้อย่างเหมาะสมดีมาก
A38: 46212.618 | B38: bnco0926@signalschool.ac.th | C38: ร.ท.ศุภรัชฎ หมอกสุข | D38: ลักษณะทางทหาร "ดีมาก" มีความเชื่อมั่นในตนเองเป็นแบบอย่างที่ดีแก่ผู้เรียนได้ | E38: เสียงดังฟังชัดและจังหวะการพูดไม่ช้า/เร็วเกินไป | F38: มีประมวลรายวิชาและแนะนำเนื้อหาวิชา | G38: มีการจัดเตรียมสื่อการเรียนการสอนและรวบรวมแหล่งอ้างอิงไว้อย่างเหมาะสม | H38: มีการจัดการเรียนการสอนเป็นไปตามประมวลรายวิชาครบถ้วนและการนำเข้าสู่บทเรียนให้ข้อมูลที่เป็นประโยชน์แก่ผู้เรียนครบถ้วน | I38: มีการส่งเสริมให้ผู้เรียนได้ฝึกทักษะการคิดได้อย่างเหมาะสมดีมาก | J38: มีการส่งเสริมให้ผู้เรียนได้ฝึกทักษะการสื่อสารได้อย่างเหมาะสมดีมาก
A39: 46212.618 | B39: bnco0918@signalschool.ac.th | C39: ร.ท.ศุภรัชฎ หมอกสุข | D39: ลักษณะทางทหาร "ดีมาก" มีความเชื่อมั่นในตนเองเป็นแบบอย่างที่ดีแก่ผู้เรียนได้ | E39: เสียงดังฟังชัดและจังหวะการพูดไม่ช้า/เร็วเกินไป | F39: มีประมวลรายวิชาและแนะนำเนื้อหาวิชา | G39: มีการจัดเตรียมสื่อการเรียนการสอนและรวบรวมแหล่งอ้างอิงไว้อย่างเหมาะสม | H39: มีการจัดการเรียนการสอนเป็นไปตามประมวลรายวิชาครบถ้วนและการนำเข้าสู่บทเรียนให้ข้อมูลที่เป็นประโยชน์แก่ผู้เรียนครบถ้วน | I39: มีการส่งเสริมให้ผู้เรียนได้ฝึกทักษะการคิดได้อย่างเหมาะสมดีมาก | J39: มีการส่งเสริมให้ผู้เรียนได้ฝึกทักษะการสื่อสารได้อย่างเหมาะสมดีมาก
A40: 46212.618 | B40: bnco0953@signalschool.ac.th | C40: ร.ท.ศุภรัชฎ หมอกสุข | D40: ลักษณะทางทหาร "ดีมาก" มีความเชื่อมั่นในตนเองเป็นแบบอย่างที่ดีแก่ผู้เรียนได้ | E40: เสียงดังฟังชัดและจังหวะการพูดไม่ช้า/เร็วเกินไป | F40: มีประมวลรายวิชาและแนะนำเนื้อหาวิชา | G40: มีการจัดเตรียมสื่อการเรียนการสอนและรวบรวมแหล่งอ้างอิงไว้อย่างเหมาะสม | H40: มีการจัดการเรียนการสอนเป็นไปตามประมวลรายวิชาครบถ้วนและการนำเข้าสู่บทเรียนให้ข้อมูลที่เป็นประโยชน์แก่ผู้เรียนครบถ้วน | I40: มีการส่งเสริมให้ผู้เรียนได้ฝึกทักษะการคิดได้อย่างเหมาะสมดีมาก | J40: มีการส่งเสริมให้ผู้เรียนได้ฝึกทักษะการสื่อสารได้อย่างเหมาะสมดีมาก
A41: 46212.618 | B41: bnco0968@signalschool.ac.th | C41: ร.ท.ศุภรัชฎ หมอกสุข | D41: ลักษณะทางทหาร "ดีมาก" มีความเชื่อมั่นในตนเองเป็นแบบอย่างที่ดีแก่ผู้เรียนได้ | E41: เสียงดังฟังชัดและจังหวะการพูดไม่ช้า/เร็วเกินไป | F41: มีประมวลรายวิชาและแนะนำเนื้อหาวิชา | G41: มีการจัดเตรียมสื่อการเรียนการสอนและรวบรวมแหล่งอ้างอิงไว้อย่างเหมาะสม | H41: มีการจัดการเรียนการสอนเป็นไปตามประมวลรายวิชาครบถ้วนและการนำเข้าสู่บทเรียนให้ข้อมูลที่เป็นประโยชน์แก่ผู้เรียนครบถ้วน | I41: มีการส่งเสริมให้ผู้เรียนได้ฝึกทักษะการคิดได้อย่างเหมาะสมดีมาก | J41: มีการส่งเสริมให้ผู้เรียนได้ฝึกทักษะการสื่อสารได้อย่างเหมาะสมดีมาก | K41: ไม่มี
A42: 46212.618 | B42: bnco0959@signalschool.ac.th | C42: ร.ท.ศุภรัชฎ หมอกสุข | D42: ลักษณะทางทหาร "ดีมาก" มีความเชื่อมั่นในตนเองเป็นแบบอย่างที่ดีแก่ผู้เรียนได้ | E42: เสียงดังฟังชัดและจังหวะการพูดไม่ช้า/เร็วเกินไป | F42: มีประมวลรายวิชาและแนะนำเนื้อหาวิชา | G42: มีการจัดเตรียมสื่อการเรียนการสอนและรวบรวมแหล่งอ้างอิงไว้อย่างเหมาะสม | H42: มีการจัดการเรียนการสอนเป็นไปตามประมวลรายวิชาครบถ้วนและการนำเข้าสู่บทเรียนให้ข้อมูลที่เป็นประโยชน์แก่ผู้เรียนครบถ้วน | I42: มีการส่งเสริมให้ผู้เรียนได้ฝึกทักษะการคิดได้อย่างเหมาะสมดีมาก | J42: มีการส่งเสริมให้ผู้เรียนได้ฝึกทักษะการสื่อสารได้อย่างเหมาะสมดีมาก
A43: 46212.618 | B43: bnco0928@signalschool.ac.th | C43: ร.ท.ศุภรัช หมอกสุข | D43: ลักษณะทางทหาร "ดีมาก" มีความเชื่อมั่นในตนเองเป็นแบบอย่างที่ดีแก่ผู้เรียนได้ | E43: เสียงเบา "แต่" จังหวะการพูดไม่ช้า/เร็วเกินไป | F43: มีประมวลรายวิชาและแนะนำเนื้อหาวิชา | G43: มีการจัดเตรียมสื่อการเรียนการสอนและรวบรวมแหล่งอ้างอิงไว้อย่างเหมาะสม | H43: มีการจัดการเรียนการสอนเป็นไปตามประมวลรายวิชาครบถ้วนและการนำเข้าสู่บทเรียนให้ข้อมูลที่เป็นประโยชน์แก่ผู้เรียนครบถ้วน | I43: มีการส่งเสริมให้ผู้เรียนได้ฝึกทักษะการคิดได้อย่างเหมาะสมดีมาก | J43: มีการส่งเสริมให้ผู้เรียนได้ฝึกทักษะการสื่อสารได้อย่างเหมาะสม
A44: 46212.618 | B44: bnco0915@signalschool.ac.th | C44: ร.ท.ศุภรัชฏ หมอกสุข | D44: ลักษณะทางทหาร "ดีมาก" มีความเชื่อมั่นในตนเองเป็นแบบอย่างที่ดีแก่ผู้เรียนได้ | E44: เสียงดังฟังชัดและจังหวะการพูดไม่ช้า/เร็วเกินไป | F44: มีประมวลรายวิชาและแนะนำเนื้อหาวิชา | G44: มีการจัดเตรียมสื่อการเรียนการสอนและรวบรวมแหล่งอ้างอิงไว้อย่างเหมาะสม | H44: มีการจัดการเรียนการสอนเป็นไปตามประมวลรายวิชาครบถ้วนและการนำเข้าสู่บทเรียนให้ข้อมูลที่เป็นประโยชน์แก่ผู้เรียนครบถ้วน | I44: มีการส่งเสริมให้ผู้เรียนได้ฝึกทักษะการคิดได้อย่างเหมาะสมดีมาก | J44: มีการส่งเสริมให้ผู้เรียนได้ฝึกทักษะการสื่อสารได้อย่างเหมาะสมดีมาก
A45: 46212.618 | B45: bnco0964@signalschool.ac.th | C45: ร.ท.ศุภรัชฏ หมอกสุข | D45: ลักษณะทางทหาร "ดีมาก" มีความเชื่อมั่นในตนเองเป็นแบบอย่างที่ดีแก่ผู้เรียนได้ | E45: เสียงดังฟังชัดและจังหวะการพูดไม่ช้า/เร็วเกินไป | F45: มีประมวลรายวิชาและแนะนำเนื้อหาวิชา | G45: มีการจัดเตรียมสื่อการเรียนการสอนและรวบรวมแหล่งอ้างอิงไว้อย่างเหมาะสม | H45: มีการจัดการเรียนการสอนเป็นไปตามประมวลรายวิชาครบถ้วนและการนำเข้าสู่บทเรียนให้ข้อมูลที่เป็นประโยชน์แก่ผู้เรียนครบถ้วน | I45: มีการส่งเสริมให้ผู้เรียนได้ฝึกทักษะการคิดได้อย่างเหมาะสมดีมาก | J45: มีการส่งเสริมให้ผู้เรียนได้ฝึกทักษะการสื่อสารได้อย่างเหมาะสมดีมาก
A46: 46212.618 | B46: bnco0908@signalschool.ac.th | C46: ร.ท.ศุภรัชฎ หมอกสุข | D46: ลักษณะทางทหาร "ดีมาก" มีความเชื่อมั่นในตนเองเป็นแบบอย่างที่ดีแก่ผู้เรียนได้ | E46: เสียงดังฟังชัดและจังหวะการพูดไม่ช้า/เร็วเกินไป | F46: มีประมวลรายวิชาและแนะนำเนื้อหาวิชา | G46: มีการจัดเตรียมสื่อการเรียนการสอนและรวบรวมแหล่งอ้างอิงไว้อย่างเหมาะสม | H46: มีการจัดการเรียนการสอนเป็นไปตามประมวลรายวิชาครบถ้วนและการนำเข้าสู่บทเรียนให้ข้อมูลที่เป็นประโยชน์แก่ผู้เรียนครบถ้วน | I46: มีการส่งเสริมให้ผู้เรียนได้ฝึกทักษะการคิดได้อย่างเหมาะสมดีมาก | J46: มีการส่งเสริมให้ผู้เรียนได้ฝึกทักษะการสื่อสารได้อย่างเหมาะสมดีมาก
A47: 46212.618 | B47: bnco0930@signalschool.ac.th | C47: ร.ท.ศุภรัชฎ หมอกสุข | D47: ลักษณะทางทหาร "ดีมาก" มีความเชื่อมั่นในตนเองเป็นแบบอย่างที่ดีแก่ผู้เรียนได้ | E47: เสียงดังฟังชัดและจังหวะการพูดไม่ช้า/เร็วเกินไป | F47: มีประมวลรายวิชาและแนะนำเนื้อหาวิชา | G47: มีการจัดเตรียมสื่อการเรียนการสอนและรวบรวมแหล่งอ้างอิงไว้อย่างเหมาะสม | H47: มีการจัดการเรียนการสอนเป็นไปตามประมวลรายวิชาครบถ้วนและการนำเข้าสู่บทเรียนให้ข้อมูลที่เป็นประโยชน์แก่ผู้เรียนครบถ้วน | I47: มีการส่งเสริมให้ผู้เรียนได้ฝึกทักษะการคิดได้อย่างเหมาะสมดีมาก | J47: มีการส่งเสริมให้ผู้เรียนได้ฝึกทักษะการสื่อสารได้อย่างเหมาะสมดีมาก
A48: 46212.618 | B48: bnco0977@signalschool.ac.th | C48: ร.ท.ศุภรัชฎ หมอกสุข | D48: ลักษณะทางทหาร "ดีมาก" มีความเชื่อมั่นในตนเองเป็นแบบอย่างที่ดีแก่ผู้เรียนได้ | E48: เสียงดังฟังชัดและจังหวะการพูดไม่ช้า/เร็วเกินไป | F48: มีประมวลรายวิชาและแนะนำเนื้อหาวิชา | G48: มีการจัดเตรียมสื่อการเรียนการสอนและรวบรวมแหล่งอ้างอิงไว้อย่างเหมาะสม | H48: มีการจัดการเรียนการสอนเป็นไปตามประมวลรายวิชาครบถ้วนและการนำเข้าสู่บทเรียนให้ข้อมูลที่เป็นประโยชน์แก่ผู้เรียนครบถ้วน | I48: มีการส่งเสริมให้ผู้เรียนได้ฝึกทักษะการคิดได้อย่างเหมาะสมดีมาก | J48: มีการส่งเสริมให้ผู้เรียนได้ฝึกทักษะการสื่อสารได้อย่างเหมาะสมดีมาก
A49: 46212.618 | B49: bnco0957@signalschool.ac.th | C49: ร.ท.ศุภรัชฎ หมอกสุข | D49: ลักษณะทางทหาร "ดีมาก" มีความเชื่อมั่นในตนเองเป็นแบบอย่างที่ดีแก่ผู้เรียนได้ | E49: เสียงดังฟังชัดและจังหวะการพูดไม่ช้า/เร็วเกินไป | F49: มีประมวลรายวิชาและแนะนำเนื้อหาวิชา | G49: มีการจัดเตรียมสื่อการเรียนการสอนและรวบรวมแหล่งอ้างอิงไว้อย่างเหมาะสม | H49: มีการจัดการเรียนการสอนเป็นไปตามประมวลรายวิชาครบถ้วนและการนำเข้าสู่บทเรียนให้ข้อมูลที่เป็นประโยชน์แก่ผู้เรียนครบถ้วน | I49: มีการส่งเสริมให้ผู้เรียนได้ฝึกทักษะการคิดได้อย่างเหมาะสมดีมาก | J49: มีการส่งเสริมให้ผู้เรียนได้ฝึกทักษะการสื่อสารได้อย่างเหมาะสมดีมาก | K49: -
A50: 46212.618 | B50: bnco0967@signalschool.ac.th | C50: ร.ท.ศุภรัชฎ หมอกสุข | D50: ลักษณะทางทหาร "ดีมาก" มีความเชื่อมั่นในตนเองเป็นแบบอย่างที่ดีแก่ผู้เรียนได้ | E50: เสียงดังฟังชัดและจังหวะการพูดไม่ช้า/เร็วเกินไป | F50: มีประมวลรายวิชาและแนะนำเนื้อหาวิชา | G50: มีการจัดเตรียมสื่อการเรียนการสอนและรวบรวมแหล่งอ้างอิงไว้อย่างเหมาะสม | H50: มีการจัดการเรียนการสอนเป็นไปตามประมวลรายวิชาครบถ้วนและการนำเข้าสู่บทเรียนให้ข้อมูลที่เป็นประโยชน์แก่ผู้เรียนครบถ้วน | I50: มีการส่งเสริมให้ผู้เรียนได้ฝึกทักษะการคิดได้อย่างเหมาะสมดีมาก | J50: มีการส่งเสริมให้ผู้เรียนได้ฝึกทักษะการสื่อสารได้อย่างเหมาะสมดีมาก
A51: 46212.618 | B51: bnco0921@signalschool.ac.th | C51: ร.ท.ศุภรัชฎ หมอกสุข | D51: ลักษณะทางทหาร "ดีมาก" มีความเชื่อมั่นในตนเองเป็นแบบอย่างที่ดีแก่ผู้เรียนได้ | E51: เสียงดังฟังชัดและจังหวะการพูดไม่ช้า/เร็วเกินไป | F51: มีประมวลรายวิชาและแนะนำเนื้อหาวิชา | G51: มีการจัดเตรียมสื่อการเรียนการสอนและรวบรวมแหล่งอ้างอิงไว้อย่างเหมาะสม | H51: มีการจัดการเรียนการสอนเป็นไปตามประมวลรายวิชาครบถ้วนและการนำเข้าสู่บทเรียนให้ข้อมูลที่เป็นประโยชน์แก่ผู้เรียนครบถ้วน | I51: มีการส่งเสริมให้ผู้เรียนได้ฝึกทักษะการคิดได้อย่างเหมาะสมดีมาก | J51: มีการส่งเสริมให้ผู้เรียนได้ฝึกทักษะการสื่อสารได้อย่างเหมาะสมดีมาก
A52: 46212.618 | B52: bnco0925@signalschool.ac.th | C52: ร.ท.ศุภรัชฎ หมอกสุข | D52: ลักษณะทางทหาร "มีความเหมาะสม" มีความเชื่อมั่นในตนเองปานกลาง | E52: เสียงเบา "แต่" จังหวะการพูดไม่ช้า/เร็วเกินไป | F52: ไม่มีประมวลรายวิชา "และไม่มีการ" แนะนำเนื้อหาวิชา | G52: มีการจัดเตรียมสื่อการเรียนการสอนและรวบรวมแหล่งอ้างอิงไว้อย่างเหมาะสม | H52: มีการจัดการเรียนการสอนเป็นไปตามประมวลรายวิชาครบถ้วนและการนำเข้าสู่บทเรียนให้ข้อมูลที่เป็นประโยชน์แก่ผู้เรียนครบถ้วน | I52: มีการส่งเสริมให้ผู้เรียนได้ฝึกทักษะการคิดได้อย่างเหมาะสมดีมาก | J52: มีการส่งเสริมให้ผู้เรียนได้ฝึกทักษะการสื่อสารได้อย่างเหมาะสมดีมาก
A53: 46212.618 | B53: bnco0939@signalschool.ac.th | C53: ร.ท.ศุภรัชฎ หมอกสุข | D53: ลักษณะทางทหาร "ดีมาก" มีความเชื่อมั่นในตนเองเป็นแบบอย่างที่ดีแก่ผู้เรียนได้ | E53: เสียงดังฟังชัดและจังหวะการพูดไม่ช้า/เร็วเกินไป | F53: มีประมวลรายวิชาและแนะนำเนื้อหาวิชา | G53: มีการจัดเตรียมสื่อการเรียนการสอนและรวบรวมแหล่งอ้างอิงไว้อย่างเหมาะสม | H53: มีการจัดการเรียนการสอนเป็นไปตามประมวลรายวิชาครบถ้วนและการนำเข้าสู่บทเรียนให้ข้อมูลที่เป็นประโยชน์แก่ผู้เรียนครบถ้วน | I53: มีการส่งเสริมให้ผู้เรียนได้ฝึกทักษะการคิดได้อย่างเหมาะสมดีมาก | J53: มีการส่งเสริมให้ผู้เรียนได้ฝึกทักษะการสื่อสารได้อย่างเหมาะสมดีมาก
A54: 46212.618 | B54: bnco0944@signalschool.ac.th | C54: ร.ท.ศุภรัชฎ หมอกสุข | D54: ลักษณะทางทหาร "ดีมาก" มีความเชื่อมั่นในตนเองเป็นแบบอย่างที่ดีแก่ผู้เรียนได้ | E54: เสียงดังฟังชัดและจังหวะการพูดไม่ช้า/เร็วเกินไป | F54: มีประมวลรายวิชาและแนะนำเนื้อหาวิชา | G54: มีการจัดเตรียมสื่อการเรียนการสอนและรวบรวมแหล่งอ้างอิงไว้อย่างเหมาะสม | H54: มีการจัดการเรียนการสอนเป็นไปตามประมวลรายวิชาครบถ้วนและการนำเข้าสู่บทเรียนให้ข้อมูลที่เป็นประโยชน์แก่ผู้เรียนครบถ้วน | I54: มีการส่งเสริมให้ผู้เรียนได้ฝึกทักษะการคิดได้อย่างเหมาะสมดีมาก | J54: มีการส่งเสริมให้ผู้เรียนได้ฝึกทักษะการสื่อสารได้อย่างเหมาะสมดีมาก
A55: 46212.618 | B55: bnco0927@signalschool.ac.th | C55: ร.ท.ศุภรัชฎ หมอกสุข | D55: ลักษณะทางทหาร "ดีมาก" มีความเชื่อมั่นในตนเองเป็นแบบอย่างที่ดีแก่ผู้เรียนได้ | E55: เสียงดังฟังชัดและจังหวะการพูดไม่ช้า/เร็วเกินไป | F55: มีประมวลรายวิชาและแนะนำเนื้อหาวิชา | G55: มีการจัดเตรียมสื่อการเรียนการสอนและรวบรวมแหล่งอ้างอิงไว้อย่างเหมาะสม | H55: มีการจัดการเรียนการสอนเป็นไปตามประมวลรายวิชาครบถ้วนและการนำเข้าสู่บทเรียนให้ข้อมูลที่เป็นประโยชน์แก่ผู้เรียนครบถ้วน | I55: มีการส่งเสริมให้ผู้เรียนได้ฝึกทักษะการคิดได้อย่างเหมาะสมดีมาก | J55: มีการส่งเสริมให้ผู้เรียนได้ฝึกทักษะการสื่อสารได้อย่างเหมาะสมดีมาก
A56: 46212.618 | B56: bnco0969@signalschool.ac.th | C56: ร.ท. ศุภรัชฎ หมอกสุข | D56: ลักษณะทางทหาร "ดีมาก" มีความเชื่อมั่นในตนเองเป็นแบบอย่างที่ดีแก่ผู้เรียนได้ | E56: เสียงดังฟังชัดและจังหวะการพูดไม่ช้า/เร็วเกินไป | F56: มีประมวลรายวิชาและแนะนำเนื้อหาวิชา | G56: มีการจัดเตรียมสื่อการเรียนการสอนและรวบรวมแหล่งอ้างอิงไว้อย่างเหมาะสม | H56: มีการจัดการเรียนการสอนเป็นไปตามประมวลรายวิชาครบถ้วนและการนำเข้าสู่บทเรียนให้ข้อมูลที่เป็นประโยชน์แก่ผู้เรียนครบถ้วน | I56: มีการส่งเสริมให้ผู้เรียนได้ฝึกทักษะการคิดได้อย่างเหมาะสมดีมาก | J56: มีการส่งเสริมให้ผู้เรียนได้ฝึกทักษะการสื่อสารได้อย่างเหมาะสมดีมาก
A57: 46212.618 | B57: bnco0909@signalschool.ac.th | C57: ร.ท.ศุภรัช หมอกสุข | D57: ลักษณะทางทหาร "ดีมาก" มีความเชื่อมั่นในตนเองเป็นแบบอย่างที่ดีแก่ผู้เรียนได้ | E57: เสียงดังฟังชัดและจังหวะการพูดไม่ช้า/เร็วเกินไป | F57: มีประมวลรายวิชาและแนะนำเนื้อหาวิชา | G57: มีการจัดเตรียมสื่อการเรียนการสอนและรวบรวมแหล่งอ้างอิงไว้อย่างเหมาะสม | H57: มีการจัดการเรียนการสอนเป็นไปตามประมวลรายวิชาครบถ้วนและการนำเข้าสู่บทเรียนให้ข้อมูลที่เป็นประโยชน์แก่ผู้เรียนครบถ้วน | I57: มีการส่งเสริมให้ผู้เรียนได้ฝึกทักษะการคิดได้อย่างเหมาะสมดีมาก | J57: มีการส่งเสริมให้ผู้เรียนได้ฝึกทักษะการสื่อสารได้อย่างเหมาะสมดีมาก
A58: 46212.618 | B58: bnco0942@signalschool.ac.th | C58: ร.ท. ศุภณัฐ หมอกสุข | D58: ลักษณะทางทหาร "ดีมาก" มีความเชื่อมั่นในตนเองเป็นแบบอย่างที่ดีแก่ผู้เรียนได้ | E58: เสียงดังฟังชัดและจังหวะการพูดไม่ช้า/เร็วเกินไป | F58: มีประมวลรายวิชาและแนะนำเนื้อหาวิชา | G58: มีการจัดเตรียมสื่อการเรียนการสอนและรวบรวมแหล่งอ้างอิงไว้อย่างเหมาะสม | H58: มีการจัดการเรียนการสอนเป็นไปตามประมวลรายวิชาครบถ้วนและการนำเข้าสู่บทเรียนให้ข้อมูลที่เป็นประโยชน์แก่ผู้เรียนครบถ้วน | I58: มีการส่งเสริมให้ผู้เรียนได้ฝึกทักษะการคิดได้อย่างเหมาะสมดีมาก | J58: มีการส่งเสริมให้ผู้เรียนได้ฝึกทักษะการสื่อสารได้อย่างเหมาะสมดีมาก
A59: 46212.618 | B59: bnco0948@signalschool.ac.th | C59: ร.ท.ศุภรัชฎ หมอกสุข | D59: ลักษณะทางทหาร "ดีมาก" มีความเชื่อมั่นในตนเองเป็นแบบอย่างที่ดีแก่ผู้เรียนได้ | E59: เสียงดังฟังชัดและจังหวะการพูดไม่ช้า/เร็วเกินไป | F59: มีประมวลรายวิชาและแนะนำเนื้อหาวิชา | G59: มีการจัดเตรียมสื่อการเรียนการสอนและรวบรวมแหล่งอ้างอิงไว้อย่างเหมาะสม | H59: มีการจัดการเรียนการสอนเป็นไปตามประมวลรายวิชาครบถ้วนและการนำเข้าสู่บทเรียนให้ข้อมูลที่เป็นประโยชน์แก่ผู้เรียนครบถ้วน | I59: มีการส่งเสริมให้ผู้เรียนได้ฝึกทักษะการคิดได้อย่างเหมาะสมดีมาก | J59: มีการส่งเสริมให้ผู้เรียนได้ฝึกทักษะการสื่อสารได้อย่างเหมาะสมดีมาก | K59: ไม่มีครับ
A60: 46212.619 | B60: bnco0913@signalschool.ac.th | C60: ร.ท.ศุภรัชฎ หมอกสุข | D60: ลักษณะทางทหาร "ดีมาก" มีความเชื่อมั่นในตนเองเป็นแบบอย่างที่ดีแก่ผู้เรียนได้ | E60: เสียงดังฟังชัดและจังหวะการพูดไม่ช้า/เร็วเกินไป | F60: มีประมวลรายวิชาและแนะนำเนื้อหาวิชา | G60: มีการจัดเตรียมสื่อการเรียนการสอนและรวบรวมแหล่งอ้างอิงไว้อย่างเหมาะสม | H60: มีการจัดการเรียนการสอนเป็นไปตามประมวลรายวิชาครบถ้วนและการนำเข้าสู่บทเรียนให้ข้อมูลที่เป็นประโยชน์แก่ผู้เรียนครบถ้วน | I60: มีการส่งเสริมให้ผู้เรียนได้ฝึกทักษะการคิดได้อย่างเหมาะสมดีมาก | J60: มีการส่งเสริมให้ผู้เรียนได้ฝึกทักษะการสื่อสารได้อย่างเหมาะสมดีมาก
A61: 46212.619 | B61: bnco0945@signalschool.ac.th | C61: ร.ท.ศุภรัชฏ หมอกสุก | D61: ลักษณะทางทหารต้อง "ได้รับการปรับปรุง" ขาดความเชื่อมั่นในตนเอง | E61: เสียงดังฟังชัดและจังหวะการพูดไม่ช้า/เร็วเกินไป | F61: มีประมวลรายวิชาและแนะนำเนื้อหาวิชา | G61: มีการจัดเตรียมสื่อการเรียนการสอน "แต่ไม่ปรากฏ" แหล่งอ้างอิง | H61: มีการจัดการเรียนการสอนเป็นไปตามประมวลรายวิชาครบถ้วนและการนำเข้าสู่บทเรียนให้ข้อมูลที่เป็นประโยชน์แก่ผู้เรียนครบถ้วน | I61: มีการส่งเสริมให้ผู้เรียนได้ฝึกทักษะการคิดได้อย่างเหมาะสมดีมาก | J61: มีการส่งเสริมให้ผู้เรียนได้ฝึกทักษะการสื่อสารได้อย่างเหมาะสมดีมาก
A62: 46212.619 | B62: bnco0902@signalschool.ac.th | C62: ร.ท.ศุภรัชฏ หมอกสุข | D62: ลักษณะทางทหาร "ดีมาก" มีความเชื่อมั่นในตนเองเป็นแบบอย่างที่ดีแก่ผู้เรียนได้ | E62: เสียงดังฟังชัดและจังหวะการพูดไม่ช้า/เร็วเกินไป | F62: มีประมวลรายวิชาและแนะนำเนื้อหาวิชา | G62: มีการจัดเตรียมสื่อการเรียนการสอนและรวบรวมแหล่งอ้างอิงไว้อย่างเหมาะสม | H62: มีการจัดการเรียนการสอนเป็นไปตามประมวลรายวิชาครบถ้วนและการนำเข้าสู่บทเรียนให้ข้อมูลที่เป็นประโยชน์แก่ผู้เรียนครบถ้วน | I62: มีการส่งเสริมให้ผู้เรียนได้ฝึกทักษะการคิดได้อย่างเหมาะสมดีมาก | J62: มีการส่งเสริมให้ผู้เรียนได้ฝึกทักษะการสื่อสารได้อย่างเหมาะสมดีมาก
A63: 46212.619 | B63: bnco0949@signalschool.ac.th | C63: ร.ท.ศุภรัชฎ หมอกสุข | D63: ลักษณะทางทหาร "ดีมาก" มีความเชื่อมั่นในตนเองเป็นแบบอย่างที่ดีแก่ผู้เรียนได้ | E63: เสียงดังฟังชัดและจังหวะการพูดไม่ช้า/เร็วเกินไป | F63: มีประมวลรายวิชาและแนะนำเนื้อหาวิชา | G63: มีการจัดเตรียมสื่อการเรียนการสอนและรวบรวมแหล่งอ้างอิงไว้อย่างเหมาะสม | H63: มีการจัดการเรียนการสอนเป็นไปตามประมวลรายวิชาครบถ้วนและการนำเข้าสู่บทเรียนให้ข้อมูลที่เป็นประโยชน์แก่ผู้เรียนครบถ้วน | I63: มีการส่งเสริมให้ผู้เรียนได้ฝึกทักษะการคิดได้อย่างเหมาะสมดีมาก | J63: มีการส่งเสริมให้ผู้เรียนได้ฝึกทักษะการสื่อสารได้อย่างเหมาะสมดีมาก
A64: 46212.619 | B64: bnco0965@signalschool.ac.th | C64: อาจารย์ ศุภรัตน์ หมอกสุข | D64: ลักษณะทางทหาร "ดีมาก" มีความเชื่อมั่นในตนเองเป็นแบบอย่างที่ดีแก่ผู้เรียนได้ | E64: เสียงดังฟังชัดและจังหวะการพูดไม่ช้า/เร็วเกินไป | F64: มีประมวลรายวิชาและแนะนำเนื้อหาวิชา | G64: มีการจัดเตรียมสื่อการเรียนการสอนและรวบรวมแหล่งอ้างอิงไว้อย่างเหมาะสม | H64: มีการจัดการเรียนการสอนเป็นไปตามประมวลรายวิชาครบถ้วนและการนำเข้าสู่บทเรียนให้ข้อมูลที่เป็นประโยชน์แก่ผู้เรียนครบถ้วน | I64: มีการส่งเสริมให้ผู้เรียนได้ฝึกทักษะการคิดได้อย่างเหมาะสมดีมาก | J64: มีการส่งเสริมให้ผู้เรียนได้ฝึกทักษะการสื่อสารได้อย่างเหมาะสมดีมาก
A65: 46212.619 | B65: bnco0901@signalschool.ac.th | C65: ร.ท.ศุภรัช หมอกสุข | D65: ลักษณะทางทหาร "ดีมาก" มีความเชื่อมั่นในตนเองเป็นแบบอย่างที่ดีแก่ผู้เรียนได้ | E65: เสียงดังฟังชัดและจังหวะการพูดไม่ช้า/เร็วเกินไป | F65: มีประมวลรายวิชาและแนะนำเนื้อหาวิชา | G65: มีการจัดเตรียมสื่อการเรียนการสอนและรวบรวมแหล่งอ้างอิงไว้อย่างเหมาะสม | H65: มีการจัดการเรียนการสอนเป็นไปตามประมวลรายวิชาครบถ้วนและการนำเข้าสู่บทเรียนให้ข้อมูลที่เป็นประโยชน์แก่ผู้เรียนครบถ้วน | I65: มีการส่งเสริมให้ผู้เรียนได้ฝึกทักษะการคิดได้อย่างเหมาะสมดีมาก | J65: มีการส่งเสริมให้ผู้เรียนได้ฝึกทักษะการสื่อสารได้อย่างเหมาะสมดีมาก
A66: 46212.619 | B66: bnco0946@signalschool.ac.th | C66: ร.ท.ศุภรัชฎ หมอกสุข | D66: ลักษณะทางทหาร "ดีมาก" มีความเชื่อมั่นในตนเองเป็นแบบอย่างที่ดีแก่ผู้เรียนได้ | E66: เสียงดังฟังชัดและจังหวะการพูดไม่ช้า/เร็วเกินไป | F66: มีประมวลรายวิชาและแนะนำเนื้อหาวิชา | G66: มีการจัดเตรียมสื่อการเรียนการสอนและรวบรวมแหล่งอ้างอิงไว้อย่างเหมาะสม | H66: มีการจัดการเรียนการสอนเป็นไปตามประมวลรายวิชาครบถ้วนและการนำเข้าสู่บทเรียนให้ข้อมูลที่เป็นประโยชน์แก่ผู้เรียนครบถ้วน | I66: มีการส่งเสริมให้ผู้เรียนได้ฝึกทักษะการคิดได้อย่างเหมาะสมดีมาก | J66: มีการส่งเสริมให้ผู้เรียนได้ฝึกทักษะการสื่อสารได้อย่างเหมาะสมดีมาก
A67: 46212.619 | B67: bnco0979@signalschool.ac.th | C67: ร.ท.สุภรัชฎ หมอกสุข | D67: ลักษณะทางทหาร "ดีมาก" มีความเชื่อมั่นในตนเองเป็นแบบอย่างที่ดีแก่ผู้เรียนได้ | E67: เสียงดังฟังชัดและจังหวะการพูดไม่ช้า/เร็วเกินไป | F67: มีประมวลรายวิชาและแนะนำเนื้อหาวิชา | G67: มีการจัดเตรียมสื่อการเรียนการสอนและรวบรวมแหล่งอ้างอิงไว้อย่างเหมาะสม | H67: มีการจัดการเรียนการสอนเป็นไปตามประมวลรายวิชาครบถ้วนและการนำเข้าสู่บทเรียนให้ข้อมูลที่เป็นประโยชน์แก่ผู้เรียนครบถ้วน | I67: มีการส่งเสริมให้ผู้เรียนได้ฝึกทักษะการคิดได้อย่างเหมาะสมดีมาก | J67: มีการส่งเสริมให้ผู้เรียนได้ฝึกทักษะการสื่อสารได้อย่างเหมาะสมดีมาก
A68: 46212.619 | B68: bnco0912@signalschool.ac.th | C68: ร.ท. ศุภรัชฏ หมอกสุข | D68: ลักษณะทางทหาร "ดีมาก" มีความเชื่อมั่นในตนเองเป็นแบบอย่างที่ดีแก่ผู้เรียนได้ | E68: เสียงดังฟังชัดและจังหวะการพูดไม่ช้า/เร็วเกินไป | F68: มีประมวลรายวิชาและแนะนำเนื้อหาวิชา | G68: มีการจัดเตรียมสื่อการเรียนการสอนและรวบรวมแหล่งอ้างอิงไว้อย่างเหมาะสม | H68: มีการจัดการเรียนการสอนเป็นไปตามประมวลรายวิชาครบถ้วนและการนำเข้าสู่บทเรียนให้ข้อมูลที่เป็นประโยชน์แก่ผู้เรียนครบถ้วน | I68: มีการส่งเสริมให้ผู้เรียนได้ฝึกทักษะการคิดได้อย่างเหมาะสมดีมาก | J68: มีการส่งเสริมให้ผู้เรียนได้ฝึกทักษะการสื่อสารได้อย่างเหมาะสมดีมาก
A69: 46212.619 | B69: bnco0947@signalschool.ac.th | C69: ร.ท. ศุภรัชฎ หมอกสุข | D69: ลักษณะทางทหาร "ดีมาก" มีความเชื่อมั่นในตนเองเป็นแบบอย่างที่ดีแก่ผู้เรียนได้ | E69: เสียงดังฟังชัดและจังหวะการพูดไม่ช้า/เร็วเกินไป | F69: มีประมวลรายวิชาและแนะนำเนื้อหาวิชา | G69: มีการจัดเตรียมสื่อการเรียนการสอนและรวบรวมแหล่งอ้างอิงไว้อย่างเหมาะสม | H69: มีการจัดการเรียนการสอนเป็นไปตามประมวลรายวิชาครบถ้วนและการนำเข้าสู่บทเรียนให้ข้อมูลที่เป็นประโยชน์แก่ผู้เรียนครบถ้วน | I69: มีการส่งเสริมให้ผู้เรียนได้ฝึกทักษะการคิดได้อย่างเหมาะสมดีมาก | J69: มีการส่งเสริมให้ผู้เรียนได้ฝึกทักษะการสื่อสารได้อย่างเหมาะสมดีมาก
A70: 46212.62 | B70: bnco0943@signalschool.ac.th | C70: ร.ท.ศุภรัชฎ หมอกสุข | D70: ลักษณะทางทหาร "ดีมาก" มีความเชื่อมั่นในตนเองเป็นแบบอย่างที่ดีแก่ผู้เรียนได้ | E70: เสียงดังฟังชัดและจังหวะการพูดไม่ช้า/เร็วเกินไป | F70: มีประมวลรายวิชาและแนะนำเนื้อหาวิชา | G70: มีการจัดเตรียมสื่อการเรียนการสอนและรวบรวมแหล่งอ้างอิงไว้อย่างเหมาะสม | H70: มีการจัดการเรียนการสอนเป็นไปตามประมวลรายวิชาครบถ้วนและการนำเข้าสู่บทเรียนให้ข้อมูลที่เป็นประโยชน์แก่ผู้เรียนครบถ้วน | I70: มีการส่งเสริมให้ผู้เรียนได้ฝึกทักษะการคิดได้อย่างเหมาะสมดีมาก | J70: มีการส่งเสริมให้ผู้เรียนได้ฝึกทักษะการสื่อสารได้อย่างเหมาะสมดีมาก
A71: 46212.62 | B71: bnco0929@signalschool.ac.th | C71: ร.ท.ศุภรัชฎ หมอกสุข | D71: ลักษณะทางทหาร "ดีมาก" มีความเชื่อมั่นในตนเองเป็นแบบอย่างที่ดีแก่ผู้เรียนได้ | E71: เสียงดังฟังชัดและจังหวะการพูดไม่ช้า/เร็วเกินไป | F71: มีประมวลรายวิชาและแนะนำเนื้อหาวิชา | G71: มีการจัดเตรียมสื่อการเรียนการสอนและรวบรวมแหล่งอ้างอิงไว้อย่างเหมาะสม | H71: มีการจัดการเรียนการสอนเป็นไปตามประมวลรายวิชาครบถ้วนและการนำเข้าสู่บทเรียนให้ข้อมูลที่เป็นประโยชน์แก่ผู้เรียนครบถ้วน | I71: มีการส่งเสริมให้ผู้เรียนได้ฝึกทักษะการคิดได้อย่างเหมาะสมดีมาก | J71: มีการส่งเสริมให้ผู้เรียนได้ฝึกทักษะการสื่อสารได้อย่างเหมาะสมดีมาก
... A75: 46212.622 | B75: bnco0980@signalschool.ac.th | C75: ร.ท.ศุภรักฏ หมอกสุข | D75: ลักษณะทางทหาร "ดีมาก" มีความเชื่อมั่นในตนเองเป็นแบบอย่างที่ดีแก่ผู้เรียนได้ | E75: เสียงดังฟังชัดและจังหวะการพูดไม่ช้า/เร็วเกินไป | F75: มีประมวลรายวิชาและแนะนำเนื้อหาวิชา | G75: มีการจัดเตรียมสื่อการเรียนการสอนและรวบรวมแหล่งอ้างอิงไว้อย่างเหมาะสม | H75: มีการจัดการเรียนการสอนเป็นไปตามประมวลรายวิชาครบถ้วนและการนำเข้าสู่บทเรียนให้ข้อมูลที่เป็นประโยชน์แก่ผู้เรียนครบถ้วน | I75: มีการส่งเสริมให้ผู้เรียนได้ฝึกทักษะการคิดได้อย่างเหมาะสมดีมาก | J75: มีการส่งเสริมให้ผู้เรียนได้ฝึกทักษะการสื่อสารได้อย่างเหมาะสม
A76: 46212.622 | B76: bnco0976@signalschool.ac.th | C76: ร.ท.ศุภรัชฎ หมอกสุข | D76: ลักษณะทางทหาร "ดีมาก" มีความเชื่อมั่นในตนเองเป็นแบบอย่างที่ดีแก่ผู้เรียนได้ | E76: เสียงดังฟังชัดและจังหวะการพูดไม่ช้า/เร็วเกินไป | F76: มีประมวลรายวิชาและแนะนำเนื้อหาวิชา | G76: มีการจัดเตรียมสื่อการเรียนการสอนและรวบรวมแหล่งอ้างอิงไว้อย่างเหมาะสม | H76: มีการจัดการเรียนการสอนเป็นไปตามประมวลรายวิชาครบถ้วนและการนำเข้าสู่บทเรียนให้ข้อมูลที่เป็นประโยชน์แก่ผู้เรียนครบถ้วน | I76: มีการส่งเสริมให้ผู้เรียนได้ฝึกทักษะการคิดได้อย่างเหมาะสมดีมาก | J76: มีการส่งเสริมให้ผู้เรียนได้ฝึกทักษะการสื่อสารได้อย่างเหมาะสมดีมาก | K76: -
A77: 46212.624 | B77: bnco0917@signalschool.ac.th | C77: ร.ท.ศุภรัชฎ หมอกสุข | D77: ลักษณะทางทหาร "ดีมาก" มีความเชื่อมั่นในตนเองเป็นแบบอย่างที่ดีแก่ผู้เรียนได้ | E77: เสียงดังฟังชัดและจังหวะการพูดไม่ช้า/เร็วเกินไป | F77: มีประมวลรายวิชาและแนะนำเนื้อหาวิชา | G77: มีการจัดเตรียมสื่อการเรียนการสอนและรวบรวมแหล่งอ้างอิงไว้อย่างเหมาะสม | H77: มีการจัดการเรียนการสอนเป็นไปตามประมวลรายวิชาครบถ้วนและการนำเข้าสู่บทเรียนให้ข้อมูลที่เป็นประโยชน์แก่ผู้เรียนครบถ้วน | I77: มีการส่งเสริมให้ผู้เรียนได้ฝึกทักษะการคิดได้อย่างเหมาะสมดีมาก | J77: มีการส่งเสริมให้ผู้เรียนได้ฝึกทักษะการสื่อสารได้อย่างเหมาะสมดีมาก
A78: 46212.63 | B78: bnco0954@signalschool.ac.th | C78: ร.ท.ศุภรัชฎ หมอกสุข | D78: ลักษณะทางทหาร "มีความเหมาะสม" มีความเชื่อมั่นในตนเองปานกลาง | E78: เสียงเบา "แต่" จังหวะการพูดไม่ช้า/เร็วเกินไป | F78: มีประมวลรายวิชา "แต่ไม่มีการ" แนะนำเนื้อหาวิชา | G78: มีการจัดเตรียมสื่อการเรียนการสอน "แต่ไม่ปรากฏ" แหล่งอ้างอิง | H78: มีการจัดการเรียนการสอนเป็นไปตามประมวลรายวิชาบางส่วน "หรือ" การนำเข้าสู่บทเรียนให้ข้อมูลที่เป็นประโยชน์แก่ผู้เรียน (อย่างใดอย่างหนึ่ง) | I78: มีการส่งเสริมให้ผู้เรียนได้ฝึกทักษะการคิดได้อย่างเหมาะสม | J78: มีการส่งเสริมให้ผู้เรียนได้ฝึกทักษะการสื่อสารได้อย่างเหมาะสม
A79: 46212.834 | B79: bnco0907@signalschool.ac.th | C79: ร.ท.ศุภรัชฎ หมอกสุข | D79: ลักษณะทางทหาร "ดีมาก" มีความเชื่อมั่นในตนเองเป็นแบบอย่างที่ดีแก่ผู้เรียนได้ | E79: เสียงดังฟังชัดและจังหวะการพูดไม่ช้า/เร็วเกินไป | F79: มีประมวลรายวิชาและแนะนำเนื้อหาวิชา | G79: มีการจัดเตรียมสื่อการเรียนการสอนและรวบรวมแหล่งอ้างอิงไว้อย่างเหมาะสม | H79: มีการจัดการเรียนการสอนเป็นไปตามประมวลรายวิชาครบถ้วนและการนำเข้าสู่บทเรียนให้ข้อมูลที่เป็นประโยชน์แก่ผู้เรียนครบถ้วน | I79: มีการส่งเสริมให้ผู้เรียนได้ฝึกทักษะการคิดได้อย่างเหมาะสมดีมาก | J79: มีการส่งเสริมให้ผู้เรียนได้ฝึกทักษะการสื่อสารได้อย่างเหมาะสมดีมาก
A80: 46213.404 | B80: bnco0931@signalschool.ac.th | C80: ร.ท.ศุภรัชฏ หมอกสุข | D80: ลักษณะทางทหาร "ดีมาก" มีความเชื่อมั่นในตนเองเป็นแบบอย่างที่ดีแก่ผู้เรียนได้ | E80: เสียงดังฟังชัดและจังหวะการพูดไม่ช้า/เร็วเกินไป | F80: มีประมวลรายวิชาและแนะนำเนื้อหาวิชา | G80: มีการจัดเตรียมสื่อการเรียนการสอนและรวบรวมแหล่งอ้างอิงไว้อย่างเหมาะสม | H80: มีการจัดการเรียนการสอนเป็นไปตามประมวลรายวิชาครบถ้วนและการนำเข้าสู่บทเรียนให้ข้อมูลที่เป็นประโยชน์แก่ผู้เรียนครบถ้วน | I80: มีการส่งเสริมให้ผู้เรียนได้ฝึกทักษะการคิดได้อย่างเหมาะสมดีมาก | J80: มีการส่งเสริมให้ผู้เรียนได้ฝึกทักษะการสื่อสารได้อย่างเหมาะสมดีมาก
A81: 46213.453 | B81: bnco0975@signalschool.ac.th | C81: ร.ท.ศุภรัชฎ หมอกสุข | D81: ลักษณะทางทหาร "ดีมาก" มีความเชื่อมั่นในตนเองเป็นแบบอย่างที่ดีแก่ผู้เรียนได้ | E81: เสียงดังฟังชัดและจังหวะการพูดไม่ช้า/เร็วเกินไป | F81: มีประมวลรายวิชา "แต่ไม่มีการ" แนะนำเนื้อหาวิชา | G81: มีการจัดเตรียมสื่อการเรียนการสอนและรวบรวมแหล่งอ้างอิงไว้อย่างเหมาะสม | H81: มีการจัดการเรียนการสอนเป็นไปตามประมวลรายวิชาบางส่วน "หรือ" การนำเข้าสู่บทเรียนให้ข้อมูลที่เป็นประโยชน์แก่ผู้เรียน (อย่างใดอย่างหนึ่ง) | I81: มีการส่งเสริมให้ผู้เรียนได้ฝึกทักษะการคิดได้อย่างเหมาะสมดีมาก | J81: มีการส่งเสริมให้ผู้เรียนได้ฝึกทักษะการสื่อสารได้อย่างเหมาะสมดีมาก | K81: ไม่มี

Sheet ค่า 1.1
A1: ประทับเวลา | B1: ที่อยู่อีเมล | C1: ยศ ชื่อ-สกุล ครู-อาจารย์ผู้สอน | E1: 1. บุคลิกภาพและลักษณะท่าทางของอาจารย์ผู้สอน | F1: 2. การพูดและการใช้นํ้าเสียง | G1: 3. การเตรียมการสอน | H1: 4. การจัดเตรียมสื่อการสอน | I1: 5. การถ่ายทอดความรู้และการนำเข้าสู่บทเรียน | J1: 6. ผู้เรียนได้ฝึกทักษะการคิดวิเคราะห์ หรือการพัฒนาความคิดสร้างสรรค์จากการเรียนรายวิชานี้มากน้อยเพียงใด | K1: 7. ผู้เรียนได้ฝึกทักษะการสื่อสาร การนำเสนอ และการใช้งานเทคโนโลยีสารสนเทศจากการเรียนรายวิชานี้มากน้อยเพียงใด | M1: ตรวจสอบผู้เข้าประเมิน
A2: ='1.1'!A:A -> 46181.522 | B2: ='1.1'!B:B -> bnco0910@signalschool.ac.th | C2: ='1.1'!C:C -> ส.อ.ไชยพร รัก รักษากุล | D2: 1 | E2: =IFERROR(vlookup('1.1'!D:D,lookup!$A$2:$B$4,2,false),0) -> 5 | F2: =IFERROR(vlookup('1.1'!E:E,lookup!$A$6:$B$8,2,false),0) -> 5 | G2: =IFERROR(vlookup('1.1'!F:F,lookup!$A$10:$B$12,2,false),0) -> 5 | H2: =IFERROR(vlookup('1.1'!G:G,lookup!$A$14:$B$16,2,false),0) -> 5 | I2: =IFERROR(vlookup('1.1'!H:H,lookup!$A$18:$B$20,2,false),0) -> 5 | J2: =IFERROR(vlookup('1.1'!I:I,lookup!$A$22:$B$24,2,false),0) -> 5 | K2: =IFERROR(vlookup('1.1'!J:J,lookup!$A$26:$B$28,2,false),0) -> 5 | M2: 1 | N2: =CONCAT(R2,"@signalschool.ac.th") -> bnco0901@signalschool.ac.th | O2: =IFERROR(VLOOKUP(N2,B$2:D$81,3,FALSE),0) -> 1 | R2: bnco0901
A3: ='1.1'!A:A -> 46189.429 | B3: ='1.1'!B:B -> bnco0936@signalschool.ac.th | C3: ='1.1'!C:C -> จ.ส.ต.ภานุพงษ์ ใจเฉื่อย | D3: 1 | E3: =IFERROR(vlookup('1.1'!D:D,lookup!$A$2:$B$4,2,false),0) -> 5 | F3: =IFERROR(vlookup('1.1'!E:E,lookup!$A$6:$B$8,2,false),0) -> 5 | G3: =IFERROR(vlookup('1.1'!F:F,lookup!$A$10:$B$12,2,false),0) -> 5 | H3: =IFERROR(vlookup('1.1'!G:G,lookup!$A$14:$B$16,2,false),0) -> 5 | I3: =IFERROR(vlookup('1.1'!H:H,lookup!$A$18:$B$20,2,false),0) -> 5 | J3: =IFERROR(vlookup('1.1'!I:I,lookup!$A$22:$B$24,2,false),0) -> 5 | K3: =IFERROR(vlookup('1.1'!J:J,lookup!$A$26:$B$28,2,false),0) -> 5 | M3: 2 | N3: =CONCAT(R3,"@signalschool.ac.th") -> bnco0902@signalschool.ac.th | O3: =IFERROR(VLOOKUP(N3,B$2:D$81,3,FALSE),0) -> 1 | R3: bnco0902
A4: ='1.1'!A:A -> 46189.435 | B4: ='1.1'!B:B -> bnco0940@signalschool.ac.th | C4: ='1.1'!C:C -> ส.อ.ไชยพร รักษากุล | D4: 1 | E4: =IFERROR(vlookup('1.1'!D:D,lookup!$A$2:$B$4,2,false),0) -> 5 | F4: =IFERROR(vlookup('1.1'!E:E,lookup!$A$6:$B$8,2,false),0) -> 5 | G4: =IFERROR(vlookup('1.1'!F:F,lookup!$A$10:$B$12,2,false),0) -> 5 | H4: =IFERROR(vlookup('1.1'!G:G,lookup!$A$14:$B$16,2,false),0) -> 5 | I4: =IFERROR(vlookup('1.1'!H:H,lookup!$A$18:$B$20,2,false),0) -> 5 | J4: =IFERROR(vlookup('1.1'!I:I,lookup!$A$22:$B$24,2,false),0) -> 5 | K4: =IFERROR(vlookup('1.1'!J:J,lookup!$A$26:$B$28,2,false),0) -> 5 | M4: 3 | N4: =CONCAT(R4,"@signalschool.ac.th") -> bnco0903@signalschool.ac.th | O4: =IFERROR(VLOOKUP(N4,B$2:D$81,3,FALSE),0) -> 1 | R4: bnco0903
A5: ='1.1'!A:A -> 46204.346 | B5: ='1.1'!B:B -> bnco0950@signalschool.ac.th | C5: ='1.1'!C:C -> ส.อ.ไชยพร รักษากุล | D5: 1 | E5: =IFERROR(vlookup('1.1'!D:D,lookup!$A$2:$B$4,2,false),0) -> 5 | F5: =IFERROR(vlookup('1.1'!E:E,lookup!$A$6:$B$8,2,false),0) -> 5 | G5: =IFERROR(vlookup('1.1'!F:F,lookup!$A$10:$B$12,2,false),0) -> 5 | H5: =IFERROR(vlookup('1.1'!G:G,lookup!$A$14:$B$16,2,false),0) -> 5 | I5: =IFERROR(vlookup('1.1'!H:H,lookup!$A$18:$B$20,2,false),0) -> 5 | J5: =IFERROR(vlookup('1.1'!I:I,lookup!$A$22:$B$24,2,false),0) -> 5 | K5: =IFERROR(vlookup('1.1'!J:J,lookup!$A$26:$B$28,2,false),0) -> 5 | M5: 4 | N5: =CONCAT(R5,"@signalschool.ac.th") -> bnco0904@signalschool.ac.th | O5: =IFERROR(VLOOKUP(N5,B$2:D$81,3,FALSE),0) -> 1 | R5: bnco0904
A6: ='1.1'!A:A -> 46204.467 | B6: ='1.1'!B:B -> bnco0951@signalschool.ac.th | C6: ='1.1'!C:C -> ส.อ.ไชยพร รักษากุล | D6: 1 | E6: =IFERROR(vlookup('1.1'!D:D,lookup!$A$2:$B$4,2,false),0) -> 5 | F6: =IFERROR(vlookup('1.1'!E:E,lookup!$A$6:$B$8,2,false),0) -> 5 | G6: =IFERROR(vlookup('1.1'!F:F,lookup!$A$10:$B$12,2,false),0) -> 5 | H6: =IFERROR(vlookup('1.1'!G:G,lookup!$A$14:$B$16,2,false),0) -> 5 | I6: =IFERROR(vlookup('1.1'!H:H,lookup!$A$18:$B$20,2,false),0) -> 5 | J6: =IFERROR(vlookup('1.1'!I:I,lookup!$A$22:$B$24,2,false),0) -> 5 | K6: =IFERROR(vlookup('1.1'!J:J,lookup!$A$26:$B$28,2,false),0) -> 5 | M6: 5 | N6: =CONCAT(R6,"@signalschool.ac.th") -> bnco0905@signalschool.ac.th | O6: =IFERROR(VLOOKUP(N6,B$2:D$81,3,FALSE),0) -> 1 | R6: bnco0905
A7: ='1.1'!A:A -> 46206.594 | B7: ='1.1'!B:B -> bnco0920@signalschool.ac.th | C7: ='1.1'!C:C -> จ.ส.ท.ณัฐพงษ์ / จ.ส.ต.ภาณุพงษ์ | D7: 1 | E7: =IFERROR(vlookup('1.1'!D:D,lookup!$A$2:$B$4,2,false),0) -> 5 | F7: =IFERROR(vlookup('1.1'!E:E,lookup!$A$6:$B$8,2,false),0) -> 5 | G7: =IFERROR(vlookup('1.1'!F:F,lookup!$A$10:$B$12,2,false),0) -> 5 | H7: =IFERROR(vlookup('1.1'!G:G,lookup!$A$14:$B$16,2,false),0) -> 5 | I7: =IFERROR(vlookup('1.1'!H:H,lookup!$A$18:$B$20,2,false),0) -> 5 | J7: =IFERROR(vlookup('1.1'!I:I,lookup!$A$22:$B$24,2,false),0) -> 5 | K7: =IFERROR(vlookup('1.1'!J:J,lookup!$A$26:$B$28,2,false),0) -> 5 | M7: 6 | N7: =CONCAT(R7,"@signalschool.ac.th") -> bnco0906@signalschool.ac.th | O7: =IFERROR(VLOOKUP(N7,B$2:D$81,3,FALSE),0) -> 1 | R7: bnco0906
A8: ='1.1'!A:A -> 46212.576 | B8: ='1.1'!B:B -> bnco0906@signalschool.ac.th | C8: ='1.1'!C:C -> ส.อ.ไชยพร รักษากุล | D8: 1 | E8: =IFERROR(vlookup('1.1'!D:D,lookup!$A$2:$B$4,2,false),0) -> 3 | F8: =IFERROR(vlookup('1.1'!E:E,lookup!$A$6:$B$8,2,false),0) -> 3 | G8: =IFERROR(vlookup('1.1'!F:F,lookup!$A$10:$B$12,2,false),0) -> 3 | H8: =IFERROR(vlookup('1.1'!G:G,lookup!$A$14:$B$16,2,false),0) -> 3 | I8: =IFERROR(vlookup('1.1'!H:H,lookup!$A$18:$B$20,2,false),0) -> 3 | J8: =IFERROR(vlookup('1.1'!I:I,lookup!$A$22:$B$24,2,false),0) -> 3 | K8: =IFERROR(vlookup('1.1'!J:J,lookup!$A$26:$B$28,2,false),0) -> 3 | M8: 7 | N8: =CONCAT(R8,"@signalschool.ac.th") -> bnco0907@signalschool.ac.th | O8: =IFERROR(VLOOKUP(N8,B$2:D$81,3,FALSE),0) -> 1 | R8: bnco0907
A9: ='1.1'!A:A -> 46212.614 | B9: ='1.1'!B:B -> bnco0955@signalschool.ac.th | C9: ='1.1'!C:C -> อาจารย์ประจำวิชาการจัดหน่วยทหารสื่อสาร | D9: 1 | E9: =IFERROR(vlookup('1.1'!D:D,lookup!$A$2:$B$4,2,false),0) -> 5 | F9: =IFERROR(vlookup('1.1'!E:E,lookup!$A$6:$B$8,2,false),0) -> 5 | G9: =IFERROR(vlookup('1.1'!F:F,lookup!$A$10:$B$12,2,false),0) -> 5 | H9: =IFERROR(vlookup('1.1'!G:G,lookup!$A$14:$B$16,2,false),0) -> 5 | I9: =IFERROR(vlookup('1.1'!H:H,lookup!$A$18:$B$20,2,false),0) -> 5 | J9: =IFERROR(vlookup('1.1'!I:I,lookup!$A$22:$B$24,2,false),0) -> 5 | K9: =IFERROR(vlookup('1.1'!J:J,lookup!$A$26:$B$28,2,false),0) -> 5 | M9: 8 | N9: =CONCAT(R9,"@signalschool.ac.th") -> bnco0908@signalschool.ac.th | O9: =IFERROR(VLOOKUP(N9,B$2:D$81,3,FALSE),0) -> 1 | R9: bnco0908
A10: ='1.1'!A:A -> 46212.616 | B10: ='1.1'!B:B -> bnco0974@signalschool.ac.th | C10: ='1.1'!C:C -> ร.ท.ศุภรัชฎ หมอกสุข | D10: 1 | E10: =IFERROR(vlookup('1.1'!D:D,lookup!$A$2:$B$4,2,false),0) -> 3 | F10: =IFERROR(vlookup('1.1'!E:E,lookup!$A$6:$B$8,2,false),0) -> 5 | G10: =IFERROR(vlookup('1.1'!F:F,lookup!$A$10:$B$12,2,false),0) -> 5 | H10: =IFERROR(vlookup('1.1'!G:G,lookup!$A$14:$B$16,2,false),0) -> 5 | I10: =IFERROR(vlookup('1.1'!H:H,lookup!$A$18:$B$20,2,false),0) -> 5 | J10: =IFERROR(vlookup('1.1'!I:I,lookup!$A$22:$B$24,2,false),0) -> 5 | K10: =IFERROR(vlookup('1.1'!J:J,lookup!$A$26:$B$28,2,false),0) -> 5 | M10: 9 | N10: =CONCAT(R10,"@signalschool.ac.th") -> bnco0909@signalschool.ac.th | O10: =IFERROR(VLOOKUP(N10,B$2:D$81,3,FALSE),0) -> 1 | R10: bnco0909
A11: ='1.1'!A:A -> 46212.617 | B11: ='1.1'!B:B -> bnco0919@signalschool.ac.th | C11: ='1.1'!C:C -> ร.ท.ศุภรัชฎ หมอกสุข | D11: 1 | E11: =IFERROR(vlookup('1.1'!D:D,lookup!$A$2:$B$4,2,false),0) -> 5 | F11: =IFERROR(vlookup('1.1'!E:E,lookup!$A$6:$B$8,2,false),0) -> 5 | G11: =IFERROR(vlookup('1.1'!F:F,lookup!$A$10:$B$12,2,false),0) -> 5 | H11: =IFERROR(vlookup('1.1'!G:G,lookup!$A$14:$B$16,2,false),0) -> 5 | I11: =IFERROR(vlookup('1.1'!H:H,lookup!$A$18:$B$20,2,false),0) -> 5 | J11: =IFERROR(vlookup('1.1'!I:I,lookup!$A$22:$B$24,2,false),0) -> 5 | K11: =IFERROR(vlookup('1.1'!J:J,lookup!$A$26:$B$28,2,false),0) -> 5 | M11: 10 | N11: =CONCAT(R11,"@signalschool.ac.th") -> bnco0910@signalschool.ac.th | O11: =IFERROR(VLOOKUP(N11,B$2:D$81,3,FALSE),0) -> 1 | R11: bnco0910
A12: ='1.1'!A:A -> 46212.617 | B12: ='1.1'!B:B -> bnco0937@signalschool.ac.th | C12: ='1.1'!C:C -> ร.ท.ศุภรัชฎ หมอกสุข | D12: 1 | E12: =IFERROR(vlookup('1.1'!D:D,lookup!$A$2:$B$4,2,false),0) -> 5 | F12: =IFERROR(vlookup('1.1'!E:E,lookup!$A$6:$B$8,2,false),0) -> 5 | G12: =IFERROR(vlookup('1.1'!F:F,lookup!$A$10:$B$12,2,false),0) -> 5 | H12: =IFERROR(vlookup('1.1'!G:G,lookup!$A$14:$B$16,2,false),0) -> 5 | I12: =IFERROR(vlookup('1.1'!H:H,lookup!$A$18:$B$20,2,false),0) -> 5 | J12: =IFERROR(vlookup('1.1'!I:I,lookup!$A$22:$B$24,2,false),0) -> 5 | K12: =IFERROR(vlookup('1.1'!J:J,lookup!$A$26:$B$28,2,false),0) -> 5 | M12: 11 | N12: =CONCAT(R12,"@signalschool.ac.th") -> bnco0911@signalschool.ac.th | O12: =IFERROR(VLOOKUP(N12,B$2:D$81,3,FALSE),0) -> 1 | R12: bnco0911
A13: ='1.1'!A:A -> 46212.617 | B13: ='1.1'!B:B -> bnco0970@signalschool.ac.th | C13: ='1.1'!C:C -> ส.อ.ภาณุพงศ์ อุทธิยา | D13: 1 | E13: =IFERROR(vlookup('1.1'!D:D,lookup!$A$2:$B$4,2,false),0) -> 5 | F13: =IFERROR(vlookup('1.1'!E:E,lookup!$A$6:$B$8,2,false),0) -> 5 | G13: =IFERROR(vlookup('1.1'!F:F,lookup!$A$10:$B$12,2,false),0) -> 5 | H13: =IFERROR(vlookup('1.1'!G:G,lookup!$A$14:$B$16,2,false),0) -> 5 | I13: =IFERROR(vlookup('1.1'!H:H,lookup!$A$18:$B$20,2,false),0) -> 5 | J13: =IFERROR(vlookup('1.1'!I:I,lookup!$A$22:$B$24,2,false),0) -> 5 | K13: =IFERROR(vlookup('1.1'!J:J,lookup!$A$26:$B$28,2,false),0) -> 5 | M13: 12 | N13: =CONCAT(R13,"@signalschool.ac.th") -> bnco0912@signalschool.ac.th | O13: =IFERROR(VLOOKUP(N13,B$2:D$81,3,FALSE),0) -> 1 | R13: bnco0912
... A81: ='1.1'!A:A -> 46213.453 | B81: ='1.1'!B:B -> bnco0975@signalschool.ac.th | C81: ='1.1'!C:C -> ร.ท.ศุภรัชฎ หมอกสุข | D81: 1 | E81: =IFERROR(vlookup('1.1'!D:D,lookup!$A$2:$B$4,2,false),0) -> 5 | F81: =IFERROR(vlookup('1.1'!E:E,lookup!$A$6:$B$8,2,false),0) -> 5 | G81: =IFERROR(vlookup('1.1'!F:F,lookup!$A$10:$B$12,2,false),0) -> 3 | H81: =IFERROR(vlookup('1.1'!G:G,lookup!$A$14:$B$16,2,false),0) -> 5 | I81: =IFERROR(vlookup('1.1'!H:H,lookup!$A$18:$B$20,2,false),0) -> 3 | J81: =IFERROR(vlookup('1.1'!I:I,lookup!$A$22:$B$24,2,false),0) -> 5 | K81: =IFERROR(vlookup('1.1'!J:J,lookup!$A$26:$B$28,2,false),0) -> 5 | M81: 80 | N81: =CONCAT(R81,"@signalschool.ac.th") -> bnco0980@signalschool.ac.th | O81: =IFERROR(VLOOKUP(N81,B$2:D$81,3,FALSE),0) -> 1 | R81: bnco0980
E82: =AVERAGE(E2:E81) -> 4.775 | F82: =AVERAGE(F2:F81) -> 4.875 | G82: =AVERAGE(G2:G81) -> 4.825 | H82: =AVERAGE(H2:H81) -> 4.875 | I82: =AVERAGE(I2:I81) -> 4.875 | J82: =AVERAGE(J2:J81) -> 4.925 | K82: =AVERAGE(K2:K81) -> 4.875 | L82: =AVERAGE(E82:K82) -> 4.8607143 | N82: ยอดผู้เข้าประเมิน | O82: =SUM(O2:O81) -> 80
N83: ภาพรวมร้อยละ | O83: =(O82*100)/80 -> 100

Sheet 1.2
A1: ประทับเวลา | B1: ที่อยู่อีเมล | C1: ยศ ชื่อ-สกุล ครู-อาจารย์ผู้สอน | D1: 1. บุคลิกภาพและลักษณะท่าทางของอาจารย์ผู้สอน | E1: 2. การพูดและการใช้นํ้าเสียง | F1: 3. การเตรียมการสอน | G1: 4. การจัดเตรียมสื่อการสอน | H1: 5. การถ่ายทอดความรู้และการนำเข้าสู่บทเรียน | I1: 6. ผู้เรียนได้ฝึกทักษะการคิดวิเคราะห์ หรือการพัฒนาความคิดสร้างสรรค์จากการเรียนรายวิชานี้มากน้อยเพียงใด | J1: 7. ผู้เรียนได้ฝึกทักษะการสื่อสาร การนำเสนอ และการใช้งานเทคโนโลยีสารสนเทศจากการเรียนรายวิชานี้มากน้อยเพียงใด | K1: ข้อเสนอแนะอื่นๆ
A2: 46153.361 | B2: bnco0958@signalschool.ac.th | C2: ส.อ.พิจักษณ์ คงแสง | D2: ลักษณะทางทหาร "ดีมาก" มีความเชื่อมั่นในตนเองเป็นแบบอย่างที่ดีแก่ผู้เรียนได้ | E2: เสียงดังฟังชัดและจังหวะการพูดไม่ช้า/เร็วเกินไป | F2: มีประมวลรายวิชาและแนะนำเนื้อหาวิชา | G2: มีการจัดเตรียมสื่อการเรียนการสอนและรวบรวมแหล่งอ้างอิงไว้อย่างเหมาะสม | H2: มีการจัดการเรียนการสอนเป็นไปตามประมวลรายวิชาครบถ้วนและการนำเข้าสู่บทเรียนให้ข้อมูลที่เป็นประโยชน์แก่ผู้เรียนครบถ้วน | I2: มีการส่งเสริมให้ผู้เรียนได้ฝึกทักษะการคิดได้อย่างเหมาะสมดีมาก | J2: มีการส่งเสริมให้ผู้เรียนได้ฝึกทักษะการสื่อสารได้อย่างเหมาะสมดีมาก
A3: 46153.361 | B3: bnco0934@signalschool.ac.th | C3: ส.อ.สุขเกษม พิบูลสุขสิน | D3: ลักษณะทางทหาร "ดีมาก" มีความเชื่อมั่นในตนเองเป็นแบบอย่างที่ดีแก่ผู้เรียนได้ | E3: เสียงดังฟังชัดและจังหวะการพูดไม่ช้า/เร็วเกินไป | F3: มีประมวลรายวิชาและแนะนำเนื้อหาวิชา | G3: มีการจัดเตรียมสื่อการเรียนการสอนและรวบรวมแหล่งอ้างอิงไว้อย่างเหมาะสม | H3: มีการจัดการเรียนการสอนเป็นไปตามประมวลรายวิชาครบถ้วนและการนำเข้าสู่บทเรียนให้ข้อมูลที่เป็นประโยชน์แก่ผู้เรียนครบถ้วน | I3: มีการส่งเสริมให้ผู้เรียนได้ฝึกทักษะการคิดได้อย่างเหมาะสมดีมาก | J3: มีการส่งเสริมให้ผู้เรียนได้ฝึกทักษะการสื่อสารได้อย่างเหมาะสมดีมาก
A4: 46153.362 | B4: bnco0971@signalschool.ac.th | C4: ส.อ.วิศวะ กิจสุวรรณ์ | D4: ลักษณะทางทหาร "ดีมาก" มีความเชื่อมั่นในตนเองเป็นแบบอย่างที่ดีแก่ผู้เรียนได้ | E4: เสียงเบา "แต่" จังหวะการพูดไม่ช้า/เร็วเกินไป | F4: มีประมวลรายวิชาและแนะนำเนื้อหาวิชา | G4: มีการจัดเตรียมสื่อการเรียนการสอนและรวบรวมแหล่งอ้างอิงไว้อย่างเหมาะสม | H4: มีการจัดการเรียนการสอนเป็นไปตามประมวลรายวิชาครบถ้วนและการนำเข้าสู่บทเรียนให้ข้อมูลที่เป็นประโยชน์แก่ผู้เรียนครบถ้วน | I4: มีการส่งเสริมให้ผู้เรียนได้ฝึกทักษะการคิดได้อย่างเหมาะสมดีมาก | J4: มีการส่งเสริมให้ผู้เรียนได้ฝึกทักษะการสื่อสารได้อย่างเหมาะสมดีมาก
A5: 46153.363 | B5: bnco0940@signalschool.ac.th | C5: จ.ส.อ.พัลลภ ดวงเดือน | D5: ลักษณะทางทหาร "ดีมาก" มีความเชื่อมั่นในตนเองเป็นแบบอย่างที่ดีแก่ผู้เรียนได้ | E5: เสียงดังฟังชัดและจังหวะการพูดไม่ช้า/เร็วเกินไป | F5: มีประมวลรายวิชาและแนะนำเนื้อหาวิชา | G5: มีการจัดเตรียมสื่อการเรียนการสอนและรวบรวมแหล่งอ้างอิงไว้อย่างเหมาะสม | H5: มีการจัดการเรียนการสอนเป็นไปตามประมวลรายวิชาครบถ้วนและการนำเข้าสู่บทเรียนให้ข้อมูลที่เป็นประโยชน์แก่ผู้เรียนครบถ้วน | I5: มีการส่งเสริมให้ผู้เรียนได้ฝึกทักษะการคิดได้อย่างเหมาะสมดีมาก | J5: มีการส่งเสริมให้ผู้เรียนได้ฝึกทักษะการสื่อสารได้อย่างเหมาะสมดีมาก
A6: 46153.363 | B6: bnco0967@signalschool.ac.th | C6: จ.ส.อ.พัลลภ ดวงเดือน | D6: ลักษณะทางทหาร "ดีมาก" มีความเชื่อมั่นในตนเองเป็นแบบอย่างที่ดีแก่ผู้เรียนได้ | E6: เสียงดังฟังชัดและจังหวะการพูดไม่ช้า/เร็วเกินไป | F6: มีประมวลรายวิชาและแนะนำเนื้อหาวิชา | G6: มีการจัดเตรียมสื่อการเรียนการสอนและรวบรวมแหล่งอ้างอิงไว้อย่างเหมาะสม | H6: มีการจัดการเรียนการสอนเป็นไปตามประมวลรายวิชาครบถ้วนและการนำเข้าสู่บทเรียนให้ข้อมูลที่เป็นประโยชน์แก่ผู้เรียนครบถ้วน | I6: มีการส่งเสริมให้ผู้เรียนได้ฝึกทักษะการคิดได้อย่างเหมาะสมดีมาก | J6: มีการส่งเสริมให้ผู้เรียนได้ฝึกทักษะการสื่อสารได้อย่างเหมาะสมดีมาก
A7: 46153.364 | B7: bnco0906@signalschool.ac.th | C7: จ.ส.อ.พัลลภ ดวงเดือน | D7: ลักษณะทางทหาร "มีความเหมาะสม" มีความเชื่อมั่นในตนเองปานกลาง | E7: เสียงดังฟังชัดและจังหวะการพูดไม่ช้า/เร็วเกินไป | F7: มีประมวลรายวิชาและแนะนำเนื้อหาวิชา | G7: มีการจัดเตรียมสื่อการเรียนการสอนและรวบรวมแหล่งอ้างอิงไว้อย่างเหมาะสม | H7: มีการจัดการเรียนการสอนเป็นไปตามประมวลรายวิชาบางส่วน "หรือ" การนำเข้าสู่บทเรียนให้ข้อมูลที่เป็นประโยชน์แก่ผู้เรียน (อย่างใดอย่างหนึ่ง) | I7: มีการส่งเสริมให้ผู้เรียนได้ฝึกทักษะการคิดได้อย่างเหมาะสม | J7: มีการส่งเสริมให้ผู้เรียนได้ฝึกทักษะการสื่อสารได้อย่างเหมาะสม
A8: 46153.364 | B8: bnco0943@signalschool.ac.th | C8: จ.ส.อ.พัลลภ ดวงเดือน | D8: ลักษณะทางทหาร "ดีมาก" มีความเชื่อมั่นในตนเองเป็นแบบอย่างที่ดีแก่ผู้เรียนได้ | E8: เสียงดังฟังชัดและจังหวะการพูดไม่ช้า/เร็วเกินไป | F8: มีประมวลรายวิชาและแนะนำเนื้อหาวิชา | G8: มีการจัดเตรียมสื่อการเรียนการสอนและรวบรวมแหล่งอ้างอิงไว้อย่างเหมาะสม | H8: มีการจัดการเรียนการสอนเป็นไปตามประมวลรายวิชาครบถ้วนและการนำเข้าสู่บทเรียนให้ข้อมูลที่เป็นประโยชน์แก่ผู้เรียนครบถ้วน | I8: มีการส่งเสริมให้ผู้เรียนได้ฝึกทักษะการคิดได้อย่างเหมาะสมดีมาก | J8: มีการส่งเสริมให้ผู้เรียนได้ฝึกทักษะการสื่อสารได้อย่างเหมาะสมดีมาก
A9: 46153.364 | B9: bnco0924@signalschool.ac.th | C9: จ.ส.อ. พัลลภ ดวงเดือน | D9: ลักษณะทางทหาร "ดีมาก" มีความเชื่อมั่นในตนเองเป็นแบบอย่างที่ดีแก่ผู้เรียนได้ | E9: เสียงดังฟังชัดและจังหวะการพูดไม่ช้า/เร็วเกินไป | F9: มีประมวลรายวิชาและแนะนำเนื้อหาวิชา | G9: มีการจัดเตรียมสื่อการเรียนการสอนและรวบรวมแหล่งอ้างอิงไว้อย่างเหมาะสม | H9: มีการจัดการเรียนการสอนเป็นไปตามประมวลรายวิชาครบถ้วนและการนำเข้าสู่บทเรียนให้ข้อมูลที่เป็นประโยชน์แก่ผู้เรียนครบถ้วน | I9: มีการส่งเสริมให้ผู้เรียนได้ฝึกทักษะการคิดได้อย่างเหมาะสมดีมาก | J9: มีการส่งเสริมให้ผู้เรียนได้ฝึกทักษะการสื่อสารได้อย่างเหมาะสมดีมาก
A10: 46153.364 | B10: bnco0939@signalschool.ac.th | C10: จ.ส.อ.พัลลภ ดวงเดือน | D10: ลักษณะทางทหาร "ดีมาก" มีความเชื่อมั่นในตนเองเป็นแบบอย่างที่ดีแก่ผู้เรียนได้ | E10: เสียงดังฟังชัดและจังหวะการพูดไม่ช้า/เร็วเกินไป | F10: มีประมวลรายวิชาและแนะนำเนื้อหาวิชา | G10: มีการจัดเตรียมสื่อการเรียนการสอนและรวบรวมแหล่งอ้างอิงไว้อย่างเหมาะสม | H10: มีการจัดการเรียนการสอนเป็นไปตามประมวลรายวิชาครบถ้วนและการนำเข้าสู่บทเรียนให้ข้อมูลที่เป็นประโยชน์แก่ผู้เรียนครบถ้วน | I10: มีการส่งเสริมให้ผู้เรียนได้ฝึกทักษะการคิดได้อย่างเหมาะสมดีมาก | J10: มีการส่งเสริมให้ผู้เรียนได้ฝึกทักษะการสื่อสารได้อย่างเหมาะสมดีมาก
A11: 46153.364 | B11: bnco0925@signalschool.ac.th | C11: ส.อ. กานต์ เรณู ณ อยุธยา | D11: ลักษณะทางทหาร "ดีมาก" มีความเชื่อมั่นในตนเองเป็นแบบอย่างที่ดีแก่ผู้เรียนได้ | E11: เสียงดังฟังชัดและจังหวะการพูดไม่ช้า/เร็วเกินไป | F11: มีประมวลรายวิชาและแนะนำเนื้อหาวิชา | G11: มีการจัดเตรียมสื่อการเรียนการสอนและรวบรวมแหล่งอ้างอิงไว้อย่างเหมาะสม | H11: มีการจัดการเรียนการสอนเป็นไปตามประมวลรายวิชาครบถ้วนและการนำเข้าสู่บทเรียนให้ข้อมูลที่เป็นประโยชน์แก่ผู้เรียนครบถ้วน | I11: มีการส่งเสริมให้ผู้เรียนได้ฝึกทักษะการคิดได้อย่างเหมาะสม | J11: มีการส่งเสริมให้ผู้เรียนได้ฝึกทักษะการสื่อสารได้อย่างเหมาะสม
A12: 46153.364 | B12: bnco0910@signalschool.ac.th | C12: จ.ส.อ.พัลลภ ดวงเดือน | D12: ลักษณะทางทหาร "ดีมาก" มีความเชื่อมั่นในตนเองเป็นแบบอย่างที่ดีแก่ผู้เรียนได้ | E12: เสียงดังฟังชัดและจังหวะการพูดไม่ช้า/เร็วเกินไป | F12: มีประมวลรายวิชาและแนะนำเนื้อหาวิชา | G12: มีการจัดเตรียมสื่อการเรียนการสอนและรวบรวมแหล่งอ้างอิงไว้อย่างเหมาะสม | H12: มีการจัดการเรียนการสอนเป็นไปตามประมวลรายวิชาครบถ้วนและการนำเข้าสู่บทเรียนให้ข้อมูลที่เป็นประโยชน์แก่ผู้เรียนครบถ้วน | I12: มีการส่งเสริมให้ผู้เรียนได้ฝึกทักษะการคิดได้อย่างเหมาะสมดีมาก | J12: มีการส่งเสริมให้ผู้เรียนได้ฝึกทักษะการสื่อสารได้อย่างเหมาะสมดีมาก
A13: 46153.365 | B13: bnco0936@signalschool.ac.th | C13: จ.ส.อ.พัลลภ ดวงเดือน | D13: ลักษณะทางทหาร "ดีมาก" มีความเชื่อมั่นในตนเองเป็นแบบอย่างที่ดีแก่ผู้เรียนได้ | E13: เสียงดังฟังชัดและจังหวะการพูดไม่ช้า/เร็วเกินไป | F13: มีประมวลรายวิชาและแนะนำเนื้อหาวิชา | G13: มีการจัดเตรียมสื่อการเรียนการสอนและรวบรวมแหล่งอ้างอิงไว้อย่างเหมาะสม | H13: มีการจัดการเรียนการสอนเป็นไปตามประมวลรายวิชาครบถ้วนและการนำเข้าสู่บทเรียนให้ข้อมูลที่เป็นประโยชน์แก่ผู้เรียนครบถ้วน | I13: มีการส่งเสริมให้ผู้เรียนได้ฝึกทักษะการคิดได้อย่างเหมาะสม | J13: มีการส่งเสริมให้ผู้เรียนได้ฝึกทักษะการสื่อสารได้อย่างเหมาะสมดีมาก
... A15: 46153.365 | B15: bnco0952@signalschool.ac.th | C15: จ.ส.อ.พัลลภ ดวงเดือน | D15: ลักษณะทางทหาร "ดีมาก" มีความเชื่อมั่นในตนเองเป็นแบบอย่างที่ดีแก่ผู้เรียนได้ | E15: เสียงดังฟังชัดและจังหวะการพูดไม่ช้า/เร็วเกินไป | F15: มีประมวลรายวิชาและแนะนำเนื้อหาวิชา | G15: มีการจัดเตรียมสื่อการเรียนการสอนและรวบรวมแหล่งอ้างอิงไว้อย่างเหมาะสม | H15: มีการจัดการเรียนการสอนเป็นไปตามประมวลรายวิชาครบถ้วนและการนำเข้าสู่บทเรียนให้ข้อมูลที่เป็นประโยชน์แก่ผู้เรียนครบถ้วน | I15: มีการส่งเสริมให้ผู้เรียนได้ฝึกทักษะการคิดได้อย่างเหมาะสมดีมาก | J15: มีการส่งเสริมให้ผู้เรียนได้ฝึกทักษะการสื่อสารได้อย่างเหมาะสมดีมาก
A16: 46153.365 | B16: bnco0955@signalschool.ac.th | C16: จ.ส.อ.พัลลภ ดวงเดือน | D16: ลักษณะทางทหาร "ดีมาก" มีความเชื่อมั่นในตนเองเป็นแบบอย่างที่ดีแก่ผู้เรียนได้ | E16: เสียงดังฟังชัดและจังหวะการพูดไม่ช้า/เร็วเกินไป | F16: มีประมวลรายวิชาและแนะนำเนื้อหาวิชา | G16: มีการจัดเตรียมสื่อการเรียนการสอนและรวบรวมแหล่งอ้างอิงไว้อย่างเหมาะสม | H16: มีการจัดการเรียนการสอนเป็นไปตามประมวลรายวิชาครบถ้วนและการนำเข้าสู่บทเรียนให้ข้อมูลที่เป็นประโยชน์แก่ผู้เรียนครบถ้วน | I16: มีการส่งเสริมให้ผู้เรียนได้ฝึกทักษะการคิดได้อย่างเหมาะสมดีมาก | J16: มีการส่งเสริมให้ผู้เรียนได้ฝึกทักษะการสื่อสารได้อย่างเหมาะสมดีมาก | K16: อาจารย์สอนเนื้อหาดี การเรียนการสอนสนุกครับ
A17: 46153.365 | B17: bnco0951@signalschool.ac.th | C17: จ.ส.อ.พัลลภ ดวงเดือน | D17: ลักษณะทางทหาร "ดีมาก" มีความเชื่อมั่นในตนเองเป็นแบบอย่างที่ดีแก่ผู้เรียนได้ | E17: เสียงดังฟังชัดและจังหวะการพูดไม่ช้า/เร็วเกินไป | F17: มีประมวลรายวิชาและแนะนำเนื้อหาวิชา | G17: มีการจัดเตรียมสื่อการเรียนการสอนและรวบรวมแหล่งอ้างอิงไว้อย่างเหมาะสม | H17: มีการจัดการเรียนการสอนเป็นไปตามประมวลรายวิชาครบถ้วนและการนำเข้าสู่บทเรียนให้ข้อมูลที่เป็นประโยชน์แก่ผู้เรียนครบถ้วน | I17: มีการส่งเสริมให้ผู้เรียนได้ฝึกทักษะการคิดได้อย่างเหมาะสมดีมาก | J17: มีการส่งเสริมให้ผู้เรียนได้ฝึกทักษะการสื่อสารได้อย่างเหมาะสมดีมาก | K17: อาจารย์สอนได้ความรู้ดีมากครับ
A18: 46153.367 | B18: bnco0901@signalschool.ac.th | C18: จ.ส.อ.พัลลภ ดวงเดือน | D18: ลักษณะทางทหาร "ดีมาก" มีความเชื่อมั่นในตนเองเป็นแบบอย่างที่ดีแก่ผู้เรียนได้ | E18: เสียงดังฟังชัดและจังหวะการพูดไม่ช้า/เร็วเกินไป | F18: มีประมวลรายวิชาและแนะนำเนื้อหาวิชา | G18: มีการจัดเตรียมสื่อการเรียนการสอนและรวบรวมแหล่งอ้างอิงไว้อย่างเหมาะสม | H18: มีการจัดการเรียนการสอนเป็นไปตามประมวลรายวิชาครบถ้วนและการนำเข้าสู่บทเรียนให้ข้อมูลที่เป็นประโยชน์แก่ผู้เรียนครบถ้วน | I18: มีการส่งเสริมให้ผู้เรียนได้ฝึกทักษะการคิดได้อย่างเหมาะสมดีมาก | J18: มีการส่งเสริมให้ผู้เรียนได้ฝึกทักษะการสื่อสารได้อย่างเหมาะสม
A19: 46153.367 | B19: bnco0932@signalschool.ac.th | C19: ส.อ. ทศพล จุลดาลัย | D19: ลักษณะทางทหาร "ดีมาก" มีความเชื่อมั่นในตนเองเป็นแบบอย่างที่ดีแก่ผู้เรียนได้ | E19: เสียงดังฟังชัดและจังหวะการพูดไม่ช้า/เร็วเกินไป | F19: มีประมวลรายวิชาและแนะนำเนื้อหาวิชา | G19: มีการจัดเตรียมสื่อการเรียนการสอนและรวบรวมแหล่งอ้างอิงไว้อย่างเหมาะสม | H19: มีการจัดการเรียนการสอนเป็นไปตามประมวลรายวิชาครบถ้วนและการนำเข้าสู่บทเรียนให้ข้อมูลที่เป็นประโยชน์แก่ผู้เรียนครบถ้วน | I19: มีการส่งเสริมให้ผู้เรียนได้ฝึกทักษะการคิดได้อย่างเหมาะสมดีมาก | J19: มีการส่งเสริมให้ผู้เรียนได้ฝึกทักษะการสื่อสารได้อย่างเหมาะสมดีมาก | K19: ขอขอบคุณอาจารย์ที่ได้ถ่ายทอดความรู้ครับ
A20: 46153.367 | B20: bnco0919@signalschool.ac.th | C20: จ.ส.อ.พัลลภ ดวงเดือน | D20: ลักษณะทางทหาร "ดีมาก" มีความเชื่อมั่นในตนเองเป็นแบบอย่างที่ดีแก่ผู้เรียนได้ | E20: เสียงดังฟังชัดและจังหวะการพูดไม่ช้า/เร็วเกินไป | F20: มีประมวลรายวิชาและแนะนำเนื้อหาวิชา | G20: มีการจัดเตรียมสื่อการเรียนการสอนและรวบรวมแหล่งอ้างอิงไว้อย่างเหมาะสม | H20: มีการจัดการเรียนการสอนเป็นไปตามประมวลรายวิชาครบถ้วนและการนำเข้าสู่บทเรียนให้ข้อมูลที่เป็นประโยชน์แก่ผู้เรียนครบถ้วน | I20: มีการส่งเสริมให้ผู้เรียนได้ฝึกทักษะการคิดได้อย่างเหมาะสม | J20: มีการส่งเสริมให้ผู้เรียนได้ฝึกทักษะการสื่อสารได้อย่างเหมาะสม
A21: 46153.367 | B21: bnco0974@signalschool.ac.th | C21: จ.ส.อ.พัลลภ ดวงเดือน | D21: ลักษณะทางทหาร "ดีมาก" มีความเชื่อมั่นในตนเองเป็นแบบอย่างที่ดีแก่ผู้เรียนได้ | E21: เสียงดังฟังชัดและจังหวะการพูดไม่ช้า/เร็วเกินไป | F21: มีประมวลรายวิชาและแนะนำเนื้อหาวิชา | G21: มีการจัดเตรียมสื่อการเรียนการสอนและรวบรวมแหล่งอ้างอิงไว้อย่างเหมาะสม | H21: มีการจัดการเรียนการสอนเป็นไปตามประมวลรายวิชาครบถ้วนและการนำเข้าสู่บทเรียนให้ข้อมูลที่เป็นประโยชน์แก่ผู้เรียนครบถ้วน | I21: มีการส่งเสริมให้ผู้เรียนได้ฝึกทักษะการคิดได้อย่างเหมาะสม | J21: มีการส่งเสริมให้ผู้เรียนได้ฝึกทักษะการสื่อสารได้อย่างเหมาะสม | K21: อาจารย์ใช้คำพูดที่เข้าใจง่าย สอนสนุกครับ เป็นกันเองมากๆ
A22: 46153.367 | B22: bnco0949@signalschool.ac.th | C22: จ.ส.อ.พัลลภ ดวงเดือน | D22: ลักษณะทางทหาร "ดีมาก" มีความเชื่อมั่นในตนเองเป็นแบบอย่างที่ดีแก่ผู้เรียนได้ | E22: เสียงดังฟังชัดและจังหวะการพูดไม่ช้า/เร็วเกินไป | F22: มีประมวลรายวิชาและแนะนำเนื้อหาวิชา | G22: มีการจัดเตรียมสื่อการเรียนการสอนและรวบรวมแหล่งอ้างอิงไว้อย่างเหมาะสม | H22: มีการจัดการเรียนการสอนเป็นไปตามประมวลรายวิชาครบถ้วนและการนำเข้าสู่บทเรียนให้ข้อมูลที่เป็นประโยชน์แก่ผู้เรียนครบถ้วน | I22: มีการส่งเสริมให้ผู้เรียนได้ฝึกทักษะการคิดได้อย่างเหมาะสมดีมาก | J22: มีการส่งเสริมให้ผู้เรียนได้ฝึกทักษะการสื่อสารได้อย่างเหมาะสมดีมาก
A23: 46153.367 | B23: bnco0911@signalschool.ac.th | C23: จ.ส.อ.พัลลภ ดวงเดือน | D23: ลักษณะทางทหาร "ดีมาก" มีความเชื่อมั่นในตนเองเป็นแบบอย่างที่ดีแก่ผู้เรียนได้ | E23: เสียงดังฟังชัดและจังหวะการพูดไม่ช้า/เร็วเกินไป | F23: มีประมวลรายวิชาและแนะนำเนื้อหาวิชา | G23: มีการจัดเตรียมสื่อการเรียนการสอนและรวบรวมแหล่งอ้างอิงไว้อย่างเหมาะสม | H23: มีการจัดการเรียนการสอนเป็นไปตามประมวลรายวิชาครบถ้วนและการนำเข้าสู่บทเรียนให้ข้อมูลที่เป็นประโยชน์แก่ผู้เรียนครบถ้วน | I23: มีการส่งเสริมให้ผู้เรียนได้ฝึกทักษะการคิดได้อย่างเหมาะสมดีมาก | J23: มีการส่งเสริมให้ผู้เรียนได้ฝึกทักษะการสื่อสารได้อย่างเหมาะสมดีมาก
A24: 46153.367 | B24: bnco0965@signalschool.ac.th | C24: จ.ส.อ. พัลลภ ดวงเดือน | D24: ลักษณะทางทหาร "ดีมาก" มีความเชื่อมั่นในตนเองเป็นแบบอย่างที่ดีแก่ผู้เรียนได้ | E24: เสียงดังฟังชัดและจังหวะการพูดไม่ช้า/เร็วเกินไป | F24: มีประมวลรายวิชาและแนะนำเนื้อหาวิชา | G24: มีการจัดเตรียมสื่อการเรียนการสอนและรวบรวมแหล่งอ้างอิงไว้อย่างเหมาะสม | H24: มีการจัดการเรียนการสอนเป็นไปตามประมวลรายวิชาครบถ้วนและการนำเข้าสู่บทเรียนให้ข้อมูลที่เป็นประโยชน์แก่ผู้เรียนครบถ้วน | I24: มีการส่งเสริมให้ผู้เรียนได้ฝึกทักษะการคิดได้อย่างเหมาะสมดีมาก | J24: มีการส่งเสริมให้ผู้เรียนได้ฝึกทักษะการสื่อสารได้อย่างเหมาะสมดีมาก | K24: ขอบคุณครับอาจารย์
A25: 46153.367 | B25: bnco0948@signalschool.ac.th | C25: ส.อ.สุริยา มาลาคำ | D25: ลักษณะทางทหาร "ดีมาก" มีความเชื่อมั่นในตนเองเป็นแบบอย่างที่ดีแก่ผู้เรียนได้ | E25: เสียงดังฟังชัดและจังหวะการพูดไม่ช้า/เร็วเกินไป | F25: มีประมวลรายวิชาและแนะนำเนื้อหาวิชา | G25: มีการจัดเตรียมสื่อการเรียนการสอนและรวบรวมแหล่งอ้างอิงไว้อย่างเหมาะสม | H25: มีการจัดการเรียนการสอนเป็นไปตามประมวลรายวิชาครบถ้วนและการนำเข้าสู่บทเรียนให้ข้อมูลที่เป็นประโยชน์แก่ผู้เรียนครบถ้วน | I25: มีการส่งเสริมให้ผู้เรียนได้ฝึกทักษะการคิดได้อย่างเหมาะสมดีมาก | J25: มีการส่งเสริมให้ผู้เรียนได้ฝึกทักษะการสื่อสารได้อย่างเหมาะสมดีมาก
A26: 46153.367 | B26: bnco0977@signalschool.ac.th | C26: จ.ส.อ. พัลลภ ดวงเดือน, ส.อ. สิทธิศักดิ์ รินไธสง | D26: ลักษณะทางทหาร "ดีมาก" มีความเชื่อมั่นในตนเองเป็นแบบอย่างที่ดีแก่ผู้เรียนได้ | E26: เสียงดังฟังชัดและจังหวะการพูดไม่ช้า/เร็วเกินไป | F26: มีประมวลรายวิชาและแนะนำเนื้อหาวิชา | G26: มีการจัดเตรียมสื่อการเรียนการสอนและรวบรวมแหล่งอ้างอิงไว้อย่างเหมาะสม | H26: มีการจัดการเรียนการสอนเป็นไปตามประมวลรายวิชาครบถ้วนและการนำเข้าสู่บทเรียนให้ข้อมูลที่เป็นประโยชน์แก่ผู้เรียนครบถ้วน | I26: มีการส่งเสริมให้ผู้เรียนได้ฝึกทักษะการคิดได้อย่างเหมาะสมดีมาก | J26: มีการส่งเสริมให้ผู้เรียนได้ฝึกทักษะการสื่อสารได้อย่างเหมาะสมดีมาก
A27: 46153.367 | B27: bnco0960@signalschool.ac.th | C27: จ.ส.อ. พัลลภ ดวงเดือน | D27: ลักษณะทางทหาร "ดีมาก" มีความเชื่อมั่นในตนเองเป็นแบบอย่างที่ดีแก่ผู้เรียนได้ | E27: เสียงดังฟังชัดและจังหวะการพูดไม่ช้า/เร็วเกินไป | F27: มีประมวลรายวิชาและแนะนำเนื้อหาวิชา | G27: มีการจัดเตรียมสื่อการเรียนการสอนและรวบรวมแหล่งอ้างอิงไว้อย่างเหมาะสม | H27: มีการจัดการเรียนการสอนเป็นไปตามประมวลรายวิชาครบถ้วนและการนำเข้าสู่บทเรียนให้ข้อมูลที่เป็นประโยชน์แก่ผู้เรียนครบถ้วน | I27: มีการส่งเสริมให้ผู้เรียนได้ฝึกทักษะการคิดได้อย่างเหมาะสมดีมาก | J27: มีการส่งเสริมให้ผู้เรียนได้ฝึกทักษะการสื่อสารได้อย่างเหมาะสมดีมาก
A28: 46153.367 | B28: bnco0968@signalschool.ac.th | C28: จ.ส.อ.พัลลภ ดวงเดือน | D28: ลักษณะทางทหาร "ดีมาก" มีความเชื่อมั่นในตนเองเป็นแบบอย่างที่ดีแก่ผู้เรียนได้ | E28: เสียงดังฟังชัดและจังหวะการพูดไม่ช้า/เร็วเกินไป | F28: มีประมวลรายวิชาและแนะนำเนื้อหาวิชา | G28: มีการจัดเตรียมสื่อการเรียนการสอนและรวบรวมแหล่งอ้างอิงไว้อย่างเหมาะสม | H28: มีการจัดการเรียนการสอนเป็นไปตามประมวลรายวิชาครบถ้วนและการนำเข้าสู่บทเรียนให้ข้อมูลที่เป็นประโยชน์แก่ผู้เรียนครบถ้วน | I28: มีการส่งเสริมให้ผู้เรียนได้ฝึกทักษะการคิดได้อย่างเหมาะสมดีมาก | J28: มีการส่งเสริมให้ผู้เรียนได้ฝึกทักษะการสื่อสารได้อย่างเหมาะสมดีมาก
A29: 46153.368 | B29: bnco0916@signalschool.ac.th | C29: จ.ส.อ.พัลลพ ดวงเดือน | D29: ลักษณะทางทหาร "ดีมาก" มีความเชื่อมั่นในตนเองเป็นแบบอย่างที่ดีแก่ผู้เรียนได้ | E29: เสียงดังฟังชัดและจังหวะการพูดไม่ช้า/เร็วเกินไป | F29: มีประมวลรายวิชาและแนะนำเนื้อหาวิชา | G29: มีการจัดเตรียมสื่อการเรียนการสอนและรวบรวมแหล่งอ้างอิงไว้อย่างเหมาะสม | H29: มีการจัดการเรียนการสอนเป็นไปตามประมวลรายวิชาครบถ้วนและการนำเข้าสู่บทเรียนให้ข้อมูลที่เป็นประโยชน์แก่ผู้เรียนครบถ้วน | I29: มีการส่งเสริมให้ผู้เรียนได้ฝึกทักษะการคิดได้อย่างเหมาะสมดีมาก | J29: มีการส่งเสริมให้ผู้เรียนได้ฝึกทักษะการสื่อสารได้อย่างเหมาะสมดีมาก
A30: 46153.368 | B30: bnco0903@signalschool.ac.th | C30: จ.ส.อ. พัลลภ ดวงเดือน, ส.อ. สิทธิศักดิ์ รินไธสง | D30: ลักษณะทางทหาร "ดีมาก" มีความเชื่อมั่นในตนเองเป็นแบบอย่างที่ดีแก่ผู้เรียนได้ | E30: เสียงดังฟังชัดและจังหวะการพูดไม่ช้า/เร็วเกินไป | F30: มีประมวลรายวิชาและแนะนำเนื้อหาวิชา | G30: มีการจัดเตรียมสื่อการเรียนการสอนและรวบรวมแหล่งอ้างอิงไว้อย่างเหมาะสม | H30: มีการจัดการเรียนการสอนเป็นไปตามประมวลรายวิชาครบถ้วนและการนำเข้าสู่บทเรียนให้ข้อมูลที่เป็นประโยชน์แก่ผู้เรียนครบถ้วน | I30: มีการส่งเสริมให้ผู้เรียนได้ฝึกทักษะการคิดได้อย่างเหมาะสมดีมาก | J30: มีการส่งเสริมให้ผู้เรียนได้ฝึกทักษะการสื่อสารได้อย่างเหมาะสมดีมาก | K30: อาจารย์สอนไม่กดดันเข้าใจง่ายมากค่ะ
A31: 46153.368 | B31: bnco0933@signalschool.ac.th | C31: จ.ส.อ.พัลลภ ดวงเดือน | D31: ลักษณะทางทหาร "ดีมาก" มีความเชื่อมั่นในตนเองเป็นแบบอย่างที่ดีแก่ผู้เรียนได้ | E31: เสียงดังฟังชัดและจังหวะการพูดไม่ช้า/เร็วเกินไป | F31: มีประมวลรายวิชาและแนะนำเนื้อหาวิชา | G31: มีการจัดเตรียมสื่อการเรียนการสอนและรวบรวมแหล่งอ้างอิงไว้อย่างเหมาะสม | H31: มีการจัดการเรียนการสอนเป็นไปตามประมวลรายวิชาครบถ้วนและการนำเข้าสู่บทเรียนให้ข้อมูลที่เป็นประโยชน์แก่ผู้เรียนครบถ้วน | I31: มีการส่งเสริมให้ผู้เรียนได้ฝึกทักษะการคิดได้อย่างเหมาะสมดีมาก | J31: มีการส่งเสริมให้ผู้เรียนได้ฝึกทักษะการสื่อสารได้อย่างเหมาะสมดีมาก
A32: 46153.368 | B32: bnco0959@signalschool.ac.th | C32: จ.ส.อ.พัลลภ ดวงเดือน | D32: ลักษณะทางทหาร "ดีมาก" มีความเชื่อมั่นในตนเองเป็นแบบอย่างที่ดีแก่ผู้เรียนได้ | E32: เสียงดังฟังชัดและจังหวะการพูดไม่ช้า/เร็วเกินไป | F32: มีประมวลรายวิชาและแนะนำเนื้อหาวิชา | G32: มีการจัดเตรียมสื่อการเรียนการสอนและรวบรวมแหล่งอ้างอิงไว้อย่างเหมาะสม | H32: มีการจัดการเรียนการสอนเป็นไปตามประมวลรายวิชาครบถ้วนและการนำเข้าสู่บทเรียนให้ข้อมูลที่เป็นประโยชน์แก่ผู้เรียนครบถ้วน | I32: มีการส่งเสริมให้ผู้เรียนได้ฝึกทักษะการคิดได้อย่างเหมาะสมดีมาก | J32: มีการส่งเสริมให้ผู้เรียนได้ฝึกทักษะการสื่อสารได้อย่างเหมาะสมดีมาก | K32: การจัดการเรียนการสอนมีการพูดคุยโต้ตอบ สร้างบรรยากาศได้ดีมาก ทำให้กระตุ้นการเรียนรู้และสนุกกับการเรียนครับ
A33: 46153.368 | B33: bnco0921@signalschool.ac.th | C33: จ.ส.อ. พัลลภ ดวงเดือน, ส.อ. สิทธิศักดิ์ รินไธสง | D33: ลักษณะทางทหาร "ดีมาก" มีความเชื่อมั่นในตนเองเป็นแบบอย่างที่ดีแก่ผู้เรียนได้ | E33: เสียงดังฟังชัดและจังหวะการพูดไม่ช้า/เร็วเกินไป | F33: มีประมวลรายวิชาและแนะนำเนื้อหาวิชา | G33: มีการจัดเตรียมสื่อการเรียนการสอนและรวบรวมแหล่งอ้างอิงไว้อย่างเหมาะสม | H33: มีการจัดการเรียนการสอนเป็นไปตามประมวลรายวิชาครบถ้วนและการนำเข้าสู่บทเรียนให้ข้อมูลที่เป็นประโยชน์แก่ผู้เรียนครบถ้วน | I33: มีการส่งเสริมให้ผู้เรียนได้ฝึกทักษะการคิดได้อย่างเหมาะสมดีมาก | J33: มีการส่งเสริมให้ผู้เรียนได้ฝึกทักษะการสื่อสารได้อย่างเหมาะสมดีมาก
A34: 46153.368 | B34: bnco0920@signalschool.ac.th | C34: จ.ส.อ. พัลลภ ดวงเดือน, ส.อ. สิทธิศักดิ์ รินไธสง | D34: ลักษณะทางทหาร "ดีมาก" มีความเชื่อมั่นในตนเองเป็นแบบอย่างที่ดีแก่ผู้เรียนได้ | E34: เสียงดังฟังชัดและจังหวะการพูดไม่ช้า/เร็วเกินไป | F34: มีประมวลรายวิชาและแนะนำเนื้อหาวิชา | G34: มีการจัดเตรียมสื่อการเรียนการสอนและรวบรวมแหล่งอ้างอิงไว้อย่างเหมาะสม | H34: มีการจัดการเรียนการสอนเป็นไปตามประมวลรายวิชาครบถ้วนและการนำเข้าสู่บทเรียนให้ข้อมูลที่เป็นประโยชน์แก่ผู้เรียนครบถ้วน | I34: มีการส่งเสริมให้ผู้เรียนได้ฝึกทักษะการคิดได้อย่างเหมาะสมดีมาก | J34: มีการส่งเสริมให้ผู้เรียนได้ฝึกทักษะการสื่อสารได้อย่างเหมาะสมดีมาก | K34: อาจารย์สอนเข้าใจมาก มีการยกตัวอย่างให้เห็นอย่างชัดเจน สามารถตอบข้อปัญหาข้อสงสัยต่างๆของนักเรียนได้เป็นอย่างดีครับ
A35: 46153.368 | B35: bnco0926@signalschool.ac.th | C35: จ.ส.อ.พัลลภ ดวงเดือน | D35: ลักษณะทางทหาร "ดีมาก" มีความเชื่อมั่นในตนเองเป็นแบบอย่างที่ดีแก่ผู้เรียนได้ | E35: เสียงดังฟังชัดและจังหวะการพูดไม่ช้า/เร็วเกินไป | F35: มีประมวลรายวิชาและแนะนำเนื้อหาวิชา | G35: มีการจัดเตรียมสื่อการเรียนการสอนและรวบรวมแหล่งอ้างอิงไว้อย่างเหมาะสม | H35: มีการจัดการเรียนการสอนเป็นไปตามประมวลรายวิชาครบถ้วนและการนำเข้าสู่บทเรียนให้ข้อมูลที่เป็นประโยชน์แก่ผู้เรียนครบถ้วน | I35: มีการส่งเสริมให้ผู้เรียนได้ฝึกทักษะการคิดได้อย่างเหมาะสมดีมาก | J35: มีการส่งเสริมให้ผู้เรียนได้ฝึกทักษะการสื่อสารได้อย่างเหมาะสมดีมาก
A36: 46153.368 | B36: bnco0973@signalschool.ac.th | C36: จ.ส.อ.พัลลภ ดวงเดือน | D36: ลักษณะทางทหาร "ดีมาก" มีความเชื่อมั่นในตนเองเป็นแบบอย่างที่ดีแก่ผู้เรียนได้ | E36: เสียงดังฟังชัดและจังหวะการพูดไม่ช้า/เร็วเกินไป | F36: มีประมวลรายวิชาและแนะนำเนื้อหาวิชา | G36: มีการจัดเตรียมสื่อการเรียนการสอนและรวบรวมแหล่งอ้างอิงไว้อย่างเหมาะสม | H36: มีการจัดการเรียนการสอนเป็นไปตามประมวลรายวิชาครบถ้วนและการนำเข้าสู่บทเรียนให้ข้อมูลที่เป็นประโยชน์แก่ผู้เรียนครบถ้วน | I36: มีการส่งเสริมให้ผู้เรียนได้ฝึกทักษะการคิดได้อย่างเหมาะสมดีมาก | J36: มีการส่งเสริมให้ผู้เรียนได้ฝึกทักษะการสื่อสารได้อย่างเหมาะสมดีมาก
A37: 46153.368 | B37: bnco0966@signalschool.ac.th | C37: จ.ส.อ.พัลลภ ดวงเดือน, ส.อ.สิทธิศักดิ์ รินไธสง | D37: ลักษณะทางทหาร "ดีมาก" มีความเชื่อมั่นในตนเองเป็นแบบอย่างที่ดีแก่ผู้เรียนได้ | E37: เสียงดังฟังชัดและจังหวะการพูดไม่ช้า/เร็วเกินไป | F37: มีประมวลรายวิชาและแนะนำเนื้อหาวิชา | G37: มีการจัดเตรียมสื่อการเรียนการสอนและรวบรวมแหล่งอ้างอิงไว้อย่างเหมาะสม | H37: มีการจัดการเรียนการสอนเป็นไปตามประมวลรายวิชาครบถ้วนและการนำเข้าสู่บทเรียนให้ข้อมูลที่เป็นประโยชน์แก่ผู้เรียนครบถ้วน | I37: มีการส่งเสริมให้ผู้เรียนได้ฝึกทักษะการคิดได้อย่างเหมาะสมดีมาก | J37: มีการส่งเสริมให้ผู้เรียนได้ฝึกทักษะการสื่อสารได้อย่างเหมาะสมดีมาก
A38: 46153.368 | B38: bnco0953@signalschool.ac.th | C38: ส.อ.จารุเดช เปรมจิตต์ | D38: ลักษณะทางทหาร "ดีมาก" มีความเชื่อมั่นในตนเองเป็นแบบอย่างที่ดีแก่ผู้เรียนได้ | E38: เสียงดังฟังชัดและจังหวะการพูดไม่ช้า/เร็วเกินไป | F38: มีประมวลรายวิชาและแนะนำเนื้อหาวิชา | G38: มีการจัดเตรียมสื่อการเรียนการสอนและรวบรวมแหล่งอ้างอิงไว้อย่างเหมาะสม | H38: มีการจัดการเรียนการสอนเป็นไปตามประมวลรายวิชาครบถ้วนและการนำเข้าสู่บทเรียนให้ข้อมูลที่เป็นประโยชน์แก่ผู้เรียนครบถ้วน | I38: มีการส่งเสริมให้ผู้เรียนได้ฝึกทักษะการคิดได้อย่างเหมาะสมดีมาก | J38: มีการส่งเสริมให้ผู้เรียนได้ฝึกทักษะการสื่อสารได้อย่างเหมาะสม
A39: 46153.368 | B39: bnco0976@signalschool.ac.th | C39: ส.อ.ธนากร ศรีน้อย | D39: ลักษณะทางทหาร "ดีมาก" มีความเชื่อมั่นในตนเองเป็นแบบอย่างที่ดีแก่ผู้เรียนได้ | E39: เสียงดังฟังชัดและจังหวะการพูดไม่ช้า/เร็วเกินไป | F39: มีประมวลรายวิชาและแนะนำเนื้อหาวิชา | G39: มีการจัดเตรียมสื่อการเรียนการสอนและรวบรวมแหล่งอ้างอิงไว้อย่างเหมาะสม | H39: มีการจัดการเรียนการสอนเป็นไปตามประมวลรายวิชาครบถ้วนและการนำเข้าสู่บทเรียนให้ข้อมูลที่เป็นประโยชน์แก่ผู้เรียนครบถ้วน | I39: มีการส่งเสริมให้ผู้เรียนได้ฝึกทักษะการคิดได้อย่างเหมาะสมดีมาก | J39: มีการส่งเสริมให้ผู้เรียนได้ฝึกทักษะการสื่อสารได้อย่างเหมาะสมดีมาก
A40: 46153.368 | B40: bnco0944@signalschool.ac.th | C40: จ.ส.อ.พัลลภ ดวงเดือน | D40: ลักษณะทางทหาร "ดีมาก" มีความเชื่อมั่นในตนเองเป็นแบบอย่างที่ดีแก่ผู้เรียนได้ | E40: เสียงดังฟังชัดและจังหวะการพูดไม่ช้า/เร็วเกินไป | F40: มีประมวลรายวิชาและแนะนำเนื้อหาวิชา | G40: มีการจัดเตรียมสื่อการเรียนการสอนและรวบรวมแหล่งอ้างอิงไว้อย่างเหมาะสม | H40: มีการจัดการเรียนการสอนเป็นไปตามประมวลรายวิชาครบถ้วนและการนำเข้าสู่บทเรียนให้ข้อมูลที่เป็นประโยชน์แก่ผู้เรียนครบถ้วน | I40: มีการส่งเสริมให้ผู้เรียนได้ฝึกทักษะการคิดได้อย่างเหมาะสมดีมาก | J40: มีการส่งเสริมให้ผู้เรียนได้ฝึกทักษะการสื่อสารได้อย่างเหมาะสมดีมาก
A41: 46153.368 | B41: bnco0922@signalschool.ac.th | C41: จ.ส.อ.พัลลภ ดวงเดือน | D41: ลักษณะทางทหาร "ดีมาก" มีความเชื่อมั่นในตนเองเป็นแบบอย่างที่ดีแก่ผู้เรียนได้ | E41: เสียงดังฟังชัดและจังหวะการพูดไม่ช้า/เร็วเกินไป | F41: มีประมวลรายวิชาและแนะนำเนื้อหาวิชา | G41: มีการจัดเตรียมสื่อการเรียนการสอนและรวบรวมแหล่งอ้างอิงไว้อย่างเหมาะสม | H41: มีการจัดการเรียนการสอนเป็นไปตามประมวลรายวิชาครบถ้วนและการนำเข้าสู่บทเรียนให้ข้อมูลที่เป็นประโยชน์แก่ผู้เรียนครบถ้วน | I41: มีการส่งเสริมให้ผู้เรียนได้ฝึกทักษะการคิดได้อย่างเหมาะสมดีมาก | J41: มีการส่งเสริมให้ผู้เรียนได้ฝึกทักษะการสื่อสารได้อย่างเหมาะสมดีมาก | K41: -
A42: 46153.368 | B42: bnco0945@signalschool.ac.th | C42: จ.ส.อ. พัลลภ ดวงเดือน | D42: ลักษณะทางทหาร "ดีมาก" มีความเชื่อมั่นในตนเองเป็นแบบอย่างที่ดีแก่ผู้เรียนได้ | E42: เสียงดังฟังชัดและจังหวะการพูดไม่ช้า/เร็วเกินไป | F42: มีประมวลรายวิชาและแนะนำเนื้อหาวิชา | G42: มีการจัดเตรียมสื่อการเรียนการสอนและรวบรวมแหล่งอ้างอิงไว้อย่างเหมาะสม | H42: มีการจัดการเรียนการสอนเป็นไปตามประมวลรายวิชาครบถ้วนและการนำเข้าสู่บทเรียนให้ข้อมูลที่เป็นประโยชน์แก่ผู้เรียนครบถ้วน | I42: มีการส่งเสริมให้ผู้เรียนได้ฝึกทักษะการคิดได้อย่างเหมาะสมดีมาก | J42: มีการส่งเสริมให้ผู้เรียนได้ฝึกทักษะการสื่อสารได้อย่างเหมาะสมดีมาก | K42: อาจารย์สอนเข้าใจดีมากครับ
A43: 46153.368 | B43: bnco0935@signalschool.ac.th | C43: จ.ส.อ.พัลลภ ดวงเดือน, ส.อ. สิทธิศักดิ์ รินไธสง | D43: ลักษณะทางทหาร "ดีมาก" มีความเชื่อมั่นในตนเองเป็นแบบอย่างที่ดีแก่ผู้เรียนได้ | E43: เสียงดังฟังชัดและจังหวะการพูดไม่ช้า/เร็วเกินไป | F43: มีประมวลรายวิชาและแนะนำเนื้อหาวิชา | G43: มีการจัดเตรียมสื่อการเรียนการสอนและรวบรวมแหล่งอ้างอิงไว้อย่างเหมาะสม | H43: มีการจัดการเรียนการสอนเป็นไปตามประมวลรายวิชาครบถ้วนและการนำเข้าสู่บทเรียนให้ข้อมูลที่เป็นประโยชน์แก่ผู้เรียนครบถ้วน | I43: มีการส่งเสริมให้ผู้เรียนได้ฝึกทักษะการคิดได้อย่างเหมาะสมดีมาก | J43: มีการส่งเสริมให้ผู้เรียนได้ฝึกทักษะการสื่อสารได้อย่างเหมาะสมดีมาก | K43: -
A44: 46153.368 | B44: bnco0923@signalschool.ac.th | C44: จ.ส.อ. พัลลภ ดวงเดือน, ส.อ. สิทธิศักดิ์ รินไธสง | D44: ลักษณะทางทหาร "ดีมาก" มีความเชื่อมั่นในตนเองเป็นแบบอย่างที่ดีแก่ผู้เรียนได้ | E44: เสียงดังฟังชัดและจังหวะการพูดไม่ช้า/เร็วเกินไป | F44: มีประมวลรายวิชาและแนะนำเนื้อหาวิชา | G44: มีการจัดเตรียมสื่อการเรียนการสอนและรวบรวมแหล่งอ้างอิงไว้อย่างเหมาะสม | H44: มีการจัดการเรียนการสอนเป็นไปตามประมวลรายวิชาครบถ้วนและการนำเข้าสู่บทเรียนให้ข้อมูลที่เป็นประโยชน์แก่ผู้เรียนครบถ้วน | I44: มีการส่งเสริมให้ผู้เรียนได้ฝึกทักษะการคิดได้อย่างเหมาะสม | J44: มีการส่งเสริมให้ผู้เรียนได้ฝึกทักษะการสื่อสารได้อย่างเหมาะสมดีมาก
A45: 46153.369 | B45: bnco0962@signalschool.ac.th | C45: จ.ส.อ.พัลลภ ดวงเดือน | D45: ลักษณะทางทหาร "ดีมาก" มีความเชื่อมั่นในตนเองเป็นแบบอย่างที่ดีแก่ผู้เรียนได้ | E45: เสียงดังฟังชัดและจังหวะการพูดไม่ช้า/เร็วเกินไป | F45: มีประมวลรายวิชาและแนะนำเนื้อหาวิชา | G45: มีการจัดเตรียมสื่อการเรียนการสอนและรวบรวมแหล่งอ้างอิงไว้อย่างเหมาะสม | H45: มีการจัดการเรียนการสอนเป็นไปตามประมวลรายวิชาครบถ้วนและการนำเข้าสู่บทเรียนให้ข้อมูลที่เป็นประโยชน์แก่ผู้เรียนครบถ้วน | I45: มีการส่งเสริมให้ผู้เรียนได้ฝึกทักษะการคิดได้อย่างเหมาะสมดีมาก | J45: มีการส่งเสริมให้ผู้เรียนได้ฝึกทักษะการสื่อสารได้อย่างเหมาะสมดีมาก
A46: 46153.369 | B46: bnco0908@signalschool.ac.th | C46: จ.ส.อ. พัลลภ ดวงเดือน, ส.อ. สิทธิศักดิ์ รินไธสง | D46: ลักษณะทางทหาร "ดีมาก" มีความเชื่อมั่นในตนเองเป็นแบบอย่างที่ดีแก่ผู้เรียนได้ | E46: เสียงดังฟังชัดและจังหวะการพูดไม่ช้า/เร็วเกินไป | F46: มีประมวลรายวิชาและแนะนำเนื้อหาวิชา | G46: มีการจัดเตรียมสื่อการเรียนการสอนและรวบรวมแหล่งอ้างอิงไว้อย่างเหมาะสม | H46: มีการจัดการเรียนการสอนเป็นไปตามประมวลรายวิชาครบถ้วนและการนำเข้าสู่บทเรียนให้ข้อมูลที่เป็นประโยชน์แก่ผู้เรียนครบถ้วน | I46: มีการส่งเสริมให้ผู้เรียนได้ฝึกทักษะการคิดได้อย่างเหมาะสมดีมาก | J46: มีการส่งเสริมให้ผู้เรียนได้ฝึกทักษะการสื่อสารได้อย่างเหมาะสมดีมาก
A47: 46153.37 | B47: bnco0912@signalschool.ac.th | C47: จ.ส.อ.พัลลภ ดวงเดือน | D47: ลักษณะทางทหาร "ดีมาก" มีความเชื่อมั่นในตนเองเป็นแบบอย่างที่ดีแก่ผู้เรียนได้ | E47: เสียงดังฟังชัดและจังหวะการพูดไม่ช้า/เร็วเกินไป | F47: มีประมวลรายวิชาและแนะนำเนื้อหาวิชา | G47: มีการจัดเตรียมสื่อการเรียนการสอนและรวบรวมแหล่งอ้างอิงไว้อย่างเหมาะสม | H47: มีการจัดการเรียนการสอนเป็นไปตามประมวลรายวิชาครบถ้วนและการนำเข้าสู่บทเรียนให้ข้อมูลที่เป็นประโยชน์แก่ผู้เรียนครบถ้วน | I47: มีการส่งเสริมให้ผู้เรียนได้ฝึกทักษะการคิดได้อย่างเหมาะสม | J47: มีการส่งเสริมให้ผู้เรียนได้ฝึกทักษะการสื่อสารได้อย่างเหมาะสมดีมาก
A48: 46153.37 | B48: bnco0946@signalschool.ac.th | C48: จ.ส.อ.พัลลภ ดวงเดือน, ส.อ.สิทธิศักดิ์ รินไธสง | D48: ลักษณะทางทหาร "ดีมาก" มีความเชื่อมั่นในตนเองเป็นแบบอย่างที่ดีแก่ผู้เรียนได้ | E48: เสียงดังฟังชัดและจังหวะการพูดไม่ช้า/เร็วเกินไป | F48: มีประมวลรายวิชาและแนะนำเนื้อหาวิชา | G48: มีการจัดเตรียมสื่อการเรียนการสอนและรวบรวมแหล่งอ้างอิงไว้อย่างเหมาะสม | H48: มีการจัดการเรียนการสอนเป็นไปตามประมวลรายวิชาครบถ้วนและการนำเข้าสู่บทเรียนให้ข้อมูลที่เป็นประโยชน์แก่ผู้เรียนครบถ้วน | I48: มีการส่งเสริมให้ผู้เรียนได้ฝึกทักษะการคิดได้อย่างเหมาะสมดีมาก | J48: มีการส่งเสริมให้ผู้เรียนได้ฝึกทักษะการสื่อสารได้อย่างเหมาะสมดีมาก
A49: 46153.37 | B49: bnco0957@signalschool.ac.th | C49: จ.ส.อ. พัลลภ ดวงเดือน, ส.อ. สิทธิศักดิ์ รินไธสง | D49: ลักษณะทางทหาร "ดีมาก" มีความเชื่อมั่นในตนเองเป็นแบบอย่างที่ดีแก่ผู้เรียนได้ | E49: เสียงดังฟังชัดและจังหวะการพูดไม่ช้า/เร็วเกินไป | F49: มีประมวลรายวิชาและแนะนำเนื้อหาวิชา | G49: มีการจัดเตรียมสื่อการเรียนการสอนและรวบรวมแหล่งอ้างอิงไว้อย่างเหมาะสม | H49: มีการจัดการเรียนการสอนเป็นไปตามประมวลรายวิชาครบถ้วนและการนำเข้าสู่บทเรียนให้ข้อมูลที่เป็นประโยชน์แก่ผู้เรียนครบถ้วน | I49: มีการส่งเสริมให้ผู้เรียนได้ฝึกทักษะการคิดได้อย่างเหมาะสม | J49: มีการส่งเสริมให้ผู้เรียนได้ฝึกทักษะการสื่อสารได้อย่างเหมาะสม | K49: ขอขอบคุณสำหรับความรู้ และคำสอนครับ จะนำมาต่อยอด และพัฒนาตนเองให้ดียิ่งขึ้นครับ
A50: 46153.37 | B50: bnco0907@signalschool.ac.th | C50: จ.ส.อ. พัลลภ ดวงเดือน , ส.อ. สิทธิศักดิ์ รินไธสง | D50: ลักษณะทางทหาร "ดีมาก" มีความเชื่อมั่นในตนเองเป็นแบบอย่างที่ดีแก่ผู้เรียนได้ | E50: เสียงดังฟังชัดและจังหวะการพูดไม่ช้า/เร็วเกินไป | F50: มีประมวลรายวิชาและแนะนำเนื้อหาวิชา | G50: มีการจัดเตรียมสื่อการเรียนการสอนและรวบรวมแหล่งอ้างอิงไว้อย่างเหมาะสม | H50: มีการจัดการเรียนการสอนเป็นไปตามประมวลรายวิชาครบถ้วนและการนำเข้าสู่บทเรียนให้ข้อมูลที่เป็นประโยชน์แก่ผู้เรียนครบถ้วน | I50: มีการส่งเสริมให้ผู้เรียนได้ฝึกทักษะการคิดได้อย่างเหมาะสมดีมาก | J50: มีการส่งเสริมให้ผู้เรียนได้ฝึกทักษะการสื่อสารได้อย่างเหมาะสมดีมาก
A51: 46153.371 | B51: bnco0956@signalschool.ac.th | C51: จ.ส.อ. พัลลภ ดวงเดือน, ส.อ. สิทธิศักดิ์ รินไธสง | D51: ลักษณะทางทหาร "ดีมาก" มีความเชื่อมั่นในตนเองเป็นแบบอย่างที่ดีแก่ผู้เรียนได้ | E51: เสียงดังฟังชัดและจังหวะการพูดไม่ช้า/เร็วเกินไป | F51: มีประมวลรายวิชาและแนะนำเนื้อหาวิชา | G51: มีการจัดเตรียมสื่อการเรียนการสอนและรวบรวมแหล่งอ้างอิงไว้อย่างเหมาะสม | H51: มีการจัดการเรียนการสอนเป็นไปตามประมวลรายวิชาครบถ้วนและการนำเข้าสู่บทเรียนให้ข้อมูลที่เป็นประโยชน์แก่ผู้เรียนครบถ้วน | I51: มีการส่งเสริมให้ผู้เรียนได้ฝึกทักษะการคิดได้อย่างเหมาะสมดีมาก | J51: มีการส่งเสริมให้ผู้เรียนได้ฝึกทักษะการสื่อสารได้อย่างเหมาะสมดีมาก | K51: ขอบคุณครับ อาจารย์
A52: 46153.371 | B52: bnco0937@signalschool.ac.th | C52: จ.ส.อ.พัลลภ ดวงเดือน, ส.อ.สิทธิศักดิ์ รินไธสง | D52: ลักษณะทางทหาร "ดีมาก" มีความเชื่อมั่นในตนเองเป็นแบบอย่างที่ดีแก่ผู้เรียนได้ | E52: เสียงดังฟังชัดและจังหวะการพูดไม่ช้า/เร็วเกินไป | F52: มีประมวลรายวิชาและแนะนำเนื้อหาวิชา | G52: มีการจัดเตรียมสื่อการเรียนการสอนและรวบรวมแหล่งอ้างอิงไว้อย่างเหมาะสม | H52: มีการจัดการเรียนการสอนเป็นไปตามประมวลรายวิชาครบถ้วนและการนำเข้าสู่บทเรียนให้ข้อมูลที่เป็นประโยชน์แก่ผู้เรียนครบถ้วน | I52: มีการส่งเสริมให้ผู้เรียนได้ฝึกทักษะการคิดได้อย่างเหมาะสมดีมาก | J52: มีการส่งเสริมให้ผู้เรียนได้ฝึกทักษะการสื่อสารได้อย่างเหมาะสมดีมาก
A53: 46153.371 | B53: bnco0929@signalschool.ac.th | C53: จ.ส.อ.พัลลภ ดวงเดือน/ส.อ.สิทธิศักดิ์ รินไธสง | D53: ลักษณะทางทหาร "ดีมาก" มีความเชื่อมั่นในตนเองเป็นแบบอย่างที่ดีแก่ผู้เรียนได้ | E53: เสียงดังฟังชัดและจังหวะการพูดไม่ช้า/เร็วเกินไป | F53: มีประมวลรายวิชาและแนะนำเนื้อหาวิชา | G53: มีการจัดเตรียมสื่อการเรียนการสอนและรวบรวมแหล่งอ้างอิงไว้อย่างเหมาะสม | H53: มีการจัดการเรียนการสอนเป็นไปตามประมวลรายวิชาครบถ้วนและการนำเข้าสู่บทเรียนให้ข้อมูลที่เป็นประโยชน์แก่ผู้เรียนครบถ้วน | I53: มีการส่งเสริมให้ผู้เรียนได้ฝึกทักษะการคิดได้อย่างเหมาะสมดีมาก | J53: มีการส่งเสริมให้ผู้เรียนได้ฝึกทักษะการสื่อสารได้อย่างเหมาะสมดีมาก
A54: 46153.371 | B54: bnco0938@signalschool.ac.th | C54: จ.ส.อ. พัลลภ ดวงเดือน , ส.อ. สิทธิศักดิ์ รินไธสง | D54: ลักษณะทางทหาร "ดีมาก" มีความเชื่อมั่นในตนเองเป็นแบบอย่างที่ดีแก่ผู้เรียนได้ | E54: เสียงเบา "แต่" จังหวะการพูดไม่ช้า/เร็วเกินไป | F54: มีประมวลรายวิชาและแนะนำเนื้อหาวิชา | G54: มีการจัดเตรียมสื่อการเรียนการสอนและรวบรวมแหล่งอ้างอิงไว้อย่างเหมาะสม | H54: มีการจัดการเรียนการสอนเป็นไปตามประมวลรายวิชาบางส่วน "หรือ" การนำเข้าสู่บทเรียนให้ข้อมูลที่เป็นประโยชน์แก่ผู้เรียน (อย่างใดอย่างหนึ่ง) | I54: มีการส่งเสริมให้ผู้เรียนได้ฝึกทักษะการคิดได้อย่างเหมาะสมดีมาก | J54: มีการส่งเสริมให้ผู้เรียนได้ฝึกทักษะการสื่อสารได้อย่างเหมาะสมดีมาก
A55: 46153.371 | B55: bnco0969@signalschool.ac.th | C55: จ.ส.อ. พัลลภ ดวงเดือน, ส.อ. สิทธิศักดิ์ รินไธสง | D55: ลักษณะทางทหาร "ดีมาก" มีความเชื่อมั่นในตนเองเป็นแบบอย่างที่ดีแก่ผู้เรียนได้ | E55: เสียงดังฟังชัดและจังหวะการพูดไม่ช้า/เร็วเกินไป | F55: มีประมวลรายวิชาและแนะนำเนื้อหาวิชา | G55: มีการจัดเตรียมสื่อการเรียนการสอนและรวบรวมแหล่งอ้างอิงไว้อย่างเหมาะสม | H55: มีการจัดการเรียนการสอนเป็นไปตามประมวลรายวิชาครบถ้วนและการนำเข้าสู่บทเรียนให้ข้อมูลที่เป็นประโยชน์แก่ผู้เรียนครบถ้วน | I55: มีการส่งเสริมให้ผู้เรียนได้ฝึกทักษะการคิดได้อย่างเหมาะสมดีมาก | J55: มีการส่งเสริมให้ผู้เรียนได้ฝึกทักษะการสื่อสารได้อย่างเหมาะสมดีมาก
A56: 46153.371 | B56: bnco0909@signalschool.ac.th | C56: จ.ส.อ. พัลลภ ดวงเดือน, ส.อ. สิทธิศักดิ์ รินไธสง | D56: ลักษณะทางทหาร "ดีมาก" มีความเชื่อมั่นในตนเองเป็นแบบอย่างที่ดีแก่ผู้เรียนได้ | E56: เสียงดังฟังชัดและจังหวะการพูดไม่ช้า/เร็วเกินไป | F56: มีประมวลรายวิชาและแนะนำเนื้อหาวิชา | G56: มีการจัดเตรียมสื่อการเรียนการสอนและรวบรวมแหล่งอ้างอิงไว้อย่างเหมาะสม | H56: มีการจัดการเรียนการสอนเป็นไปตามประมวลรายวิชาครบถ้วนและการนำเข้าสู่บทเรียนให้ข้อมูลที่เป็นประโยชน์แก่ผู้เรียนครบถ้วน | I56: มีการส่งเสริมให้ผู้เรียนได้ฝึกทักษะการคิดได้อย่างเหมาะสมดีมาก | J56: มีการส่งเสริมให้ผู้เรียนได้ฝึกทักษะการสื่อสารได้อย่างเหมาะสมดีมาก
A57: 46153.371 | B57: bnco0941@signalschool.ac.th | C57: จ.ส.อ. พัลลภ ดวงเดือน,ส.อ. สิทธิศักดิ์ รินไธสง | D57: ลักษณะทางทหาร "ดีมาก" มีความเชื่อมั่นในตนเองเป็นแบบอย่างที่ดีแก่ผู้เรียนได้ | E57: เสียงดังฟังชัดและจังหวะการพูดไม่ช้า/เร็วเกินไป | F57: มีประมวลรายวิชาและแนะนำเนื้อหาวิชา | G57: มีการจัดเตรียมสื่อการเรียนการสอนและรวบรวมแหล่งอ้างอิงไว้อย่างเหมาะสม | H57: มีการจัดการเรียนการสอนเป็นไปตามประมวลรายวิชาครบถ้วนและการนำเข้าสู่บทเรียนให้ข้อมูลที่เป็นประโยชน์แก่ผู้เรียนครบถ้วน | I57: มีการส่งเสริมให้ผู้เรียนได้ฝึกทักษะการคิดได้อย่างเหมาะสมดีมาก | J57: มีการส่งเสริมให้ผู้เรียนได้ฝึกทักษะการสื่อสารได้อย่างเหมาะสมดีมาก
A58: 46153.372 | B58: bnco0927@signalschool.ac.th | C58: จ.ส.อ.พัลลภ ดวงเดือน | D58: ลักษณะทางทหาร "ดีมาก" มีความเชื่อมั่นในตนเองเป็นแบบอย่างที่ดีแก่ผู้เรียนได้ | E58: เสียงดังฟังชัดและจังหวะการพูดไม่ช้า/เร็วเกินไป | F58: มีประมวลรายวิชาและแนะนำเนื้อหาวิชา | G58: มีการจัดเตรียมสื่อการเรียนการสอนและรวบรวมแหล่งอ้างอิงไว้อย่างเหมาะสม | H58: มีการจัดการเรียนการสอนเป็นไปตามประมวลรายวิชาครบถ้วนและการนำเข้าสู่บทเรียนให้ข้อมูลที่เป็นประโยชน์แก่ผู้เรียนครบถ้วน | I58: มีการส่งเสริมให้ผู้เรียนได้ฝึกทักษะการคิดได้อย่างเหมาะสมดีมาก | J58: มีการส่งเสริมให้ผู้เรียนได้ฝึกทักษะการสื่อสารได้อย่างเหมาะสมดีมาก
A59: 46153.372 | B59: bnco0978@signalschool.ac.th | C59: จ.ส.อ. พัลลภ ดวงเดือน, ส.อ. สิทธิศักดิ์ รินไธสง | D59: ลักษณะทางทหาร "ดีมาก" มีความเชื่อมั่นในตนเองเป็นแบบอย่างที่ดีแก่ผู้เรียนได้ | E59: เสียงดังฟังชัดและจังหวะการพูดไม่ช้า/เร็วเกินไป | F59: มีประมวลรายวิชาและแนะนำเนื้อหาวิชา | G59: มีการจัดเตรียมสื่อการเรียนการสอนและรวบรวมแหล่งอ้างอิงไว้อย่างเหมาะสม | H59: มีการจัดการเรียนการสอนเป็นไปตามประมวลรายวิชาครบถ้วนและการนำเข้าสู่บทเรียนให้ข้อมูลที่เป็นประโยชน์แก่ผู้เรียนครบถ้วน | I59: มีการส่งเสริมให้ผู้เรียนได้ฝึกทักษะการคิดได้อย่างเหมาะสมดีมาก | J59: มีการส่งเสริมให้ผู้เรียนได้ฝึกทักษะการสื่อสารได้อย่างเหมาะสมดีมาก
A60: 46153.372 | B60: bnco0914@signalschool.ac.th | C60: จ.ส.อ. พัลลภ ดวงเดือน, ส.อ. สิทธิศักดิ์ รินไธสง | D60: ลักษณะทางทหาร "ดีมาก" มีความเชื่อมั่นในตนเองเป็นแบบอย่างที่ดีแก่ผู้เรียนได้ | E60: เสียงดังฟังชัดและจังหวะการพูดไม่ช้า/เร็วเกินไป | F60: มีประมวลรายวิชาและแนะนำเนื้อหาวิชา | G60: มีการจัดเตรียมสื่อการเรียนการสอนและรวบรวมแหล่งอ้างอิงไว้อย่างเหมาะสม | H60: มีการจัดการเรียนการสอนเป็นไปตามประมวลรายวิชาครบถ้วนและการนำเข้าสู่บทเรียนให้ข้อมูลที่เป็นประโยชน์แก่ผู้เรียนครบถ้วน | I60: มีการส่งเสริมให้ผู้เรียนได้ฝึกทักษะการคิดได้อย่างเหมาะสมดีมาก | J60: มีการส่งเสริมให้ผู้เรียนได้ฝึกทักษะการสื่อสารได้อย่างเหมาะสมดีมาก | K60: ชอบวิธีการนำเสนอของอาจารย์ เอกสารที่ใช้ในการสอนสามารถศึกษาเพิ่มเติมและไปต่อยอดเพิ่มในชีวิตได้ครับ
A61: 46153.372 | B61: bnco0905@signalschool.ac.th | C61: จ.ส.อ.พัลลภ ดวงเดือน/ส.อ.สิทธิศักดิ์ รินไธสง | D61: ลักษณะทางทหาร "ดีมาก" มีความเชื่อมั่นในตนเองเป็นแบบอย่างที่ดีแก่ผู้เรียนได้ | E61: เสียงดังฟังชัดและจังหวะการพูดไม่ช้า/เร็วเกินไป | F61: มีประมวลรายวิชาและแนะนำเนื้อหาวิชา | G61: มีการจัดเตรียมสื่อการเรียนการสอนและรวบรวมแหล่งอ้างอิงไว้อย่างเหมาะสม | H61: มีการจัดการเรียนการสอนเป็นไปตามประมวลรายวิชาครบถ้วนและการนำเข้าสู่บทเรียนให้ข้อมูลที่เป็นประโยชน์แก่ผู้เรียนครบถ้วน | I61: มีการส่งเสริมให้ผู้เรียนได้ฝึกทักษะการคิดได้อย่างเหมาะสมดีมาก | J61: มีการส่งเสริมให้ผู้เรียนได้ฝึกทักษะการสื่อสารได้อย่างเหมาะสมดีมาก
A62: 46153.373 | B62: bnco0904@signalschool.ac.th | C62: จ.ส.อ.พัลลภ ดวงเดือน, ส.อ.สิทธิศักดิ์ รินไธสง | D62: ลักษณะทางทหาร "ดีมาก" มีความเชื่อมั่นในตนเองเป็นแบบอย่างที่ดีแก่ผู้เรียนได้ | E62: เสียงดังฟังชัดและจังหวะการพูดไม่ช้า/เร็วเกินไป | F62: มีประมวลรายวิชาและแนะนำเนื้อหาวิชา | G62: มีการจัดเตรียมสื่อการเรียนการสอนและรวบรวมแหล่งอ้างอิงไว้อย่างเหมาะสม | H62: มีการจัดการเรียนการสอนเป็นไปตามประมวลรายวิชาครบถ้วนและการนำเข้าสู่บทเรียนให้ข้อมูลที่เป็นประโยชน์แก่ผู้เรียนครบถ้วน | I62: มีการส่งเสริมให้ผู้เรียนได้ฝึกทักษะการคิดได้อย่างเหมาะสมดีมาก | J62: มีการส่งเสริมให้ผู้เรียนได้ฝึกทักษะการสื่อสารได้อย่างเหมาะสมดีมาก | K62: ได้รับความรู้เพิ่มเติม สามารถนำไปปรับใช้ในชีวิตประจำวัน
A63: 46153.373 | B63: bnco0947@signalschool.ac.th | C63: จ.ส.อ. พัลลภ ดวงเดือน, ส.อ. สิทธิศักดิ์ รินไธสง | D63: ลักษณะทางทหาร "ดีมาก" มีความเชื่อมั่นในตนเองเป็นแบบอย่างที่ดีแก่ผู้เรียนได้ | E63: เสียงดังฟังชัดและจังหวะการพูดไม่ช้า/เร็วเกินไป | F63: มีประมวลรายวิชาและแนะนำเนื้อหาวิชา | G63: มีการจัดเตรียมสื่อการเรียนการสอนและรวบรวมแหล่งอ้างอิงไว้อย่างเหมาะสม | H63: มีการจัดการเรียนการสอนเป็นไปตามประมวลรายวิชาครบถ้วนและการนำเข้าสู่บทเรียนให้ข้อมูลที่เป็นประโยชน์แก่ผู้เรียนครบถ้วน | I63: มีการส่งเสริมให้ผู้เรียนได้ฝึกทักษะการคิดได้อย่างเหมาะสมดีมาก | J63: มีการส่งเสริมให้ผู้เรียนได้ฝึกทักษะการสื่อสารได้อย่างเหมาะสมดีมาก
A64: 46153.373 | B64: bnco0915@signalschool.ac.th | C64: จ.ส.อ.พัลลภ ดวงเดือน | D64: ลักษณะทางทหาร "ดีมาก" มีความเชื่อมั่นในตนเองเป็นแบบอย่างที่ดีแก่ผู้เรียนได้ | E64: เสียงดังฟังชัดและจังหวะการพูดไม่ช้า/เร็วเกินไป | F64: มีประมวลรายวิชาและแนะนำเนื้อหาวิชา | G64: มีการจัดเตรียมสื่อการเรียนการสอนและรวบรวมแหล่งอ้างอิงไว้อย่างเหมาะสม | H64: มีการจัดการเรียนการสอนเป็นไปตามประมวลรายวิชาครบถ้วนและการนำเข้าสู่บทเรียนให้ข้อมูลที่เป็นประโยชน์แก่ผู้เรียนครบถ้วน | I64: มีการส่งเสริมให้ผู้เรียนได้ฝึกทักษะการคิดได้อย่างเหมาะสม | J64: มีการส่งเสริมให้ผู้เรียนได้ฝึกทักษะการสื่อสารได้อย่างเหมาะสม
A65: 46153.373 | B65: bnco0930@signalschool.ac.th | C65: จ.ส.อ. พัลลภ ดวงเดือน, ส.อ. สิทธิศักดิ์ รินไธสง | D65: ลักษณะทางทหาร "ดีมาก" มีความเชื่อมั่นในตนเองเป็นแบบอย่างที่ดีแก่ผู้เรียนได้ | E65: เสียงดังฟังชัดและจังหวะการพูดไม่ช้า/เร็วเกินไป | F65: มีประมวลรายวิชาและแนะนำเนื้อหาวิชา | G65: มีการจัดเตรียมสื่อการเรียนการสอนและรวบรวมแหล่งอ้างอิงไว้อย่างเหมาะสม | H65: มีการจัดการเรียนการสอนเป็นไปตามประมวลรายวิชาครบถ้วนและการนำเข้าสู่บทเรียนให้ข้อมูลที่เป็นประโยชน์แก่ผู้เรียนครบถ้วน | I65: มีการส่งเสริมให้ผู้เรียนได้ฝึกทักษะการคิดได้อย่างเหมาะสมดีมาก | J65: มีการส่งเสริมให้ผู้เรียนได้ฝึกทักษะการสื่อสารได้อย่างเหมาะสมดีมาก
A66: 46153.374 | B66: bnco0979@signalschool.ac.th | C66: จ.ส.อ.พัลลภ ดวงเดือน | D66: ลักษณะทางทหาร "ดีมาก" มีความเชื่อมั่นในตนเองเป็นแบบอย่างที่ดีแก่ผู้เรียนได้ | E66: เสียงดังฟังชัดและจังหวะการพูดไม่ช้า/เร็วเกินไป | F66: มีประมวลรายวิชาและแนะนำเนื้อหาวิชา | G66: มีการจัดเตรียมสื่อการเรียนการสอนและรวบรวมแหล่งอ้างอิงไว้อย่างเหมาะสม | H66: มีการจัดการเรียนการสอนเป็นไปตามประมวลรายวิชาครบถ้วนและการนำเข้าสู่บทเรียนให้ข้อมูลที่เป็นประโยชน์แก่ผู้เรียนครบถ้วน | I66: มีการส่งเสริมให้ผู้เรียนได้ฝึกทักษะการคิดได้อย่างเหมาะสมดีมาก | J66: มีการส่งเสริมให้ผู้เรียนได้ฝึกทักษะการสื่อสารได้อย่างเหมาะสมดีมาก | K66: ทำให้ได้ความรู้ใหม่ๆ
A67: 46153.374 | B67: bnco0950@signalschool.ac.th | C67: จ.ส.อ.พัลลภ ดวงเดือน,ส.อ.สิทธิศักดิ์ รินไธสง | D67: ลักษณะทางทหาร "ดีมาก" มีความเชื่อมั่นในตนเองเป็นแบบอย่างที่ดีแก่ผู้เรียนได้ | E67: เสียงดังฟังชัดและจังหวะการพูดไม่ช้า/เร็วเกินไป | F67: มีประมวลรายวิชาและแนะนำเนื้อหาวิชา | G67: มีการจัดเตรียมสื่อการเรียนการสอนและรวบรวมแหล่งอ้างอิงไว้อย่างเหมาะสม | H67: มีการจัดการเรียนการสอนเป็นไปตามประมวลรายวิชาครบถ้วนและการนำเข้าสู่บทเรียนให้ข้อมูลที่เป็นประโยชน์แก่ผู้เรียนครบถ้วน | I67: มีการส่งเสริมให้ผู้เรียนได้ฝึกทักษะการคิดได้อย่างเหมาะสมดีมาก | J67: มีการส่งเสริมให้ผู้เรียนได้ฝึกทักษะการสื่อสารได้อย่างเหมาะสม | K67: ในหลักสูตรสมควรมีชั่วโมงเรียนให้มากกว่านี้จะได้เข้าใจเรื่องวงจรไฟฟ้าได้มากยิ่งขึ้นครับ
A68: 46153.374 | B68: bnco0942@signalschool.ac.th | C68: ส.อ.กฤษดา เพ็งภา / จ.ส.อ.พัลลญ ดวงเดือน | D68: ลักษณะทางทหาร "ดีมาก" มีความเชื่อมั่นในตนเองเป็นแบบอย่างที่ดีแก่ผู้เรียนได้ | E68: เสียงดังฟังชัดและจังหวะการพูดไม่ช้า/เร็วเกินไป | F68: มีประมวลรายวิชาและแนะนำเนื้อหาวิชา | G68: มีการจัดเตรียมสื่อการเรียนการสอนและรวบรวมแหล่งอ้างอิงไว้อย่างเหมาะสม | H68: มีการจัดการเรียนการสอนเป็นไปตามประมวลรายวิชาครบถ้วนและการนำเข้าสู่บทเรียนให้ข้อมูลที่เป็นประโยชน์แก่ผู้เรียนครบถ้วน | I68: มีการส่งเสริมให้ผู้เรียนได้ฝึกทักษะการคิดได้อย่างเหมาะสมดีมาก | J68: มีการส่งเสริมให้ผู้เรียนได้ฝึกทักษะการสื่อสารได้อย่างเหมาะสมดีมาก
A69: 46153.375 | B69: bnco0928@signalschool.ac.th | C69: จ.ส.อ. พัลลภ ดวงเดือน, ส.อ. สิทธิศักดิ์ รินไธสง | D69: ลักษณะทางทหาร "ดีมาก" มีความเชื่อมั่นในตนเองเป็นแบบอย่างที่ดีแก่ผู้เรียนได้ | E69: เสียงดังฟังชัดและจังหวะการพูดไม่ช้า/เร็วเกินไป | F69: มีประมวลรายวิชาและแนะนำเนื้อหาวิชา | G69: มีการจัดเตรียมสื่อการเรียนการสอนและรวบรวมแหล่งอ้างอิงไว้อย่างเหมาะสม | H69: มีการจัดการเรียนการสอนเป็นไปตามประมวลรายวิชาครบถ้วนและการนำเข้าสู่บทเรียนให้ข้อมูลที่เป็นประโยชน์แก่ผู้เรียนครบถ้วน | I69: มีการส่งเสริมให้ผู้เรียนได้ฝึกทักษะการคิดได้อย่างเหมาะสมดีมาก | J69: มีการส่งเสริมให้ผู้เรียนได้ฝึกทักษะการสื่อสารได้อย่างเหมาะสมดีมาก
A70: 46153.375 | B70: bnco0964@signalschool.ac.th | C70: จ.ส.อ.พัลลภ ดวงเดือน | D70: ลักษณะทางทหาร "ดีมาก" มีความเชื่อมั่นในตนเองเป็นแบบอย่างที่ดีแก่ผู้เรียนได้ | E70: เสียงดังฟังชัดและจังหวะการพูดไม่ช้า/เร็วเกินไป | F70: มีประมวลรายวิชาและแนะนำเนื้อหาวิชา | G70: มีการจัดเตรียมสื่อการเรียนการสอนและรวบรวมแหล่งอ้างอิงไว้อย่างเหมาะสม | H70: มีการจัดการเรียนการสอนเป็นไปตามประมวลรายวิชาครบถ้วนและการนำเข้าสู่บทเรียนให้ข้อมูลที่เป็นประโยชน์แก่ผู้เรียนครบถ้วน | I70: มีการส่งเสริมให้ผู้เรียนได้ฝึกทักษะการคิดได้อย่างเหมาะสมดีมาก | J70: มีการส่งเสริมให้ผู้เรียนได้ฝึกทักษะการสื่อสารได้อย่างเหมาะสมดีมาก
A71: 46153.376 | B71: bnco0963@signalschool.ac.th | C71: จ.ส.อ.พัลลภ ดวงเดือน | D71: ลักษณะทางทหาร "ดีมาก" มีความเชื่อมั่นในตนเองเป็นแบบอย่างที่ดีแก่ผู้เรียนได้ | E71: เสียงดังฟังชัดและจังหวะการพูดไม่ช้า/เร็วเกินไป | F71: มีประมวลรายวิชาและแนะนำเนื้อหาวิชา | G71: มีการจัดเตรียมสื่อการเรียนการสอนและรวบรวมแหล่งอ้างอิงไว้อย่างเหมาะสม | H71: มีการจัดการเรียนการสอนเป็นไปตามประมวลรายวิชาครบถ้วนและการนำเข้าสู่บทเรียนให้ข้อมูลที่เป็นประโยชน์แก่ผู้เรียนครบถ้วน | I71: มีการส่งเสริมให้ผู้เรียนได้ฝึกทักษะการคิดได้อย่างเหมาะสม | J71: มีการส่งเสริมให้ผู้เรียนได้ฝึกทักษะการสื่อสารได้อย่างเหมาะสม
A72: 46153.376 | B72: bnco0902@signalschool.ac.th | C72: จ.ส.อ.พัลลภ ดวงเดือน,ส.อ.ธันวา เพิแย้ม | D72: ลักษณะทางทหาร "ดีมาก" มีความเชื่อมั่นในตนเองเป็นแบบอย่างที่ดีแก่ผู้เรียนได้ | E72: เสียงดังฟังชัดและจังหวะการพูดไม่ช้า/เร็วเกินไป | F72: มีประมวลรายวิชาและแนะนำเนื้อหาวิชา | G72: มีการจัดเตรียมสื่อการเรียนการสอนและรวบรวมแหล่งอ้างอิงไว้อย่างเหมาะสม | H72: มีการจัดการเรียนการสอนเป็นไปตามประมวลรายวิชาบางส่วน "หรือ" การนำเข้าสู่บทเรียนให้ข้อมูลที่เป็นประโยชน์แก่ผู้เรียน (อย่างใดอย่างหนึ่ง) | I72: มีการส่งเสริมให้ผู้เรียนได้ฝึกทักษะการคิดได้อย่างเหมาะสมดีมาก | J72: มีการส่งเสริมให้ผู้เรียนได้ฝึกทักษะการสื่อสารได้อย่างเหมาะสมดีมาก
A73: 46153.377 | B73: bnco0975@signalschool.ac.th | C73: จ.ส.อ. พัลลภ ดวงเดือน ส.อ ไพฑูรย์ พัชรภูษิตตสกุล | D73: ลักษณะทางทหาร "ดีมาก" มีความเชื่อมั่นในตนเองเป็นแบบอย่างที่ดีแก่ผู้เรียนได้ | E73: เสียงดังฟังชัดและจังหวะการพูดไม่ช้า/เร็วเกินไป | F73: มีประมวลรายวิชาและแนะนำเนื้อหาวิชา | G73: มีการจัดเตรียมสื่อการเรียนการสอนและรวบรวมแหล่งอ้างอิงไว้อย่างเหมาะสม | H73: มีการจัดการเรียนการสอนเป็นไปตามประมวลรายวิชาบางส่วน "หรือ" การนำเข้าสู่บทเรียนให้ข้อมูลที่เป็นประโยชน์แก่ผู้เรียน (อย่างใดอย่างหนึ่ง) | I73: มีการส่งเสริมให้ผู้เรียนได้ฝึกทักษะการคิดได้อย่างเหมาะสมดีมาก | J73: มีการส่งเสริมให้ผู้เรียนได้ฝึกทักษะการสื่อสารได้อย่างเหมาะสมดีมาก | K73: สอนดีมาก เข้าใจง่ายครับ
A74: 46153.377 | B74: bnco0972@signalschool.ac.th | C74: จ.ส.อ.พัลลภ ดวงเดือน , ส.อ. ปฐมพร ลาป้อง | D74: ลักษณะทางทหาร "ดีมาก" มีความเชื่อมั่นในตนเองเป็นแบบอย่างที่ดีแก่ผู้เรียนได้ | E74: เสียงดังฟังชัดและจังหวะการพูดไม่ช้า/เร็วเกินไป | F74: มีประมวลรายวิชาและแนะนำเนื้อหาวิชา | G74: มีการจัดเตรียมสื่อการเรียนการสอนและรวบรวมแหล่งอ้างอิงไว้อย่างเหมาะสม | H74: มีการจัดการเรียนการสอนเป็นไปตามประมวลรายวิชาครบถ้วนและการนำเข้าสู่บทเรียนให้ข้อมูลที่เป็นประโยชน์แก่ผู้เรียนครบถ้วน | I74: มีการส่งเสริมให้ผู้เรียนได้ฝึกทักษะการคิดได้อย่างเหมาะสมดีมาก | J74: มีการส่งเสริมให้ผู้เรียนได้ฝึกทักษะการสื่อสารได้อย่างเหมาะสมดีมาก | K74: อาจารย์ สอนดีมากมีความเข้าใจง่ายในการสอน และนักเรียนสามารถนำไปใช่ต่อได้ ขอบคุณ อาจารย์ที่มาสอนให้ความรู้ในตัวผมได้นำที่อาจารย์สอนไปใช้ได้ในชีวิตจริงได้ ขอบคุณครับ
A75: 46153.379 | B75: bnco0918@signalschool.ac.th | C75: จ.ส.อพัลลภ ดวงเดือน | D75: ลักษณะทางทหาร "ดีมาก" มีความเชื่อมั่นในตนเองเป็นแบบอย่างที่ดีแก่ผู้เรียนได้ | E75: เสียงดังฟังชัดและจังหวะการพูดไม่ช้า/เร็วเกินไป | F75: มีประมวลรายวิชาและแนะนำเนื้อหาวิชา | G75: มีการจัดเตรียมสื่อการเรียนการสอนและรวบรวมแหล่งอ้างอิงไว้อย่างเหมาะสม | H75: มีการจัดการเรียนการสอนเป็นไปตามประมวลรายวิชาครบถ้วนและการนำเข้าสู่บทเรียนให้ข้อมูลที่เป็นประโยชน์แก่ผู้เรียนครบถ้วน | I75: มีการส่งเสริมให้ผู้เรียนได้ฝึกทักษะการคิดได้อย่างเหมาะสมดีมาก | J75: มีการส่งเสริมให้ผู้เรียนได้ฝึกทักษะการสื่อสารได้อย่างเหมาะสมดีมาก
A76: 46153.379 | B76: bnco0913@signalschool.ac.th | C76: จ.ส.อ. พัลลภ ดวงเดือน | D76: ลักษณะทางทหาร "ดีมาก" มีความเชื่อมั่นในตนเองเป็นแบบอย่างที่ดีแก่ผู้เรียนได้ | E76: เสียงดังฟังชัดและจังหวะการพูดไม่ช้า/เร็วเกินไป | F76: มีประมวลรายวิชาและแนะนำเนื้อหาวิชา | G76: มีการจัดเตรียมสื่อการเรียนการสอนและรวบรวมแหล่งอ้างอิงไว้อย่างเหมาะสม | H76: มีการจัดการเรียนการสอนเป็นไปตามประมวลรายวิชาครบถ้วนและการนำเข้าสู่บทเรียนให้ข้อมูลที่เป็นประโยชน์แก่ผู้เรียนครบถ้วน | I76: มีการส่งเสริมให้ผู้เรียนได้ฝึกทักษะการคิดได้อย่างเหมาะสม | J76: มีการส่งเสริมให้ผู้เรียนได้ฝึกทักษะการสื่อสารได้อย่างเหมาะสม
A77: 46153.381 | B77: bnco0931@signalschool.ac.th | C77: จ.ส.อ.พัลลภ ดวงเดือน | D77: ลักษณะทางทหาร "มีความเหมาะสม" มีความเชื่อมั่นในตนเองปานกลาง | E77: เสียงดังฟังชัดและจังหวะการพูดไม่ช้า/เร็วเกินไป | F77: มีประมวลรายวิชาและแนะนำเนื้อหาวิชา | G77: มีการจัดเตรียมสื่อการเรียนการสอนและรวบรวมแหล่งอ้างอิงไว้อย่างเหมาะสม | H77: มีการจัดการเรียนการสอน "ไม่เป็นไปตาม" ประมวลรายวิชาครบถ้วนและ "ไม่มี" การนำเข้าสู่บทเรียนให้ข้อมูลที่เป็นประโยชน์แก่ผู้เรียน | I77: มีการส่งเสริมให้ผู้เรียนได้ฝึกทักษะการคิดได้อย่างเหมาะสม | J77: มีการส่งเสริมให้ผู้เรียนได้ฝึกทักษะการสื่อสารได้อย่างเหมาะสม | K77: ผมไม่ประทับใจ ในชั่วโมงแรก ที่อาจารย์แซวนักเรียนผู้หญิง ผมว่าไม่เหมาะสม ถึงแม้จะรู้จักกันหรือไม่ก็ตาม แต่ผมทราบดีว่าอาจจารย์อาจจะไม่ได้คิดอะไรมาก หรือ นักเรียนหญิงดังกล่าวอาจจะไม่คิดมาก แต่ผมรู้สึกว่าไม่โอเคครับในฐานะผู้ฟังร่วมด้วย ควรคิดก่อนพูดและระมัดระวังมากกว่านี้ครับ ส่วนเรื่องอื่นๆผมรู้สึกว่าอาจารย์ตั้งใจเต็มที่ในการให้ความรู้มากๆครับ
A78: 46153.382 | B78: bnco0980@signalschool.ac.th | C78: จ.ส.อ.พัลลภ ดวงเดือนม , ส.อ.สิทธิศักดิ์ รินไธสง | D78: ลักษณะทางทหาร "ดีมาก" มีความเชื่อมั่นในตนเองเป็นแบบอย่างที่ดีแก่ผู้เรียนได้ | E78: เสียงดังฟังชัดและจังหวะการพูดไม่ช้า/เร็วเกินไป | F78: มีประมวลรายวิชาและแนะนำเนื้อหาวิชา | G78: มีการจัดเตรียมสื่อการเรียนการสอนและรวบรวมแหล่งอ้างอิงไว้อย่างเหมาะสม | H78: มีการจัดการเรียนการสอนเป็นไปตามประมวลรายวิชาครบถ้วนและการนำเข้าสู่บทเรียนให้ข้อมูลที่เป็นประโยชน์แก่ผู้เรียนครบถ้วน | I78: มีการส่งเสริมให้ผู้เรียนได้ฝึกทักษะการคิดได้อย่างเหมาะสม | J78: มีการส่งเสริมให้ผู้เรียนได้ฝึกทักษะการสื่อสารได้อย่างเหมาะสมดีมาก
A79: 46153.385 | B79: bnco0961@signalschool.ac.th | C79: ร.อ.ธัญญพันธ์ ตรีศักดิ์ศรี | D79: ลักษณะทางทหาร "ดีมาก" มีความเชื่อมั่นในตนเองเป็นแบบอย่างที่ดีแก่ผู้เรียนได้ | E79: เสียงดังฟังชัดและจังหวะการพูดไม่ช้า/เร็วเกินไป | F79: มีประมวลรายวิชาและแนะนำเนื้อหาวิชา | G79: มีการจัดเตรียมสื่อการเรียนการสอนและรวบรวมแหล่งอ้างอิงไว้อย่างเหมาะสม | H79: มีการจัดการเรียนการสอนเป็นไปตามประมวลรายวิชาครบถ้วนและการนำเข้าสู่บทเรียนให้ข้อมูลที่เป็นประโยชน์แก่ผู้เรียนครบถ้วน | I79: มีการส่งเสริมให้ผู้เรียนได้ฝึกทักษะการคิดได้อย่างเหมาะสม | J79: มีการส่งเสริมให้ผู้เรียนได้ฝึกทักษะการสื่อสารได้อย่างเหมาะสมดีมาก
A80: 46153.386 | B80: bnco0917@signalschool.ac.th | C80: จ.ส.อ.พัลลภ ดวงเดือน, ส.อ.สมชาย ผลดี | D80: ลักษณะทางทหาร "ดีมาก" มีความเชื่อมั่นในตนเองเป็นแบบอย่างที่ดีแก่ผู้เรียนได้ | E80: เสียงดังฟังชัดและจังหวะการพูดไม่ช้า/เร็วเกินไป | F80: มีประมวลรายวิชาและแนะนำเนื้อหาวิชา | G80: มีการจัดเตรียมสื่อการเรียนการสอนและรวบรวมแหล่งอ้างอิงไว้อย่างเหมาะสม | H80: มีการจัดการเรียนการสอนเป็นไปตามประมวลรายวิชาครบถ้วนและการนำเข้าสู่บทเรียนให้ข้อมูลที่เป็นประโยชน์แก่ผู้เรียนครบถ้วน | I80: มีการส่งเสริมให้ผู้เรียนได้ฝึกทักษะการคิดได้อย่างเหมาะสมดีมาก | J80: มีการส่งเสริมให้ผู้เรียนได้ฝึกทักษะการสื่อสารได้อย่างเหมาะสมดีมาก
A81: 46153.386 | B81: bnco0970@signalschool.ac.th | C81: ส.อ.ภาณุพงศ์ อุทธิยา | D81: ลักษณะทางทหาร "ดีมาก" มีความเชื่อมั่นในตนเองเป็นแบบอย่างที่ดีแก่ผู้เรียนได้ | E81: เสียงดังฟังชัดและจังหวะการพูดไม่ช้า/เร็วเกินไป | F81: มีประมวลรายวิชาและแนะนำเนื้อหาวิชา | G81: มีการจัดเตรียมสื่อการเรียนการสอนและรวบรวมแหล่งอ้างอิงไว้อย่างเหมาะสม | H81: มีการจัดการเรียนการสอนเป็นไปตามประมวลรายวิชาครบถ้วนและการนำเข้าสู่บทเรียนให้ข้อมูลที่เป็นประโยชน์แก่ผู้เรียนครบถ้วน | I81: มีการส่งเสริมให้ผู้เรียนได้ฝึกทักษะการคิดได้อย่างเหมาะสม | J81: มีการส่งเสริมให้ผู้เรียนได้ฝึกทักษะการสื่อสารได้อย่างเหมาะสมดีมาก
A82: 46212.623 | B82: poranai609@gmail.com | C82: จ.ส.อ.พัลลภ ดวงเดือน , จ.ส.อ.ธรรมรักษ์ หมวกเพ็ชร | D82: ลักษณะทางทหาร "ดีมาก" มีความเชื่อมั่นในตนเองเป็นแบบอย่างที่ดีแก่ผู้เรียนได้ | E82: เสียงดังฟังชัดและจังหวะการพูดไม่ช้า/เร็วเกินไป | F82: มีประมวลรายวิชาและแนะนำเนื้อหาวิชา | G82: มีการจัดเตรียมสื่อการเรียนการสอนและรวบรวมแหล่งอ้างอิงไว้อย่างเหมาะสม | H82: มีการจัดการเรียนการสอนเป็นไปตามประมวลรายวิชาครบถ้วนและการนำเข้าสู่บทเรียนให้ข้อมูลที่เป็นประโยชน์แก่ผู้เรียนครบถ้วน | I82: มีการส่งเสริมให้ผู้เรียนได้ฝึกทักษะการคิดได้อย่างเหมาะสม | J82: มีการส่งเสริมให้ผู้เรียนได้ฝึกทักษะการสื่อสารได้อย่างเหมาะสมดีมาก

Sheet ค่า 1.2
A1: ประทับเวลา | B1: ที่อยู่อีเมล | C1: ยศ ชื่อ-สกุล ครู-อาจารย์ผู้สอน | E1: 1. บุคลิกภาพและลักษณะท่าทางของอาจารย์ผู้สอน | F1: 2. การพูดและการใช้นํ้าเสียง | G1: 3. การเตรียมการสอน | H1: 4. การจัดเตรียมสื่อการสอน | I1: 5. การถ่ายทอดความรู้และการนำเข้าสู่บทเรียน | J1: 6. ผู้เรียนได้ฝึกทักษะการคิดวิเคราะห์ หรือการพัฒนาความคิดสร้างสรรค์จากการเรียนรายวิชานี้มากน้อยเพียงใด | K1: 7. ผู้เรียนได้ฝึกทักษะการสื่อสาร การนำเสนอ และการใช้งานเทคโนโลยีสารสนเทศจากการเรียนรายวิชานี้มากน้อยเพียงใด | M1: ตรวจสอบผู้เข้าประเมิน
A2: ='1.2'!A:A -> 46153.361 | B2: ='1.2'!B:B -> bnco0958@signalschool.ac.th | C2: ='1.2'!C:C -> ส.อ.พิจักษณ์ คงแสง | D2: 1 | E2: =IFERROR(vlookup('1.2'!D:D,lookup!$A$2:$B$4,2,false),0) -> 5 | F2: =IFERROR(vlookup('1.2'!E:E,lookup!$A$6:$B$8,2,false),0) -> 5 | G2: =IFERROR(vlookup('1.2'!F:F,lookup!$A$10:$B$12,2,false),0) -> 5 | H2: =IFERROR(vlookup('1.2'!G:G,lookup!$A$14:$B$16,2,false),0) -> 5 | I2: =IFERROR(vlookup('1.2'!H:H,lookup!$A$18:$B$20,2,false),0) -> 5 | J2: =IFERROR(vlookup('1.2'!I:I,lookup!$A$22:$B$24,2,false),0) -> 5 | K2: =IFERROR(vlookup('1.2'!J:J,lookup!$A$26:$B$28,2,false),0) -> 5 | M2: 1 | N2: =CONCAT(R2,"@signalschool.ac.th") -> bnco0901@signalschool.ac.th | O2: =IFERROR(VLOOKUP(N2,B$2:D$81,3,FALSE),0) -> 1 | R2: bnco0901
A3: ='1.2'!A:A -> 46153.361 | B3: ='1.2'!B:B -> bnco0934@signalschool.ac.th | C3: ='1.2'!C:C -> ส.อ.สุขเกษม พิบูลสุขสิน | D3: 1 | E3: =IFERROR(vlookup('1.2'!D:D,lookup!$A$2:$B$4,2,false),0) -> 5 | F3: =IFERROR(vlookup('1.2'!E:E,lookup!$A$6:$B$8,2,false),0) -> 5 | G3: =IFERROR(vlookup('1.2'!F:F,lookup!$A$10:$B$12,2,false),0) -> 5 | H3: =IFERROR(vlookup('1.2'!G:G,lookup!$A$14:$B$16,2,false),0) -> 5 | I3: =IFERROR(vlookup('1.2'!H:H,lookup!$A$18:$B$20,2,false),0) -> 5 | J3: =IFERROR(vlookup('1.2'!I:I,lookup!$A$22:$B$24,2,false),0) -> 5 | K3: =IFERROR(vlookup('1.2'!J:J,lookup!$A$26:$B$28,2,false),0) -> 5 | M3: 2 | N3: =CONCAT(R3,"@signalschool.ac.th") -> bnco0902@signalschool.ac.th | O3: =IFERROR(VLOOKUP(N3,B$2:D$81,3,FALSE),0) -> 1 | R3: bnco0902
A4: ='1.2'!A:A -> 46153.362 | B4: ='1.2'!B:B -> bnco0971@signalschool.ac.th | C4: ='1.2'!C:C -> ส.อ.วิศวะ กิจสุวรรณ์ | D4: 1 | E4: =IFERROR(vlookup('1.2'!D:D,lookup!$A$2:$B$4,2,false),0) -> 5 | F4: =IFERROR(vlookup('1.2'!E:E,lookup!$A$6:$B$8,2,false),0) -> 3 | G4: =IFERROR(vlookup('1.2'!F:F,lookup!$A$10:$B$12,2,false),0) -> 5 | H4: =IFERROR(vlookup('1.2'!G:G,lookup!$A$14:$B$16,2,false),0) -> 5 | I4: =IFERROR(vlookup('1.2'!H:H,lookup!$A$18:$B$20,2,false),0) -> 5 | J4: =IFERROR(vlookup('1.2'!I:I,lookup!$A$22:$B$24,2,false),0) -> 5 | K4: =IFERROR(vlookup('1.2'!J:J,lookup!$A$26:$B$28,2,false),0) -> 5 | M4: 3 | N4: =CONCAT(R4,"@signalschool.ac.th") -> bnco0903@signalschool.ac.th | O4: =IFERROR(VLOOKUP(N4,B$2:D$81,3,FALSE),0) -> 1 | R4: bnco0903
A5: ='1.2'!A:A -> 46153.363 | B5: ='1.2'!B:B -> bnco0940@signalschool.ac.th | C5: ='1.2'!C:C -> จ.ส.อ.พัลลภ ดวงเดือน | D5: 1 | E5: =IFERROR(vlookup('1.2'!D:D,lookup!$A$2:$B$4,2,false),0) -> 5 | F5: =IFERROR(vlookup('1.2'!E:E,lookup!$A$6:$B$8,2,false),0) -> 5 | G5: =IFERROR(vlookup('1.2'!F:F,lookup!$A$10:$B$12,2,false),0) -> 5 | H5: =IFERROR(vlookup('1.2'!G:G,lookup!$A$14:$B$16,2,false),0) -> 5 | I5: =IFERROR(vlookup('1.2'!H:H,lookup!$A$18:$B$20,2,false),0) -> 5 | J5: =IFERROR(vlookup('1.2'!I:I,lookup!$A$22:$B$24,2,false),0) -> 5 | K5: =IFERROR(vlookup('1.2'!J:J,lookup!$A$26:$B$28,2,false),0) -> 5 | M5: 4 | N5: =CONCAT(R5,"@signalschool.ac.th") -> bnco0904@signalschool.ac.th | O5: =IFERROR(VLOOKUP(N5,B$2:D$81,3,FALSE),0) -> 1 | R5: bnco0904
A6: ='1.2'!A:A -> 46153.363 | B6: ='1.2'!B:B -> bnco0967@signalschool.ac.th | C6: ='1.2'!C:C -> จ.ส.อ.พัลลภ ดวงเดือน | D6: 1 | E6: =IFERROR(vlookup('1.2'!D:D,lookup!$A$2:$B$4,2,false),0) -> 5 | F6: =IFERROR(vlookup('1.2'!E:E,lookup!$A$6:$B$8,2,false),0) -> 5 | G6: =IFERROR(vlookup('1.2'!F:F,lookup!$A$10:$B$12,2,false),0) -> 5 | H6: =IFERROR(vlookup('1.2'!G:G,lookup!$A$14:$B$16,2,false),0) -> 5 | I6: =IFERROR(vlookup('1.2'!H:H,lookup!$A$18:$B$20,2,false),0) -> 5 | J6: =IFERROR(vlookup('1.2'!I:I,lookup!$A$22:$B$24,2,false),0) -> 5 | K6: =IFERROR(vlookup('1.2'!J:J,lookup!$A$26:$B$28,2,false),0) -> 5 | M6: 5 | N6: =CONCAT(R6,"@signalschool.ac.th") -> bnco0905@signalschool.ac.th | O6: =IFERROR(VLOOKUP(N6,B$2:D$81,3,FALSE),0) -> 1 | R6: bnco0905
A7: ='1.2'!A:A -> 46153.364 | B7: ='1.2'!B:B -> bnco0906@signalschool.ac.th | C7: ='1.2'!C:C -> จ.ส.อ.พัลลภ ดวงเดือน | D7: 1 | E7: =IFERROR(vlookup('1.2'!D:D,lookup!$A$2:$B$4,2,false),0) -> 3 | F7: =IFERROR(vlookup('1.2'!E:E,lookup!$A$6:$B$8,2,false),0) -> 5 | G7: =IFERROR(vlookup('1.2'!F:F,lookup!$A$10:$B$12,2,false),0) -> 5 | H7: =IFERROR(vlookup('1.2'!G:G,lookup!$A$14:$B$16,2,false),0) -> 5 | I7: =IFERROR(vlookup('1.2'!H:H,lookup!$A$18:$B$20,2,false),0) -> 3 | J7: =IFERROR(vlookup('1.2'!I:I,lookup!$A$22:$B$24,2,false),0) -> 3 | K7: =IFERROR(vlookup('1.2'!J:J,lookup!$A$26:$B$28,2,false),0) -> 3 | M7: 6 | N7: =CONCAT(R7,"@signalschool.ac.th") -> bnco0906@signalschool.ac.th | O7: =IFERROR(VLOOKUP(N7,B$2:D$81,3,FALSE),0) -> 1 | R7: bnco0906
A8: ='1.2'!A:A -> 46153.364 | B8: ='1.2'!B:B -> bnco0943@signalschool.ac.th | C8: ='1.2'!C:C -> จ.ส.อ.พัลลภ ดวงเดือน | D8: 1 | E8: =IFERROR(vlookup('1.2'!D:D,lookup!$A$2:$B$4,2,false),0) -> 5 | F8: =IFERROR(vlookup('1.2'!E:E,lookup!$A$6:$B$8,2,false),0) -> 5 | G8: =IFERROR(vlookup('1.2'!F:F,lookup!$A$10:$B$12,2,false),0) -> 5 | H8: =IFERROR(vlookup('1.2'!G:G,lookup!$A$14:$B$16,2,false),0) -> 5 | I8: =IFERROR(vlookup('1.2'!H:H,lookup!$A$18:$B$20,2,false),0) -> 5 | J8: =IFERROR(vlookup('1.2'!I:I,lookup!$A$22:$B$24,2,false),0) -> 5 | K8: =IFERROR(vlookup('1.2'!J:J,lookup!$A$26:$B$28,2,false),0) -> 5 | M8: 7 | N8: =CONCAT(R8,"@signalschool.ac.th") -> bnco0907@signalschool.ac.th | O8: =IFERROR(VLOOKUP(N8,B$2:D$81,3,FALSE),0) -> 1 | R8: bnco0907
A9: ='1.2'!A:A -> 46153.364 | B9: ='1.2'!B:B -> bnco0924@signalschool.ac.th | C9: ='1.2'!C:C -> จ.ส.อ. พัลลภ ดวงเดือน | D9: 1 | E9: =IFERROR(vlookup('1.2'!D:D,lookup!$A$2:$B$4,2,false),0) -> 5 | F9: =IFERROR(vlookup('1.2'!E:E,lookup!$A$6:$B$8,2,false),0) -> 5 | G9: =IFERROR(vlookup('1.2'!F:F,lookup!$A$10:$B$12,2,false),0) -> 5 | H9: =IFERROR(vlookup('1.2'!G:G,lookup!$A$14:$B$16,2,false),0) -> 5 | I9: =IFERROR(vlookup('1.2'!H:H,lookup!$A$18:$B$20,2,false),0) -> 5 | J9: =IFERROR(vlookup('1.2'!I:I,lookup!$A$22:$B$24,2,false),0) -> 5 | K9: =IFERROR(vlookup('1.2'!J:J,lookup!$A$26:$B$28,2,false),0) -> 5 | M9: 8 | N9: =CONCAT(R9,"@signalschool.ac.th") -> bnco0908@signalschool.ac.th | O9: =IFERROR(VLOOKUP(N9,B$2:D$81,3,FALSE),0) -> 1 | R9: bnco0908
A10: ='1.2'!A:A -> 46153.364 | B10: ='1.2'!B:B -> bnco0939@signalschool.ac.th | C10: ='1.2'!C:C -> จ.ส.อ.พัลลภ ดวงเดือน | D10: 1 | E10: =IFERROR(vlookup('1.2'!D:D,lookup!$A$2:$B$4,2,false),0) -> 5 | F10: =IFERROR(vlookup('1.2'!E:E,lookup!$A$6:$B$8,2,false),0) -> 5 | G10: =IFERROR(vlookup('1.2'!F:F,lookup!$A$10:$B$12,2,false),0) -> 5 | H10: =IFERROR(vlookup('1.2'!G:G,lookup!$A$14:$B$16,2,false),0) -> 5 | I10: =IFERROR(vlookup('1.2'!H:H,lookup!$A$18:$B$20,2,false),0) -> 5 | J10: =IFERROR(vlookup('1.2'!I:I,lookup!$A$22:$B$24,2,false),0) -> 5 | K10: =IFERROR(vlookup('1.2'!J:J,lookup!$A$26:$B$28,2,false),0) -> 5 | M10: 9 | N10: =CONCAT(R10,"@signalschool.ac.th") -> bnco0909@signalschool.ac.th | O10: =IFERROR(VLOOKUP(N10,B$2:D$81,3,FALSE),0) -> 1 | R10: bnco0909
A11: ='1.2'!A:A -> 46153.364 | B11: ='1.2'!B:B -> bnco0925@signalschool.ac.th | C11: ='1.2'!C:C -> ส.อ. กานต์ เรณู ณ อยุธยา | D11: 1 | E11: =IFERROR(vlookup('1.2'!D:D,lookup!$A$2:$B$4,2,false),0) -> 5 | F11: =IFERROR(vlookup('1.2'!E:E,lookup!$A$6:$B$8,2,false),0) -> 5 | G11: =IFERROR(vlookup('1.2'!F:F,lookup!$A$10:$B$12,2,false),0) -> 5 | H11: =IFERROR(vlookup('1.2'!G:G,lookup!$A$14:$B$16,2,false),0) -> 5 | I11: =IFERROR(vlookup('1.2'!H:H,lookup!$A$18:$B$20,2,false),0) -> 5 | J11: =IFERROR(vlookup('1.2'!I:I,lookup!$A$22:$B$24,2,false),0) -> 3 | K11: =IFERROR(vlookup('1.2'!J:J,lookup!$A$26:$B$28,2,false),0) -> 3 | M11: 10 | N11: =CONCAT(R11,"@signalschool.ac.th") -> bnco0910@signalschool.ac.th | O11: =IFERROR(VLOOKUP(N11,B$2:D$81,3,FALSE),0) -> 1 | R11: bnco0910
A12: ='1.2'!A:A -> 46153.364 | B12: ='1.2'!B:B -> bnco0910@signalschool.ac.th | C12: ='1.2'!C:C -> จ.ส.อ.พัลลภ ดวงเดือน | D12: 1 | E12: =IFERROR(vlookup('1.2'!D:D,lookup!$A$2:$B$4,2,false),0) -> 5 | F12: =IFERROR(vlookup('1.2'!E:E,lookup!$A$6:$B$8,2,false),0) -> 5 | G12: =IFERROR(vlookup('1.2'!F:F,lookup!$A$10:$B$12,2,false),0) -> 5 | H12: =IFERROR(vlookup('1.2'!G:G,lookup!$A$14:$B$16,2,false),0) -> 5 | I12: =IFERROR(vlookup('1.2'!H:H,lookup!$A$18:$B$20,2,false),0) -> 5 | J12: =IFERROR(vlookup('1.2'!I:I,lookup!$A$22:$B$24,2,false),0) -> 5 | K12: =IFERROR(vlookup('1.2'!J:J,lookup!$A$26:$B$28,2,false),0) -> 5 | M12: 11 | N12: =CONCAT(R12,"@signalschool.ac.th") -> bnco0911@signalschool.ac.th | O12: =IFERROR(VLOOKUP(N12,B$2:D$81,3,FALSE),0) -> 1 | R12: bnco0911
A13: ='1.2'!A:A -> 46153.365 | B13: ='1.2'!B:B -> bnco0936@signalschool.ac.th | C13: ='1.2'!C:C -> จ.ส.อ.พัลลภ ดวงเดือน | D13: 1 | E13: =IFERROR(vlookup('1.2'!D:D,lookup!$A$2:$B$4,2,false),0) -> 5 | F13: =IFERROR(vlookup('1.2'!E:E,lookup!$A$6:$B$8,2,false),0) -> 5 | G13: =IFERROR(vlookup('1.2'!F:F,lookup!$A$10:$B$12,2,false),0) -> 5 | H13: =IFERROR(vlookup('1.2'!G:G,lookup!$A$14:$B$16,2,false),0) -> 5 | I13: =IFERROR(vlookup('1.2'!H:H,lookup!$A$18:$B$20,2,false),0) -> 5 | J13: =IFERROR(vlookup('1.2'!I:I,lookup!$A$22:$B$24,2,false),0) -> 3 | K13: =IFERROR(vlookup('1.2'!J:J,lookup!$A$26:$B$28,2,false),0) -> 5 | M13: 12 | N13: =CONCAT(R13,"@signalschool.ac.th") -> bnco0912@signalschool.ac.th | O13: =IFERROR(VLOOKUP(N13,B$2:D$81,3,FALSE),0) -> 1 | R13: bnco0912
... A81: ='1.2'!A:A -> 46153.386 | B81: ='1.2'!B:B -> bnco0970@signalschool.ac.th | C81: ='1.2'!C:C -> ส.อ.ภาณุพงศ์ อุทธิยา | D81: 1 | E81: =IFERROR(vlookup('1.2'!D:D,lookup!$A$2:$B$4,2,false),0) -> 5 | F81: =IFERROR(vlookup('1.2'!E:E,lookup!$A$6:$B$8,2,false),0) -> 5 | G81: =IFERROR(vlookup('1.2'!F:F,lookup!$A$10:$B$12,2,false),0) -> 5 | H81: =IFERROR(vlookup('1.2'!G:G,lookup!$A$14:$B$16,2,false),0) -> 5 | I81: =IFERROR(vlookup('1.2'!H:H,lookup!$A$18:$B$20,2,false),0) -> 5 | J81: =IFERROR(vlookup('1.2'!I:I,lookup!$A$22:$B$24,2,false),0) -> 3 | K81: =IFERROR(vlookup('1.2'!J:J,lookup!$A$26:$B$28,2,false),0) -> 5 | M81: 80 | N81: =CONCAT(R81,"@signalschool.ac.th") -> bnco0980@signalschool.ac.th | O81: =IFERROR(VLOOKUP(N81,B$2:D$81,3,FALSE),0) -> 1 | R81: bnco0980
A82: ='1.2'!A:A -> 46212.623 | B82: ='1.2'!B:B -> poranai609@gmail.com | C82: ='1.2'!C:C -> จ.ส.อ.พัลลภ ดวงเดือน , จ.ส.อ.ธรรมรักษ์ หมวกเพ็ชร | D82: 1 | E82: =IFERROR(vlookup('1.2'!D:D,lookup!$A$2:$B$4,2,false),0) -> 5 | F82: =IFERROR(vlookup('1.2'!E:E,lookup!$A$6:$B$8,2,false),0) -> 5 | G82: =IFERROR(vlookup('1.2'!F:F,lookup!$A$10:$B$12,2,false),0) -> 5 | H82: =IFERROR(vlookup('1.2'!G:G,lookup!$A$14:$B$16,2,false),0) -> 5 | I82: =IFERROR(vlookup('1.2'!H:H,lookup!$A$18:$B$20,2,false),0) -> 5 | J82: =IFERROR(vlookup('1.2'!I:I,lookup!$A$22:$B$24,2,false),0) -> 3 | K82: =IFERROR(vlookup('1.2'!J:J,lookup!$A$26:$B$28,2,false),0) -> 5 | N82: ยอดผู้เข้าประเมิน | O82: =SUM(O2:O81) -> 80
A83: ='1.2'!A:A | B83: ='1.2'!B:B | C83: ='1.2'!C:C | D83: 1 | E83: =IFERROR(vlookup('1.2'!D:D,lookup!$A$2:$B$4,2,false),0) -> 0 | F83: =IFERROR(vlookup('1.2'!E:E,lookup!$A$6:$B$8,2,false),0) -> 0 | G83: =IFERROR(vlookup('1.2'!F:F,lookup!$A$10:$B$12,2,false),0) -> 0 | H83: =IFERROR(vlookup('1.2'!G:G,lookup!$A$14:$B$16,2,false),0) -> 0 | I83: =IFERROR(vlookup('1.2'!H:H,lookup!$A$18:$B$20,2,false),0) -> 0 | J83: =IFERROR(vlookup('1.2'!I:I,lookup!$A$22:$B$24,2,false),0) -> 0 | K83: =IFERROR(vlookup('1.2'!J:J,lookup!$A$26:$B$28,2,false),0) -> 0 | N83: ภาพรวมร้อยละ | O83: =(O82*100)/80 -> 100
A84: ='1.2'!A:A | B84: ='1.2'!B:B | C84: ='1.2'!C:C | D84: 1 | E84: =IFERROR(vlookup('1.2'!D:D,lookup!$A$2:$B$4,2,false),0) -> 0 | F84: =IFERROR(vlookup('1.2'!E:E,lookup!$A$6:$B$8,2,false),0) -> 0 | G84: =IFERROR(vlookup('1.2'!F:F,lookup!$A$10:$B$12,2,false),0) -> 0 | H84: =IFERROR(vlookup('1.2'!G:G,lookup!$A$14:$B$16,2,false),0) -> 0 | I84: =IFERROR(vlookup('1.2'!H:H,lookup!$A$18:$B$20,2,false),0) -> 0 | J84: =IFERROR(vlookup('1.2'!I:I,lookup!$A$22:$B$24,2,false),0) -> 0 | K84: =IFERROR(vlookup('1.2'!J:J,lookup!$A$26:$B$28,2,false),0) -> 0
A85: ='1.2'!A:A | B85: ='1.2'!B:B | C85: ='1.2'!C:C | D85: 1 | E85: =IFERROR(vlookup('1.2'!D:D,lookup!$A$2:$B$4,2,false),0) -> 0 | F85: =IFERROR(vlookup('1.2'!E:E,lookup!$A$6:$B$8,2,false),0) -> 0 | G85: =IFERROR(vlookup('1.2'!F:F,lookup!$A$10:$B$12,2,false),0) -> 0 | H85: =IFERROR(vlookup('1.2'!G:G,lookup!$A$14:$B$16,2,false),0) -> 0 | I85: =IFERROR(vlookup('1.2'!H:H,lookup!$A$18:$B$20,2,false),0) -> 0 | J85: =IFERROR(vlookup('1.2'!I:I,lookup!$A$22:$B$24,2,false),0) -> 0 | K85: =IFERROR(vlookup('1.2'!J:J,lookup!$A$26:$B$28,2,false),0) -> 0
A86: ='1.2'!A:A | B86: ='1.2'!B:B | C86: ='1.2'!C:C | D86: 1 | E86: =IFERROR(vlookup('1.2'!D:D,lookup!$A$2:$B$4,2,false),0) -> 0 | F86: =IFERROR(vlookup('1.2'!E:E,lookup!$A$6:$B$8,2,false),0) -> 0 | G86: =IFERROR(vlookup('1.2'!F:F,lookup!$A$10:$B$12,2,false),0) -> 0 | H86: =IFERROR(vlookup('1.2'!G:G,lookup!$A$14:$B$16,2,false),0) -> 0 | I86: =IFERROR(vlookup('1.2'!H:H,lookup!$A$18:$B$20,2,false),0) -> 0 | J86: =IFERROR(vlookup('1.2'!I:I,lookup!$A$22:$B$24,2,false),0) -> 0 | K86: =IFERROR(vlookup('1.2'!J:J,lookup!$A$26:$B$28,2,false),0) -> 0
A87: ='1.2'!A:A | B87: ='1.2'!B:B | C87: ='1.2'!C:C | D87: 1 | E87: =IFERROR(vlookup('1.2'!D:D,lookup!$A$2:$B$4,2,false),0) -> 0 | F87: =IFERROR(vlookup('1.2'!E:E,lookup!$A$6:$B$8,2,false),0) -> 0 | G87: =IFERROR(vlookup('1.2'!F:F,lookup!$A$10:$B$12,2,false),0) -> 0 | H87: =IFERROR(vlookup('1.2'!G:G,lookup!$A$14:$B$16,2,false),0) -> 0 | I87: =IFERROR(vlookup('1.2'!H:H,lookup!$A$18:$B$20,2,false),0) -> 0 | J87: =IFERROR(vlookup('1.2'!I:I,lookup!$A$22:$B$24,2,false),0) -> 0 | K87: =IFERROR(vlookup('1.2'!J:J,lookup!$A$26:$B$28,2,false),0) -> 0
A88: ='1.2'!A:A | B88: ='1.2'!B:B | C88: ='1.2'!C:C | D88: 1 | E88: =IFERROR(vlookup('1.2'!D:D,lookup!$A$2:$B$4,2,false),0) -> 0 | F88: =IFERROR(vlookup('1.2'!E:E,lookup!$A$6:$B$8,2,false),0) -> 0 | G88: =IFERROR(vlookup('1.2'!F:F,lookup!$A$10:$B$12,2,false),0) -> 0 | H88: =IFERROR(vlookup('1.2'!G:G,lookup!$A$14:$B$16,2,false),0) -> 0 | I88: =IFERROR(vlookup('1.2'!H:H,lookup!$A$18:$B$20,2,false),0) -> 0 | J88: =IFERROR(vlookup('1.2'!I:I,lookup!$A$22:$B$24,2,false),0) -> 0 | K88: =IFERROR(vlookup('1.2'!J:J,lookup!$A$26:$B$28,2,false),0) -> 0
A89: ='1.2'!A:A | B89: ='1.2'!B:B | C89: ='1.2'!C:C | D89: 1 | E89: =IFERROR(vlookup('1.2'!D:D,lookup!$A$2:$B$4,2,false),0) -> 0 | F89: =IFERROR(vlookup('1.2'!E:E,lookup!$A$6:$B$8,2,false),0) -> 0 | G89: =IFERROR(vlookup('1.2'!F:F,lookup!$A$10:$B$12,2,false),0) -> 0 | H89: =IFERROR(vlookup('1.2'!G:G,lookup!$A$14:$B$16,2,false),0) -> 0 | I89: =IFERROR(vlookup('1.2'!H:H,lookup!$A$18:$B$20,2,false),0) -> 0 | J89: =IFERROR(vlookup('1.2'!I:I,lookup!$A$22:$B$24,2,false),0) -> 0 | K89: =IFERROR(vlookup('1.2'!J:J,lookup!$A$26:$B$28,2,false),0) -> 0
E90: =AVERAGE(E2:E81) -> 4.95 | F90: =AVERAGE(F2:F81) -> 4.95 | G90: =AVERAGE(G2:G81) -> 5 | H90: =AVERAGE(H2:H81) -> 5 | I90: =AVERAGE(I2:I81) -> 4.85 | J90: =AVERAGE(J2:J81) -> 4.625 | K90: =AVERAGE(K2:K81) -> 4.675 | L90: =AVERAGE(E90:K90) -> 4.8642857

Sheet 1.3
A1: ประทับเวลา | B1: ที่อยู่อีเมล | C1: ยศ ชื่อ-สกุล ครู-อาจารย์ผู้สอน | D1: 1. บุคลิกภาพและลักษณะท่าทางของอาจารย์ผู้สอน | E1: 2. การพูดและการใช้นํ้าเสียง | F1: 3. การเตรียมการสอน | G1: 4. การจัดเตรียมสื่อการสอน | H1: 5. การถ่ายทอดความรู้และการนำเข้าสู่บทเรียน | I1: 6. ผู้เรียนได้ฝึกทักษะการคิดวิเคราะห์ หรือการพัฒนาความคิดสร้างสรรค์จากการเรียนรายวิชานี้มากน้อยเพียงใด | J1: 7. ผู้เรียนได้ฝึกทักษะการสื่อสาร การนำเสนอ และการใช้งานเทคโนโลยีสารสนเทศจากการเรียนรายวิชานี้มากน้อยเพียงใด | K1: ข้อเสนอแนะอื่นๆ
A2: 46191.197 | B2: bnco0940@signalschool.ac.th | C2: ร.อ.สุพจน์ มงคล | D2: ลักษณะทางทหาร "ดีมาก" มีความเชื่อมั่นในตนเองเป็นแบบอย่างที่ดีแก่ผู้เรียนได้ | E2: เสียงดังฟังชัดและจังหวะการพูดไม่ช้า/เร็วเกินไป | F2: มีประมวลรายวิชาและแนะนำเนื้อหาวิชา | G2: มีการจัดเตรียมสื่อการเรียนการสอนและรวบรวมแหล่งอ้างอิงไว้อย่างเหมาะสม | H2: มีการจัดการเรียนการสอนเป็นไปตามประมวลรายวิชาครบถ้วนและการนำเข้าสู่บทเรียนให้ข้อมูลที่เป็นประโยชน์แก่ผู้เรียนครบถ้วน | I2: มีการส่งเสริมให้ผู้เรียนได้ฝึกทักษะการคิดได้อย่างเหมาะสมดีมาก | J2: มีการส่งเสริมให้ผู้เรียนได้ฝึกทักษะการสื่อสารได้อย่างเหมาะสมดีมาก | K2: -
A3: 46195.342 | B3: bnco0980@signalschool.ac.th | C3: ร.อ. สุพจน์ มงคล | D3: ลักษณะทางทหาร "ดีมาก" มีความเชื่อมั่นในตนเองเป็นแบบอย่างที่ดีแก่ผู้เรียนได้ | E3: เสียงดังฟังชัดและจังหวะการพูดไม่ช้า/เร็วเกินไป | F3: มีประมวลรายวิชาและแนะนำเนื้อหาวิชา | G3: มีการจัดเตรียมสื่อการเรียนการสอนและรวบรวมแหล่งอ้างอิงไว้อย่างเหมาะสม | H3: มีการจัดการเรียนการสอนเป็นไปตามประมวลรายวิชาบางส่วน "หรือ" การนำเข้าสู่บทเรียนให้ข้อมูลที่เป็นประโยชน์แก่ผู้เรียน (อย่างใดอย่างหนึ่ง) | I3: มีการส่งเสริมให้ผู้เรียนได้ฝึกทักษะการคิดได้อย่างเหมาะสมดีมาก | J3: มีการส่งเสริมให้ผู้เรียนได้ฝึกทักษะการสื่อสารได้อย่างเหมาะสมดีมาก
A4: 46203.704 | B4: bnco0910@signalschool.ac.th | C4: พ.ท.หญิงลัดดาวัลย์ / พ.ท.วิญญขนม์ | D4: ลักษณะทางทหาร "ดีมาก" มีความเชื่อมั่นในตนเองเป็นแบบอย่างที่ดีแก่ผู้เรียนได้ | E4: เสียงดังฟังชัดและจังหวะการพูดไม่ช้า/เร็วเกินไป | F4: มีประมวลรายวิชาและแนะนำเนื้อหาวิชา | G4: มีการจัดเตรียมสื่อการเรียนการสอนและรวบรวมแหล่งอ้างอิงไว้อย่างเหมาะสม | H4: มีการจัดการเรียนการสอนเป็นไปตามประมวลรายวิชาครบถ้วนและการนำเข้าสู่บทเรียนให้ข้อมูลที่เป็นประโยชน์แก่ผู้เรียนครบถ้วน | I4: มีการส่งเสริมให้ผู้เรียนได้ฝึกทักษะการคิดได้อย่างเหมาะสมดีมาก | J4: มีการส่งเสริมให้ผู้เรียนได้ฝึกทักษะการสื่อสารได้อย่างเหมาะสมดีมาก
A5: 46204.344 | B5: bnco0950@signalschool.ac.th | C5: ร.อ.สุพจน์ มงคล | D5: ลักษณะทางทหาร "ดีมาก" มีความเชื่อมั่นในตนเองเป็นแบบอย่างที่ดีแก่ผู้เรียนได้ | E5: เสียงดังฟังชัดและจังหวะการพูดไม่ช้า/เร็วเกินไป | F5: มีประมวลรายวิชาและแนะนำเนื้อหาวิชา | G5: มีการจัดเตรียมสื่อการเรียนการสอนและรวบรวมแหล่งอ้างอิงไว้อย่างเหมาะสม | H5: มีการจัดการเรียนการสอนเป็นไปตามประมวลรายวิชาครบถ้วนและการนำเข้าสู่บทเรียนให้ข้อมูลที่เป็นประโยชน์แก่ผู้เรียนครบถ้วน | I5: มีการส่งเสริมให้ผู้เรียนได้ฝึกทักษะการคิดได้อย่างเหมาะสมดีมาก | J5: มีการส่งเสริมให้ผู้เรียนได้ฝึกทักษะการสื่อสารได้อย่างเหมาะสมดีมาก | K5: ไม่มีครับ
A6: 46204.467 | B6: bnco0951@signalschool.ac.th | C6: ร.อ.สุพจน์ มงคล | D6: ลักษณะทางทหาร "ดีมาก" มีความเชื่อมั่นในตนเองเป็นแบบอย่างที่ดีแก่ผู้เรียนได้ | E6: เสียงดังฟังชัดและจังหวะการพูดไม่ช้า/เร็วเกินไป | F6: มีประมวลรายวิชาและแนะนำเนื้อหาวิชา | G6: มีการจัดเตรียมสื่อการเรียนการสอนและรวบรวมแหล่งอ้างอิงไว้อย่างเหมาะสม | H6: มีการจัดการเรียนการสอนเป็นไปตามประมวลรายวิชาครบถ้วนและการนำเข้าสู่บทเรียนให้ข้อมูลที่เป็นประโยชน์แก่ผู้เรียนครบถ้วน | I6: มีการส่งเสริมให้ผู้เรียนได้ฝึกทักษะการคิดได้อย่างเหมาะสมดีมาก | J6: มีการส่งเสริมให้ผู้เรียนได้ฝึกทักษะการสื่อสารได้อย่างเหมาะสมดีมาก
A7: 46206.596 | B7: bnco0920@signalschool.ac.th | C7: พ.ท.หญิงลัดดาวัลย์ / พ.ท.วิญญูชนม์ | D7: ลักษณะทางทหาร "ดีมาก" มีความเชื่อมั่นในตนเองเป็นแบบอย่างที่ดีแก่ผู้เรียนได้ | E7: เสียงดังฟังชัดและจังหวะการพูดไม่ช้า/เร็วเกินไป | F7: มีประมวลรายวิชาและแนะนำเนื้อหาวิชา | G7: มีการจัดเตรียมสื่อการเรียนการสอนและรวบรวมแหล่งอ้างอิงไว้อย่างเหมาะสม | H7: มีการจัดการเรียนการสอนเป็นไปตามประมวลรายวิชาครบถ้วนและการนำเข้าสู่บทเรียนให้ข้อมูลที่เป็นประโยชน์แก่ผู้เรียนครบถ้วน | I7: มีการส่งเสริมให้ผู้เรียนได้ฝึกทักษะการคิดได้อย่างเหมาะสมดีมาก | J7: มีการส่งเสริมให้ผู้เรียนได้ฝึกทักษะการสื่อสารได้อย่างเหมาะสมดีมาก | K7: สอนดีมากครับ
A8: 46212.581 | B8: bnco0906@signalschool.ac.th | C8: ร.อ.สุพจน์ มงคล | D8: ลักษณะทางทหาร "มีความเหมาะสม" มีความเชื่อมั่นในตนเองปานกลาง | E8: เสียงเบา "แต่" จังหวะการพูดไม่ช้า/เร็วเกินไป | F8: มีประมวลรายวิชา "แต่ไม่มีการ" แนะนำเนื้อหาวิชา | G8: มีการจัดเตรียมสื่อการเรียนการสอน "แต่ไม่ปรากฏ" แหล่งอ้างอิง | H8: มีการจัดการเรียนการสอนเป็นไปตามประมวลรายวิชาบางส่วน "หรือ" การนำเข้าสู่บทเรียนให้ข้อมูลที่เป็นประโยชน์แก่ผู้เรียน (อย่างใดอย่างหนึ่ง) | I8: มีการส่งเสริมให้ผู้เรียนได้ฝึกทักษะการคิดได้อย่างเหมาะสม | J8: มีการส่งเสริมให้ผู้เรียนได้ฝึกทักษะการสื่อสารได้อย่างเหมาะสม
A9: 46212.614 | B9: bnco0955@signalschool.ac.th | C9: อาจารย์ประจำวิชาการส่งกำลังและซ่อมบำรุงสายสื่อสาร | D9: ลักษณะทางทหาร "ดีมาก" มีความเชื่อมั่นในตนเองเป็นแบบอย่างที่ดีแก่ผู้เรียนได้ | E9: เสียงดังฟังชัดและจังหวะการพูดไม่ช้า/เร็วเกินไป | F9: มีประมวลรายวิชาและแนะนำเนื้อหาวิชา | G9: มีการจัดเตรียมสื่อการเรียนการสอนและรวบรวมแหล่งอ้างอิงไว้อย่างเหมาะสม | H9: มีการจัดการเรียนการสอนเป็นไปตามประมวลรายวิชาครบถ้วนและการนำเข้าสู่บทเรียนให้ข้อมูลที่เป็นประโยชน์แก่ผู้เรียนครบถ้วน | I9: มีการส่งเสริมให้ผู้เรียนได้ฝึกทักษะการคิดได้อย่างเหมาะสมดีมาก | J9: มีการส่งเสริมให้ผู้เรียนได้ฝึกทักษะการสื่อสารได้อย่างเหมาะสมดีมาก
A10: 46212.616 | B10: bnco0936@signalschool.ac.th | C10: ร.อ.สุพจน์ มงคล | D10: ลักษณะทางทหาร "ดีมาก" มีความเชื่อมั่นในตนเองเป็นแบบอย่างที่ดีแก่ผู้เรียนได้ | E10: เสียงดังฟังชัดและจังหวะการพูดไม่ช้า/เร็วเกินไป | F10: มีประมวลรายวิชาและแนะนำเนื้อหาวิชา | G10: มีการจัดเตรียมสื่อการเรียนการสอนและรวบรวมแหล่งอ้างอิงไว้อย่างเหมาะสม | H10: มีการจัดการเรียนการสอนเป็นไปตามประมวลรายวิชาครบถ้วนและการนำเข้าสู่บทเรียนให้ข้อมูลที่เป็นประโยชน์แก่ผู้เรียนครบถ้วน | I10: มีการส่งเสริมให้ผู้เรียนได้ฝึกทักษะการคิดได้อย่างเหมาะสมดีมาก | J10: มีการส่งเสริมให้ผู้เรียนได้ฝึกทักษะการสื่อสารได้อย่างเหมาะสมดีมาก
A11: 46212.617 | B11: bnco0919@signalschool.ac.th | C11: ร.อ.สุพจน์ มงคล | D11: ลักษณะทางทหาร "ดีมาก" มีความเชื่อมั่นในตนเองเป็นแบบอย่างที่ดีแก่ผู้เรียนได้ | E11: เสียงดังฟังชัดและจังหวะการพูดไม่ช้า/เร็วเกินไป | F11: มีประมวลรายวิชาและแนะนำเนื้อหาวิชา | G11: มีการจัดเตรียมสื่อการเรียนการสอนและรวบรวมแหล่งอ้างอิงไว้อย่างเหมาะสม | H11: มีการจัดการเรียนการสอนเป็นไปตามประมวลรายวิชาครบถ้วนและการนำเข้าสู่บทเรียนให้ข้อมูลที่เป็นประโยชน์แก่ผู้เรียนครบถ้วน | I11: มีการส่งเสริมให้ผู้เรียนได้ฝึกทักษะการคิดได้อย่างเหมาะสมดีมาก | J11: มีการส่งเสริมให้ผู้เรียนได้ฝึกทักษะการสื่อสารได้อย่างเหมาะสมดีมาก
A12: 46212.618 | B12: bnco0958@signalschool.ac.th | C12: ร.อ.สุพจน์ มงคล | D12: ลักษณะทางทหาร "ดีมาก" มีความเชื่อมั่นในตนเองเป็นแบบอย่างที่ดีแก่ผู้เรียนได้ | E12: เสียงดังฟังชัดและจังหวะการพูดไม่ช้า/เร็วเกินไป | F12: มีประมวลรายวิชาและแนะนำเนื้อหาวิชา | G12: มีการจัดเตรียมสื่อการเรียนการสอนและรวบรวมแหล่งอ้างอิงไว้อย่างเหมาะสม | H12: มีการจัดการเรียนการสอนเป็นไปตามประมวลรายวิชาครบถ้วนและการนำเข้าสู่บทเรียนให้ข้อมูลที่เป็นประโยชน์แก่ผู้เรียนครบถ้วน | I12: มีการส่งเสริมให้ผู้เรียนได้ฝึกทักษะการคิดได้อย่างเหมาะสมดีมาก | J12: มีการส่งเสริมให้ผู้เรียนได้ฝึกทักษะการสื่อสารได้อย่างเหมาะสมดีมาก
A13: 46212.618 | B13: bnco0974@signalschool.ac.th | C13: ร.อ.สุพจน์ มงคล | D13: ลักษณะทางทหาร "ดีมาก" มีความเชื่อมั่นในตนเองเป็นแบบอย่างที่ดีแก่ผู้เรียนได้ | E13: เสียงเบา "แต่" จังหวะการพูดไม่ช้า/เร็วเกินไป | F13: มีประมวลรายวิชาและแนะนำเนื้อหาวิชา | G13: มีการจัดเตรียมสื่อการเรียนการสอนและรวบรวมแหล่งอ้างอิงไว้อย่างเหมาะสม | H13: มีการจัดการเรียนการสอนเป็นไปตามประมวลรายวิชาครบถ้วนและการนำเข้าสู่บทเรียนให้ข้อมูลที่เป็นประโยชน์แก่ผู้เรียนครบถ้วน | I13: มีการส่งเสริมให้ผู้เรียนได้ฝึกทักษะการคิดได้อย่างเหมาะสมดีมาก | J13: มีการส่งเสริมให้ผู้เรียนได้ฝึกทักษะการสื่อสารได้อย่างเหมาะสมดีมาก
A14: 46212.618 | B14: bnco0932@signalschool.ac.th | C14: ร.อ.สุพจน์ มงคล | D14: ลักษณะทางทหาร "ดีมาก" มีความเชื่อมั่นในตนเองเป็นแบบอย่างที่ดีแก่ผู้เรียนได้ | E14: เสียงดังฟังชัดและจังหวะการพูดไม่ช้า/เร็วเกินไป | F14: มีประมวลรายวิชาและแนะนำเนื้อหาวิชา | G14: มีการจัดเตรียมสื่อการเรียนการสอนและรวบรวมแหล่งอ้างอิงไว้อย่างเหมาะสม | H14: มีการจัดการเรียนการสอนเป็นไปตามประมวลรายวิชาครบถ้วนและการนำเข้าสู่บทเรียนให้ข้อมูลที่เป็นประโยชน์แก่ผู้เรียนครบถ้วน | I14: มีการส่งเสริมให้ผู้เรียนได้ฝึกทักษะการคิดได้อย่างเหมาะสมดีมาก | J14: มีการส่งเสริมให้ผู้เรียนได้ฝึกทักษะการสื่อสารได้อย่างเหมาะสมดีมาก
A15: 46212.618 | B15: bnco0962@signalschool.ac.th | C15: ร.อ.สุพจน์ มงคล | D15: ลักษณะทางทหาร "ดีมาก" มีความเชื่อมั่นในตนเองเป็นแบบอย่างที่ดีแก่ผู้เรียนได้ | E15: เสียงดังฟังชัดและจังหวะการพูดไม่ช้า/เร็วเกินไป | F15: มีประมวลรายวิชาและแนะนำเนื้อหาวิชา | G15: มีการจัดเตรียมสื่อการเรียนการสอนและรวบรวมแหล่งอ้างอิงไว้อย่างเหมาะสม | H15: มีการจัดการเรียนการสอนเป็นไปตามประมวลรายวิชาครบถ้วนและการนำเข้าสู่บทเรียนให้ข้อมูลที่เป็นประโยชน์แก่ผู้เรียนครบถ้วน | I15: มีการส่งเสริมให้ผู้เรียนได้ฝึกทักษะการคิดได้อย่างเหมาะสมดีมาก | J15: มีการส่งเสริมให้ผู้เรียนได้ฝึกทักษะการสื่อสารได้อย่างเหมาะสมดีมาก
A16: 46212.619 | B16: bnco0924@signalschool.ac.th | C16: ร.อ.สุพจน์ มงคล | D16: ลักษณะทางทหาร "ดีมาก" มีความเชื่อมั่นในตนเองเป็นแบบอย่างที่ดีแก่ผู้เรียนได้ | E16: เสียงดังฟังชัดและจังหวะการพูดไม่ช้า/เร็วเกินไป | F16: มีประมวลรายวิชาและแนะนำเนื้อหาวิชา | G16: มีการจัดเตรียมสื่อการเรียนการสอนและรวบรวมแหล่งอ้างอิงไว้อย่างเหมาะสม | H16: มีการจัดการเรียนการสอนเป็นไปตามประมวลรายวิชาครบถ้วนและการนำเข้าสู่บทเรียนให้ข้อมูลที่เป็นประโยชน์แก่ผู้เรียนครบถ้วน | I16: มีการส่งเสริมให้ผู้เรียนได้ฝึกทักษะการคิดได้อย่างเหมาะสมดีมาก | J16: มีการส่งเสริมให้ผู้เรียนได้ฝึกทักษะการสื่อสารได้อย่างเหมาะสมดีมาก
A17: 46212.619 | B17: bnco0938@signalschool.ac.th | C17: ร.อ.สุพจน์ มงคล | D17: ลักษณะทางทหาร "ดีมาก" มีความเชื่อมั่นในตนเองเป็นแบบอย่างที่ดีแก่ผู้เรียนได้ | E17: เสียงดังฟังชัดและจังหวะการพูดไม่ช้า/เร็วเกินไป | F17: มีประมวลรายวิชาและแนะนำเนื้อหาวิชา | G17: มีการจัดเตรียมสื่อการเรียนการสอนและรวบรวมแหล่งอ้างอิงไว้อย่างเหมาะสม | H17: มีการจัดการเรียนการสอนเป็นไปตามประมวลรายวิชาครบถ้วนและการนำเข้าสู่บทเรียนให้ข้อมูลที่เป็นประโยชน์แก่ผู้เรียนครบถ้วน | I17: มีการส่งเสริมให้ผู้เรียนได้ฝึกทักษะการคิดได้อย่างเหมาะสมดีมาก | J17: มีการส่งเสริมให้ผู้เรียนได้ฝึกทักษะการสื่อสารได้อย่างเหมาะสม
A18: 46212.619 | B18: bnco0918@signalschool.ac.th | C18: ร.อ.สุพจน์ มงคล | D18: ลักษณะทางทหาร "ดีมาก" มีความเชื่อมั่นในตนเองเป็นแบบอย่างที่ดีแก่ผู้เรียนได้ | E18: เสียงดังฟังชัดและจังหวะการพูดไม่ช้า/เร็วเกินไป | F18: มีประมวลรายวิชาและแนะนำเนื้อหาวิชา | G18: มีการจัดเตรียมสื่อการเรียนการสอนและรวบรวมแหล่งอ้างอิงไว้อย่างเหมาะสม | H18: มีการจัดการเรียนการสอนเป็นไปตามประมวลรายวิชาครบถ้วนและการนำเข้าสู่บทเรียนให้ข้อมูลที่เป็นประโยชน์แก่ผู้เรียนครบถ้วน | I18: มีการส่งเสริมให้ผู้เรียนได้ฝึกทักษะการคิดได้อย่างเหมาะสมดีมาก | J18: มีการส่งเสริมให้ผู้เรียนได้ฝึกทักษะการสื่อสารได้อย่างเหมาะสมดีมาก
A19: 46212.619 | B19: bnco0923@signalschool.ac.th | C19: ร.อ.สุพจน์ มงคล | D19: ลักษณะทางทหาร "ดีมาก" มีความเชื่อมั่นในตนเองเป็นแบบอย่างที่ดีแก่ผู้เรียนได้ | E19: เสียงดังฟังชัดและจังหวะการพูดไม่ช้า/เร็วเกินไป | F19: มีประมวลรายวิชาและแนะนำเนื้อหาวิชา | G19: มีการจัดเตรียมสื่อการเรียนการสอนและรวบรวมแหล่งอ้างอิงไว้อย่างเหมาะสม | H19: มีการจัดการเรียนการสอนเป็นไปตามประมวลรายวิชาครบถ้วนและการนำเข้าสู่บทเรียนให้ข้อมูลที่เป็นประโยชน์แก่ผู้เรียนครบถ้วน | I19: มีการส่งเสริมให้ผู้เรียนได้ฝึกทักษะการคิดได้อย่างเหมาะสมดีมาก | J19: มีการส่งเสริมให้ผู้เรียนได้ฝึกทักษะการสื่อสารได้อย่างเหมาะสมดีมาก
... A23: 46212.619 | B23: bnco0928@signalschool.ac.th | C23: ร.อ.สุพจน์ มงคล | D23: ลักษณะทางทหาร "ดีมาก" มีความเชื่อมั่นในตนเองเป็นแบบอย่างที่ดีแก่ผู้เรียนได้ | E23: เสียงดังฟังชัดและจังหวะการพูดไม่ช้า/เร็วเกินไป | F23: มีประมวลรายวิชาและแนะนำเนื้อหาวิชา | G23: มีการจัดเตรียมสื่อการเรียนการสอนและรวบรวมแหล่งอ้างอิงไว้อย่างเหมาะสม | H23: มีการจัดการเรียนการสอนเป็นไปตามประมวลรายวิชาครบถ้วนและการนำเข้าสู่บทเรียนให้ข้อมูลที่เป็นประโยชน์แก่ผู้เรียนครบถ้วน | I23: มีการส่งเสริมให้ผู้เรียนได้ฝึกทักษะการคิดได้อย่างเหมาะสมดีมาก | J23: มีการส่งเสริมให้ผู้เรียนได้ฝึกทักษะการสื่อสารได้อย่างเหมาะสมดีมาก
A24: 46212.619 | B24: bnco0970@signalschool.ac.th | C24: ร.อ.สุพจน์ มงคล | D24: ลักษณะทางทหาร "ดีมาก" มีความเชื่อมั่นในตนเองเป็นแบบอย่างที่ดีแก่ผู้เรียนได้ | E24: เสียงดังฟังชัดและจังหวะการพูดไม่ช้า/เร็วเกินไป | F24: มีประมวลรายวิชาและแนะนำเนื้อหาวิชา | G24: มีการจัดเตรียมสื่อการเรียนการสอนและรวบรวมแหล่งอ้างอิงไว้อย่างเหมาะสม | H24: มีการจัดการเรียนการสอนเป็นไปตามประมวลรายวิชาครบถ้วนและการนำเข้าสู่บทเรียนให้ข้อมูลที่เป็นประโยชน์แก่ผู้เรียนครบถ้วน | I24: มีการส่งเสริมให้ผู้เรียนได้ฝึกทักษะการคิดได้อย่างเหมาะสมดีมาก | J24: มีการส่งเสริมให้ผู้เรียนได้ฝึกทักษะการสื่อสารได้อย่างเหมาะสมดีมาก | K24: ไม่มีครับ
A25: 46212.619 | B25: bnco0978@signalschool.ac.th | C25: ร.อ.สุพจน์ มงคล | D25: ลักษณะทางทหาร "ดีมาก" มีความเชื่อมั่นในตนเองเป็นแบบอย่างที่ดีแก่ผู้เรียนได้ | E25: เสียงดังฟังชัดและจังหวะการพูดไม่ช้า/เร็วเกินไป | F25: มีประมวลรายวิชาและแนะนำเนื้อหาวิชา | G25: มีการจัดเตรียมสื่อการเรียนการสอนและรวบรวมแหล่งอ้างอิงไว้อย่างเหมาะสม | H25: มีการจัดการเรียนการสอนเป็นไปตามประมวลรายวิชาครบถ้วนและการนำเข้าสู่บทเรียนให้ข้อมูลที่เป็นประโยชน์แก่ผู้เรียนครบถ้วน | I25: มีการส่งเสริมให้ผู้เรียนได้ฝึกทักษะการคิดได้อย่างเหมาะสมดีมาก | J25: มีการส่งเสริมให้ผู้เรียนได้ฝึกทักษะการสื่อสารได้อย่างเหมาะสมดีมาก
A26: 46212.619 | B26: bnco0968@signalschool.ac.th | C26: ร.อ.สุพจน์ มงคล | D26: ลักษณะทางทหาร "ดีมาก" มีความเชื่อมั่นในตนเองเป็นแบบอย่างที่ดีแก่ผู้เรียนได้ | E26: เสียงดังฟังชัดและจังหวะการพูดไม่ช้า/เร็วเกินไป | F26: มีประมวลรายวิชาและแนะนำเนื้อหาวิชา | G26: มีการจัดเตรียมสื่อการเรียนการสอนและรวบรวมแหล่งอ้างอิงไว้อย่างเหมาะสม | H26: มีการจัดการเรียนการสอนเป็นไปตามประมวลรายวิชาครบถ้วนและการนำเข้าสู่บทเรียนให้ข้อมูลที่เป็นประโยชน์แก่ผู้เรียนครบถ้วน | I26: มีการส่งเสริมให้ผู้เรียนได้ฝึกทักษะการคิดได้อย่างเหมาะสมดีมาก | J26: มีการส่งเสริมให้ผู้เรียนได้ฝึกทักษะการสื่อสารได้อย่างเหมาะสมดีมาก | K26: ไม่มี
A27: 46212.619 | B27: bnco0913@signalschool.ac.th | C27: ร.อ.สุพจน์ มงคล | D27: ลักษณะทางทหาร "ดีมาก" มีความเชื่อมั่นในตนเองเป็นแบบอย่างที่ดีแก่ผู้เรียนได้ | E27: เสียงดังฟังชัดและจังหวะการพูดไม่ช้า/เร็วเกินไป | F27: มีประมวลรายวิชาและแนะนำเนื้อหาวิชา | G27: มีการจัดเตรียมสื่อการเรียนการสอนและรวบรวมแหล่งอ้างอิงไว้อย่างเหมาะสม | H27: มีการจัดการเรียนการสอนเป็นไปตามประมวลรายวิชาครบถ้วนและการนำเข้าสู่บทเรียนให้ข้อมูลที่เป็นประโยชน์แก่ผู้เรียนครบถ้วน | I27: มีการส่งเสริมให้ผู้เรียนได้ฝึกทักษะการคิดได้อย่างเหมาะสมดีมาก | J27: มีการส่งเสริมให้ผู้เรียนได้ฝึกทักษะการสื่อสารได้อย่างเหมาะสมดีมาก
A28: 46212.619 | B28: bnco0934@signalschool.ac.th | C28: ร.อ.สุพจน์ มงคล | D28: ลักษณะทางทหาร "ดีมาก" มีความเชื่อมั่นในตนเองเป็นแบบอย่างที่ดีแก่ผู้เรียนได้ | E28: เสียงดังฟังชัดและจังหวะการพูดไม่ช้า/เร็วเกินไป | F28: มีประมวลรายวิชาและแนะนำเนื้อหาวิชา | G28: มีการจัดเตรียมสื่อการเรียนการสอนและรวบรวมแหล่งอ้างอิงไว้อย่างเหมาะสม | H28: มีการจัดการเรียนการสอนเป็นไปตามประมวลรายวิชาครบถ้วนและการนำเข้าสู่บทเรียนให้ข้อมูลที่เป็นประโยชน์แก่ผู้เรียนครบถ้วน | I28: มีการส่งเสริมให้ผู้เรียนได้ฝึกทักษะการคิดได้อย่างเหมาะสมดีมาก | J28: มีการส่งเสริมให้ผู้เรียนได้ฝึกทักษะการสื่อสารได้อย่างเหมาะสมดีมาก
A29: 46212.619 | B29: bnco0909@signalschool.ac.th | C29: ร.ท.ศุภรัช หมอกสุข | D29: ลักษณะทางทหาร "ดีมาก" มีความเชื่อมั่นในตนเองเป็นแบบอย่างที่ดีแก่ผู้เรียนได้ | E29: เสียงดังฟังชัดและจังหวะการพูดไม่ช้า/เร็วเกินไป | F29: มีประมวลรายวิชาและแนะนำเนื้อหาวิชา | G29: มีการจัดเตรียมสื่อการเรียนการสอนและรวบรวมแหล่งอ้างอิงไว้อย่างเหมาะสม | H29: มีการจัดการเรียนการสอนเป็นไปตามประมวลรายวิชาครบถ้วนและการนำเข้าสู่บทเรียนให้ข้อมูลที่เป็นประโยชน์แก่ผู้เรียนครบถ้วน | I29: มีการส่งเสริมให้ผู้เรียนได้ฝึกทักษะการคิดได้อย่างเหมาะสมดีมาก | J29: มีการส่งเสริมให้ผู้เรียนได้ฝึกทักษะการสื่อสารได้อย่างเหมาะสมดีมาก
A30: 46212.62 | B30: bnco0925@signalschool.ac.th | C30: ร.อ. สุพจน์ มงคล | D30: ลักษณะทางทหาร "ดีมาก" มีความเชื่อมั่นในตนเองเป็นแบบอย่างที่ดีแก่ผู้เรียนได้ | E30: เสียงดังฟังชัดและจังหวะการพูดไม่ช้า/เร็วเกินไป | F30: มีประมวลรายวิชาและแนะนำเนื้อหาวิชา | G30: มีการจัดเตรียมสื่อการเรียนการสอนและรวบรวมแหล่งอ้างอิงไว้อย่างเหมาะสม | H30: มีการจัดการเรียนการสอนเป็นไปตามประมวลรายวิชาครบถ้วนและการนำเข้าสู่บทเรียนให้ข้อมูลที่เป็นประโยชน์แก่ผู้เรียนครบถ้วน | I30: มีการส่งเสริมให้ผู้เรียนได้ฝึกทักษะการคิดได้อย่างเหมาะสมดีมาก | J30: มีการส่งเสริมให้ผู้เรียนได้ฝึกทักษะการสื่อสารได้อย่างเหมาะสมดีมาก
A31: 46212.62 | B31: bnco0935@signalschool.ac.th | C31: ร.อ.สุพจน์ มงคล | D31: ลักษณะทางทหาร "ดีมาก" มีความเชื่อมั่นในตนเองเป็นแบบอย่างที่ดีแก่ผู้เรียนได้ | E31: เสียงดังฟังชัดและจังหวะการพูดไม่ช้า/เร็วเกินไป | F31: มีประมวลรายวิชาและแนะนำเนื้อหาวิชา | G31: มีการจัดเตรียมสื่อการเรียนการสอนและรวบรวมแหล่งอ้างอิงไว้อย่างเหมาะสม | H31: มีการจัดการเรียนการสอนเป็นไปตามประมวลรายวิชาครบถ้วนและการนำเข้าสู่บทเรียนให้ข้อมูลที่เป็นประโยชน์แก่ผู้เรียนครบถ้วน | I31: มีการส่งเสริมให้ผู้เรียนได้ฝึกทักษะการคิดได้อย่างเหมาะสมดีมาก | J31: มีการส่งเสริมให้ผู้เรียนได้ฝึกทักษะการสื่อสารได้อย่างเหมาะสมดีมาก
A32: 46212.62 | B32: bnco0921@signalschool.ac.th | C32: ร.อ.สุพจน์ มงคล | D32: ลักษณะทางทหาร "ดีมาก" มีความเชื่อมั่นในตนเองเป็นแบบอย่างที่ดีแก่ผู้เรียนได้ | E32: เสียงดังฟังชัดและจังหวะการพูดไม่ช้า/เร็วเกินไป | F32: มีประมวลรายวิชาและแนะนำเนื้อหาวิชา | G32: มีการจัดเตรียมสื่อการเรียนการสอนและรวบรวมแหล่งอ้างอิงไว้อย่างเหมาะสม | H32: มีการจัดการเรียนการสอนเป็นไปตามประมวลรายวิชาครบถ้วนและการนำเข้าสู่บทเรียนให้ข้อมูลที่เป็นประโยชน์แก่ผู้เรียนครบถ้วน | I32: มีการส่งเสริมให้ผู้เรียนได้ฝึกทักษะการคิดได้อย่างเหมาะสมดีมาก | J32: มีการส่งเสริมให้ผู้เรียนได้ฝึกทักษะการสื่อสารได้อย่างเหมาะสมดีมาก
A33: 46212.62 | B33: bnco0930@signalschool.ac.th | C33: ร.อ.สุพจน์ มงคล | D33: ลักษณะทางทหาร "ดีมาก" มีความเชื่อมั่นในตนเองเป็นแบบอย่างที่ดีแก่ผู้เรียนได้ | E33: เสียงดังฟังชัดและจังหวะการพูดไม่ช้า/เร็วเกินไป | F33: มีประมวลรายวิชาและแนะนำเนื้อหาวิชา | G33: มีการจัดเตรียมสื่อการเรียนการสอนและรวบรวมแหล่งอ้างอิงไว้อย่างเหมาะสม | H33: มีการจัดการเรียนการสอนเป็นไปตามประมวลรายวิชาครบถ้วนและการนำเข้าสู่บทเรียนให้ข้อมูลที่เป็นประโยชน์แก่ผู้เรียนครบถ้วน | I33: มีการส่งเสริมให้ผู้เรียนได้ฝึกทักษะการคิดได้อย่างเหมาะสมดีมาก | J33: มีการส่งเสริมให้ผู้เรียนได้ฝึกทักษะการสื่อสารได้อย่างเหมาะสมดีมาก
A34: 46212.62 | B34: bnco0922@signalschool.ac.th | C34: ร.อ.สุพจน์ มงคล | D34: ลักษณะทางทหาร "ดีมาก" มีความเชื่อมั่นในตนเองเป็นแบบอย่างที่ดีแก่ผู้เรียนได้ | E34: เสียงดังฟังชัดและจังหวะการพูดไม่ช้า/เร็วเกินไป | F34: มีประมวลรายวิชาและแนะนำเนื้อหาวิชา | G34: มีการจัดเตรียมสื่อการเรียนการสอนและรวบรวมแหล่งอ้างอิงไว้อย่างเหมาะสม | H34: มีการจัดการเรียนการสอนเป็นไปตามประมวลรายวิชาครบถ้วนและการนำเข้าสู่บทเรียนให้ข้อมูลที่เป็นประโยชน์แก่ผู้เรียนครบถ้วน | I34: มีการส่งเสริมให้ผู้เรียนได้ฝึกทักษะการคิดได้อย่างเหมาะสมดีมาก | J34: มีการส่งเสริมให้ผู้เรียนได้ฝึกทักษะการสื่อสารได้อย่างเหมาะสมดีมาก | K34: -
A35: 46212.62 | B35: bnco0937@signalschool.ac.th | C35: ร.อ.สุพจน์ มงคล | D35: ลักษณะทางทหาร "ดีมาก" มีความเชื่อมั่นในตนเองเป็นแบบอย่างที่ดีแก่ผู้เรียนได้ | E35: เสียงดังฟังชัดและจังหวะการพูดไม่ช้า/เร็วเกินไป | F35: มีประมวลรายวิชาและแนะนำเนื้อหาวิชา | G35: มีการจัดเตรียมสื่อการเรียนการสอนและรวบรวมแหล่งอ้างอิงไว้อย่างเหมาะสม | H35: มีการจัดการเรียนการสอนเป็นไปตามประมวลรายวิชาครบถ้วนและการนำเข้าสู่บทเรียนให้ข้อมูลที่เป็นประโยชน์แก่ผู้เรียนครบถ้วน | I35: มีการส่งเสริมให้ผู้เรียนได้ฝึกทักษะการคิดได้อย่างเหมาะสมดีมาก | J35: มีการส่งเสริมให้ผู้เรียนได้ฝึกทักษะการสื่อสารได้อย่างเหมาะสมดีมาก
A36: 46212.62 | B36: bnco0971@signalschool.ac.th | C36: ร.อ.สุพจน์ มงคล | D36: ลักษณะทางทหาร "ดีมาก" มีความเชื่อมั่นในตนเองเป็นแบบอย่างที่ดีแก่ผู้เรียนได้ | E36: เสียงดังฟังชัดและจังหวะการพูดไม่ช้า/เร็วเกินไป | F36: มีประมวลรายวิชาและแนะนำเนื้อหาวิชา | G36: มีการจัดเตรียมสื่อการเรียนการสอนและรวบรวมแหล่งอ้างอิงไว้อย่างเหมาะสม | H36: มีการจัดการเรียนการสอนเป็นไปตามประมวลรายวิชาครบถ้วนและการนำเข้าสู่บทเรียนให้ข้อมูลที่เป็นประโยชน์แก่ผู้เรียนครบถ้วน | I36: มีการส่งเสริมให้ผู้เรียนได้ฝึกทักษะการคิดได้อย่างเหมาะสมดีมาก | J36: มีการส่งเสริมให้ผู้เรียนได้ฝึกทักษะการสื่อสารได้อย่างเหมาะสมดีมาก
A37: 46212.62 | B37: bnco0965@signalschool.ac.th | C37: ร.อ. สุพจน์ | D37: ลักษณะทางทหาร "ดีมาก" มีความเชื่อมั่นในตนเองเป็นแบบอย่างที่ดีแก่ผู้เรียนได้ | E37: เสียงดังฟังชัดและจังหวะการพูดไม่ช้า/เร็วเกินไป | F37: มีประมวลรายวิชาและแนะนำเนื้อหาวิชา | G37: มีการจัดเตรียมสื่อการเรียนการสอนและรวบรวมแหล่งอ้างอิงไว้อย่างเหมาะสม | H37: มีการจัดการเรียนการสอนเป็นไปตามประมวลรายวิชาครบถ้วนและการนำเข้าสู่บทเรียนให้ข้อมูลที่เป็นประโยชน์แก่ผู้เรียนครบถ้วน | I37: มีการส่งเสริมให้ผู้เรียนได้ฝึกทักษะการคิดได้อย่างเหมาะสมดีมาก | J37: มีการส่งเสริมให้ผู้เรียนได้ฝึกทักษะการสื่อสารได้อย่างเหมาะสมดีมาก
A38: 46212.62 | B38: bnco0944@signalschool.ac.th | C38: ร.อ.สุพจน์ มงคล | D38: ลักษณะทางทหาร "ดีมาก" มีความเชื่อมั่นในตนเองเป็นแบบอย่างที่ดีแก่ผู้เรียนได้ | E38: เสียงดังฟังชัดและจังหวะการพูดไม่ช้า/เร็วเกินไป | F38: มีประมวลรายวิชาและแนะนำเนื้อหาวิชา | G38: มีการจัดเตรียมสื่อการเรียนการสอนและรวบรวมแหล่งอ้างอิงไว้อย่างเหมาะสม | H38: มีการจัดการเรียนการสอนเป็นไปตามประมวลรายวิชาครบถ้วนและการนำเข้าสู่บทเรียนให้ข้อมูลที่เป็นประโยชน์แก่ผู้เรียนครบถ้วน | I38: มีการส่งเสริมให้ผู้เรียนได้ฝึกทักษะการคิดได้อย่างเหมาะสมดีมาก | J38: มีการส่งเสริมให้ผู้เรียนได้ฝึกทักษะการสื่อสารได้อย่างเหมาะสมดีมาก
A39: 46212.62 | B39: bnco0941@signalschool.ac.th | C39: ร.อ.สุพจน์ มงคล | D39: ลักษณะทางทหาร "ดีมาก" มีความเชื่อมั่นในตนเองเป็นแบบอย่างที่ดีแก่ผู้เรียนได้ | E39: เสียงดังฟังชัดและจังหวะการพูดไม่ช้า/เร็วเกินไป | F39: มีประมวลรายวิชาและแนะนำเนื้อหาวิชา | G39: มีการจัดเตรียมสื่อการเรียนการสอนและรวบรวมแหล่งอ้างอิงไว้อย่างเหมาะสม | H39: มีการจัดการเรียนการสอนเป็นไปตามประมวลรายวิชาครบถ้วนและการนำเข้าสู่บทเรียนให้ข้อมูลที่เป็นประโยชน์แก่ผู้เรียนครบถ้วน | I39: มีการส่งเสริมให้ผู้เรียนได้ฝึกทักษะการคิดได้อย่างเหมาะสมดีมาก | J39: มีการส่งเสริมให้ผู้เรียนได้ฝึกทักษะการสื่อสารได้อย่างเหมาะสมดีมาก
A40: 46212.62 | B40: bnco0911@signalschool.ac.th | C40: ร.อ.สุพจน์ มงคล | D40: ลักษณะทางทหาร "ดีมาก" มีความเชื่อมั่นในตนเองเป็นแบบอย่างที่ดีแก่ผู้เรียนได้ | E40: เสียงดังฟังชัดและจังหวะการพูดไม่ช้า/เร็วเกินไป | F40: มีประมวลรายวิชาและแนะนำเนื้อหาวิชา | G40: มีการจัดเตรียมสื่อการเรียนการสอนและรวบรวมแหล่งอ้างอิงไว้อย่างเหมาะสม | H40: มีการจัดการเรียนการสอนเป็นไปตามประมวลรายวิชาครบถ้วนและการนำเข้าสู่บทเรียนให้ข้อมูลที่เป็นประโยชน์แก่ผู้เรียนครบถ้วน | I40: มีการส่งเสริมให้ผู้เรียนได้ฝึกทักษะการคิดได้อย่างเหมาะสมดีมาก | J40: มีการส่งเสริมให้ผู้เรียนได้ฝึกทักษะการสื่อสารได้อย่างเหมาะสมดีมาก
A41: 46212.62 | B41: bnco0916@signalschool.ac.th | C41: ร.อ.สุพจน์ มงคล | D41: ลักษณะทางทหาร "ดีมาก" มีความเชื่อมั่นในตนเองเป็นแบบอย่างที่ดีแก่ผู้เรียนได้ | E41: เสียงดังฟังชัดและจังหวะการพูดไม่ช้า/เร็วเกินไป | F41: มีประมวลรายวิชาและแนะนำเนื้อหาวิชา | G41: มีการจัดเตรียมสื่อการเรียนการสอนและรวบรวมแหล่งอ้างอิงไว้อย่างเหมาะสม | H41: มีการจัดการเรียนการสอนเป็นไปตามประมวลรายวิชาครบถ้วนและการนำเข้าสู่บทเรียนให้ข้อมูลที่เป็นประโยชน์แก่ผู้เรียนครบถ้วน | I41: มีการส่งเสริมให้ผู้เรียนได้ฝึกทักษะการคิดได้อย่างเหมาะสมดีมาก | J41: มีการส่งเสริมให้ผู้เรียนได้ฝึกทักษะการสื่อสารได้อย่างเหมาะสมดีมาก
A42: 46212.62 | B42: bnco0957@signalschool.ac.th | C42: ร.อ.สุพจน์ มงคล | D42: ลักษณะทางทหาร "ดีมาก" มีความเชื่อมั่นในตนเองเป็นแบบอย่างที่ดีแก่ผู้เรียนได้ | E42: เสียงดังฟังชัดและจังหวะการพูดไม่ช้า/เร็วเกินไป | F42: มีประมวลรายวิชาและแนะนำเนื้อหาวิชา | G42: มีการจัดเตรียมสื่อการเรียนการสอนและรวบรวมแหล่งอ้างอิงไว้อย่างเหมาะสม | H42: มีการจัดการเรียนการสอนเป็นไปตามประมวลรายวิชาครบถ้วนและการนำเข้าสู่บทเรียนให้ข้อมูลที่เป็นประโยชน์แก่ผู้เรียนครบถ้วน | I42: มีการส่งเสริมให้ผู้เรียนได้ฝึกทักษะการคิดได้อย่างเหมาะสมดีมาก | J42: มีการส่งเสริมให้ผู้เรียนได้ฝึกทักษะการสื่อสารได้อย่างเหมาะสมดีมาก | K42: -
A43: 46212.62 | B43: bnco0908@signalschool.ac.th | C43: ร.อ.สุพจน์ มงคล | D43: ลักษณะทางทหาร "ดีมาก" มีความเชื่อมั่นในตนเองเป็นแบบอย่างที่ดีแก่ผู้เรียนได้ | E43: เสียงดังฟังชัดและจังหวะการพูดไม่ช้า/เร็วเกินไป | F43: มีประมวลรายวิชาและแนะนำเนื้อหาวิชา | G43: มีการจัดเตรียมสื่อการเรียนการสอนและรวบรวมแหล่งอ้างอิงไว้อย่างเหมาะสม | H43: มีการจัดการเรียนการสอนเป็นไปตามประมวลรายวิชาครบถ้วนและการนำเข้าสู่บทเรียนให้ข้อมูลที่เป็นประโยชน์แก่ผู้เรียนครบถ้วน | I43: มีการส่งเสริมให้ผู้เรียนได้ฝึกทักษะการคิดได้อย่างเหมาะสมดีมาก | J43: มีการส่งเสริมให้ผู้เรียนได้ฝึกทักษะการสื่อสารได้อย่างเหมาะสมดีมาก
A44: 46212.62 | B44: bnco0963@signalschool.ac.th | C44: ร.อ.สุพจน์ มงคล | D44: ลักษณะทางทหาร "ดีมาก" มีความเชื่อมั่นในตนเองเป็นแบบอย่างที่ดีแก่ผู้เรียนได้ | E44: เสียงดังฟังชัดและจังหวะการพูดไม่ช้า/เร็วเกินไป | F44: มีประมวลรายวิชาและแนะนำเนื้อหาวิชา | G44: มีการจัดเตรียมสื่อการเรียนการสอนและรวบรวมแหล่งอ้างอิงไว้อย่างเหมาะสม | H44: มีการจัดการเรียนการสอนเป็นไปตามประมวลรายวิชาครบถ้วนและการนำเข้าสู่บทเรียนให้ข้อมูลที่เป็นประโยชน์แก่ผู้เรียนครบถ้วน | I44: มีการส่งเสริมให้ผู้เรียนได้ฝึกทักษะการคิดได้อย่างเหมาะสมดีมาก | J44: มีการส่งเสริมให้ผู้เรียนได้ฝึกทักษะการสื่อสารได้อย่างเหมาะสมดีมาก
A45: 46212.62 | B45: bnco0952@signalschool.ac.th | C45: ร.อ.สุพจน์ มงคล | D45: ลักษณะทางทหาร "ดีมาก" มีความเชื่อมั่นในตนเองเป็นแบบอย่างที่ดีแก่ผู้เรียนได้ | E45: เสียงดังฟังชัดและจังหวะการพูดไม่ช้า/เร็วเกินไป | F45: มีประมวลรายวิชาและแนะนำเนื้อหาวิชา | G45: มีการจัดเตรียมสื่อการเรียนการสอนและรวบรวมแหล่งอ้างอิงไว้อย่างเหมาะสม | H45: มีการจัดการเรียนการสอนเป็นไปตามประมวลรายวิชาครบถ้วนและการนำเข้าสู่บทเรียนให้ข้อมูลที่เป็นประโยชน์แก่ผู้เรียนครบถ้วน | I45: มีการส่งเสริมให้ผู้เรียนได้ฝึกทักษะการคิดได้อย่างเหมาะสมดีมาก | J45: มีการส่งเสริมให้ผู้เรียนได้ฝึกทักษะการสื่อสารได้อย่างเหมาะสมดีมาก
A46: 46212.62 | B46: bnco0901@signalschool.ac.th | C46: ร.ท.สุพจย์ มงคล | D46: ลักษณะทางทหาร "ดีมาก" มีความเชื่อมั่นในตนเองเป็นแบบอย่างที่ดีแก่ผู้เรียนได้ | E46: เสียงดังฟังชัดและจังหวะการพูดไม่ช้า/เร็วเกินไป | F46: มีประมวลรายวิชาและแนะนำเนื้อหาวิชา | G46: มีการจัดเตรียมสื่อการเรียนการสอนและรวบรวมแหล่งอ้างอิงไว้อย่างเหมาะสม | H46: มีการจัดการเรียนการสอนเป็นไปตามประมวลรายวิชาครบถ้วนและการนำเข้าสู่บทเรียนให้ข้อมูลที่เป็นประโยชน์แก่ผู้เรียนครบถ้วน | I46: มีการส่งเสริมให้ผู้เรียนได้ฝึกทักษะการคิดได้อย่างเหมาะสมดีมาก | J46: มีการส่งเสริมให้ผู้เรียนได้ฝึกทักษะการสื่อสารได้อย่างเหมาะสมดีมาก
A47: 46212.62 | B47: bnco0977@signalschool.ac.th | C47: ร.อ.สุพจน์ มงคล | D47: ลักษณะทางทหาร "ดีมาก" มีความเชื่อมั่นในตนเองเป็นแบบอย่างที่ดีแก่ผู้เรียนได้ | E47: เสียงดังฟังชัดและจังหวะการพูดไม่ช้า/เร็วเกินไป | F47: มีประมวลรายวิชาและแนะนำเนื้อหาวิชา | G47: มีการจัดเตรียมสื่อการเรียนการสอนและรวบรวมแหล่งอ้างอิงไว้อย่างเหมาะสม | H47: มีการจัดการเรียนการสอนเป็นไปตามประมวลรายวิชาครบถ้วนและการนำเข้าสู่บทเรียนให้ข้อมูลที่เป็นประโยชน์แก่ผู้เรียนครบถ้วน | I47: มีการส่งเสริมให้ผู้เรียนได้ฝึกทักษะการคิดได้อย่างเหมาะสมดีมาก | J47: มีการส่งเสริมให้ผู้เรียนได้ฝึกทักษะการสื่อสารได้อย่างเหมาะสมดีมาก
A48: 46212.62 | B48: bnco0914@signalschool.ac.th | C48: ร.อ.สุพจน์ มงคล | D48: ลักษณะทางทหาร "ดีมาก" มีความเชื่อมั่นในตนเองเป็นแบบอย่างที่ดีแก่ผู้เรียนได้ | E48: เสียงดังฟังชัดและจังหวะการพูดไม่ช้า/เร็วเกินไป | F48: มีประมวลรายวิชาและแนะนำเนื้อหาวิชา | G48: มีการจัดเตรียมสื่อการเรียนการสอนและรวบรวมแหล่งอ้างอิงไว้อย่างเหมาะสม | H48: มีการจัดการเรียนการสอนเป็นไปตามประมวลรายวิชาครบถ้วนและการนำเข้าสู่บทเรียนให้ข้อมูลที่เป็นประโยชน์แก่ผู้เรียนครบถ้วน | I48: มีการส่งเสริมให้ผู้เรียนได้ฝึกทักษะการคิดได้อย่างเหมาะสมดีมาก | J48: มีการส่งเสริมให้ผู้เรียนได้ฝึกทักษะการสื่อสารได้อย่างเหมาะสมดีมาก
A49: 46212.62 | B49: bnco0926@signalschool.ac.th | C49: ร.อ.สุพจน์ มงคล | D49: ลักษณะทางทหาร "ดีมาก" มีความเชื่อมั่นในตนเองเป็นแบบอย่างที่ดีแก่ผู้เรียนได้ | E49: เสียงดังฟังชัดและจังหวะการพูดไม่ช้า/เร็วเกินไป | F49: มีประมวลรายวิชาและแนะนำเนื้อหาวิชา | G49: มีการจัดเตรียมสื่อการเรียนการสอนและรวบรวมแหล่งอ้างอิงไว้อย่างเหมาะสม | H49: มีการจัดการเรียนการสอนเป็นไปตามประมวลรายวิชาครบถ้วนและการนำเข้าสู่บทเรียนให้ข้อมูลที่เป็นประโยชน์แก่ผู้เรียนครบถ้วน | I49: มีการส่งเสริมให้ผู้เรียนได้ฝึกทักษะการคิดได้อย่างเหมาะสมดีมาก | J49: มีการส่งเสริมให้ผู้เรียนได้ฝึกทักษะการสื่อสารได้อย่างเหมาะสมดีมาก
A50: 46212.62 | B50: bnco0973@signalschool.ac.th | C50: ร.อ.สุพจน์ มงคล | D50: ลักษณะทางทหาร "ดีมาก" มีความเชื่อมั่นในตนเองเป็นแบบอย่างที่ดีแก่ผู้เรียนได้ | E50: เสียงดังฟังชัดและจังหวะการพูดไม่ช้า/เร็วเกินไป | F50: มีประมวลรายวิชาและแนะนำเนื้อหาวิชา | G50: มีการจัดเตรียมสื่อการเรียนการสอนและรวบรวมแหล่งอ้างอิงไว้อย่างเหมาะสม | H50: มีการจัดการเรียนการสอนเป็นไปตามประมวลรายวิชาครบถ้วนและการนำเข้าสู่บทเรียนให้ข้อมูลที่เป็นประโยชน์แก่ผู้เรียนครบถ้วน | I50: มีการส่งเสริมให้ผู้เรียนได้ฝึกทักษะการคิดได้อย่างเหมาะสมดีมาก | J50: มีการส่งเสริมให้ผู้เรียนได้ฝึกทักษะการสื่อสารได้อย่างเหมาะสมดีมาก
A51: 46212.62 | B51: bnco0949@signalschool.ac.th | C51: ร.อ.สุพจน์ มงคล | D51: ลักษณะทางทหาร "ดีมาก" มีความเชื่อมั่นในตนเองเป็นแบบอย่างที่ดีแก่ผู้เรียนได้ | E51: เสียงดังฟังชัดและจังหวะการพูดไม่ช้า/เร็วเกินไป | F51: มีประมวลรายวิชาและแนะนำเนื้อหาวิชา | G51: มีการจัดเตรียมสื่อการเรียนการสอนและรวบรวมแหล่งอ้างอิงไว้อย่างเหมาะสม | H51: มีการจัดการเรียนการสอนเป็นไปตามประมวลรายวิชาครบถ้วนและการนำเข้าสู่บทเรียนให้ข้อมูลที่เป็นประโยชน์แก่ผู้เรียนครบถ้วน | I51: มีการส่งเสริมให้ผู้เรียนได้ฝึกทักษะการคิดได้อย่างเหมาะสมดีมาก | J51: มีการส่งเสริมให้ผู้เรียนได้ฝึกทักษะการสื่อสารได้อย่างเหมาะสมดีมาก
A52: 46212.62 | B52: bnco0933@signalschool.ac.th | C52: ร.อ.สุพจน์ มงคล | D52: ลักษณะทางทหาร "ดีมาก" มีความเชื่อมั่นในตนเองเป็นแบบอย่างที่ดีแก่ผู้เรียนได้ | E52: เสียงดังฟังชัดและจังหวะการพูดไม่ช้า/เร็วเกินไป | F52: มีประมวลรายวิชาและแนะนำเนื้อหาวิชา | G52: มีการจัดเตรียมสื่อการเรียนการสอนและรวบรวมแหล่งอ้างอิงไว้อย่างเหมาะสม | H52: มีการจัดการเรียนการสอนเป็นไปตามประมวลรายวิชาครบถ้วนและการนำเข้าสู่บทเรียนให้ข้อมูลที่เป็นประโยชน์แก่ผู้เรียนครบถ้วน | I52: มีการส่งเสริมให้ผู้เรียนได้ฝึกทักษะการคิดได้อย่างเหมาะสมดีมาก | J52: มีการส่งเสริมให้ผู้เรียนได้ฝึกทักษะการสื่อสารได้อย่างเหมาะสมดีมาก
A53: 46212.62 | B53: bnco0912@signalschool.ac.th | C53: ร.อ. สุพจน์ มงคล | D53: ลักษณะทางทหาร "ดีมาก" มีความเชื่อมั่นในตนเองเป็นแบบอย่างที่ดีแก่ผู้เรียนได้ | E53: เสียงดังฟังชัดและจังหวะการพูดไม่ช้า/เร็วเกินไป | F53: มีประมวลรายวิชาและแนะนำเนื้อหาวิชา | G53: มีการจัดเตรียมสื่อการเรียนการสอนและรวบรวมแหล่งอ้างอิงไว้อย่างเหมาะสม | H53: มีการจัดการเรียนการสอนเป็นไปตามประมวลรายวิชาครบถ้วนและการนำเข้าสู่บทเรียนให้ข้อมูลที่เป็นประโยชน์แก่ผู้เรียนครบถ้วน | I53: มีการส่งเสริมให้ผู้เรียนได้ฝึกทักษะการคิดได้อย่างเหมาะสมดีมาก | J53: มีการส่งเสริมให้ผู้เรียนได้ฝึกทักษะการสื่อสารได้อย่างเหมาะสมดีมาก
A54: 46212.62 | B54: bnco0946@signalschool.ac.th | C54: ร.อ.สุพจน์ มงคล | D54: ลักษณะทางทหาร "ดีมาก" มีความเชื่อมั่นในตนเองเป็นแบบอย่างที่ดีแก่ผู้เรียนได้ | E54: เสียงดังฟังชัดและจังหวะการพูดไม่ช้า/เร็วเกินไป | F54: มีประมวลรายวิชาและแนะนำเนื้อหาวิชา | G54: มีการจัดเตรียมสื่อการเรียนการสอนและรวบรวมแหล่งอ้างอิงไว้อย่างเหมาะสม | H54: มีการจัดการเรียนการสอนเป็นไปตามประมวลรายวิชาครบถ้วนและการนำเข้าสู่บทเรียนให้ข้อมูลที่เป็นประโยชน์แก่ผู้เรียนครบถ้วน | I54: มีการส่งเสริมให้ผู้เรียนได้ฝึกทักษะการคิดได้อย่างเหมาะสมดีมาก | J54: มีการส่งเสริมให้ผู้เรียนได้ฝึกทักษะการสื่อสารได้อย่างเหมาะสมดีมาก
A55: 46212.62 | B55: bnco0948@signalschool.ac.th | C55: ร.อ.สุพจน์ มงคล | D55: ลักษณะทางทหาร "ดีมาก" มีความเชื่อมั่นในตนเองเป็นแบบอย่างที่ดีแก่ผู้เรียนได้ | E55: เสียงดังฟังชัดและจังหวะการพูดไม่ช้า/เร็วเกินไป | F55: มีประมวลรายวิชาและแนะนำเนื้อหาวิชา | G55: มีการจัดเตรียมสื่อการเรียนการสอนและรวบรวมแหล่งอ้างอิงไว้อย่างเหมาะสม | H55: มีการจัดการเรียนการสอนเป็นไปตามประมวลรายวิชาครบถ้วนและการนำเข้าสู่บทเรียนให้ข้อมูลที่เป็นประโยชน์แก่ผู้เรียนครบถ้วน | I55: มีการส่งเสริมให้ผู้เรียนได้ฝึกทักษะการคิดได้อย่างเหมาะสมดีมาก | J55: มีการส่งเสริมให้ผู้เรียนได้ฝึกทักษะการสื่อสารได้อย่างเหมาะสมดีมาก | K55: ไม่มีครับ
A56: 46212.62 | B56: bnco0939@signalschool.ac.th | C56: ร.อ.สุพจน์ มงคล | D56: ลักษณะทางทหาร "ดีมาก" มีความเชื่อมั่นในตนเองเป็นแบบอย่างที่ดีแก่ผู้เรียนได้ | E56: เสียงดังฟังชัดและจังหวะการพูดไม่ช้า/เร็วเกินไป | F56: มีประมวลรายวิชาและแนะนำเนื้อหาวิชา | G56: มีการจัดเตรียมสื่อการเรียนการสอนและรวบรวมแหล่งอ้างอิงไว้อย่างเหมาะสม | H56: มีการจัดการเรียนการสอนเป็นไปตามประมวลรายวิชาครบถ้วนและการนำเข้าสู่บทเรียนให้ข้อมูลที่เป็นประโยชน์แก่ผู้เรียนครบถ้วน | I56: มีการส่งเสริมให้ผู้เรียนได้ฝึกทักษะการคิดได้อย่างเหมาะสมดีมาก | J56: มีการส่งเสริมให้ผู้เรียนได้ฝึกทักษะการสื่อสารได้อย่างเหมาะสมดีมาก
A57: 46212.62 | B57: bnco0964@signalschool.ac.th | C57: ร.อ.สุพจน์ มงคล | D57: ลักษณะทางทหาร "ดีมาก" มีความเชื่อมั่นในตนเองเป็นแบบอย่างที่ดีแก่ผู้เรียนได้ | E57: เสียงดังฟังชัดและจังหวะการพูดไม่ช้า/เร็วเกินไป | F57: มีประมวลรายวิชาและแนะนำเนื้อหาวิชา | G57: มีการจัดเตรียมสื่อการเรียนการสอนและรวบรวมแหล่งอ้างอิงไว้อย่างเหมาะสม | H57: มีการจัดการเรียนการสอนเป็นไปตามประมวลรายวิชาครบถ้วนและการนำเข้าสู่บทเรียนให้ข้อมูลที่เป็นประโยชน์แก่ผู้เรียนครบถ้วน | I57: มีการส่งเสริมให้ผู้เรียนได้ฝึกทักษะการคิดได้อย่างเหมาะสมดีมาก | J57: มีการส่งเสริมให้ผู้เรียนได้ฝึกทักษะการสื่อสารได้อย่างเหมาะสมดีมาก
A58: 46212.62 | B58: bnco0927@signalschool.ac.th | C58: ร.อ.สุพจน์ มงคล | D58: ลักษณะทางทหาร "ดีมาก" มีความเชื่อมั่นในตนเองเป็นแบบอย่างที่ดีแก่ผู้เรียนได้ | E58: เสียงดังฟังชัดและจังหวะการพูดไม่ช้า/เร็วเกินไป | F58: มีประมวลรายวิชาและแนะนำเนื้อหาวิชา | G58: มีการจัดเตรียมสื่อการเรียนการสอนและรวบรวมแหล่งอ้างอิงไว้อย่างเหมาะสม | H58: มีการจัดการเรียนการสอนเป็นไปตามประมวลรายวิชาครบถ้วนและการนำเข้าสู่บทเรียนให้ข้อมูลที่เป็นประโยชน์แก่ผู้เรียนครบถ้วน | I58: มีการส่งเสริมให้ผู้เรียนได้ฝึกทักษะการคิดได้อย่างเหมาะสมดีมาก | J58: มีการส่งเสริมให้ผู้เรียนได้ฝึกทักษะการสื่อสารได้อย่างเหมาะสมดีมาก
A59: 46212.62 | B59: bnco0915@signalschool.ac.th | C59: ร.อ.สุพจน์​ มงคล | D59: ลักษณะทางทหาร "ดีมาก" มีความเชื่อมั่นในตนเองเป็นแบบอย่างที่ดีแก่ผู้เรียนได้ | E59: เสียงดังฟังชัดและจังหวะการพูดไม่ช้า/เร็วเกินไป | F59: มีประมวลรายวิชาและแนะนำเนื้อหาวิชา | G59: มีการจัดเตรียมสื่อการเรียนการสอนและรวบรวมแหล่งอ้างอิงไว้อย่างเหมาะสม | H59: มีการจัดการเรียนการสอนเป็นไปตามประมวลรายวิชาครบถ้วนและการนำเข้าสู่บทเรียนให้ข้อมูลที่เป็นประโยชน์แก่ผู้เรียนครบถ้วน | I59: มีการส่งเสริมให้ผู้เรียนได้ฝึกทักษะการคิดได้อย่างเหมาะสมดีมาก | J59: มีการส่งเสริมให้ผู้เรียนได้ฝึกทักษะการสื่อสารได้อย่างเหมาะสมดีมาก
A60: 46212.62 | B60: bnco0905@signalschool.ac.th | C60: ร.อ.สุพจน์ มงคล | D60: ลักษณะทางทหาร "ดีมาก" มีความเชื่อมั่นในตนเองเป็นแบบอย่างที่ดีแก่ผู้เรียนได้ | E60: เสียงดังฟังชัดและจังหวะการพูดไม่ช้า/เร็วเกินไป | F60: มีประมวลรายวิชาและแนะนำเนื้อหาวิชา | G60: มีการจัดเตรียมสื่อการเรียนการสอนและรวบรวมแหล่งอ้างอิงไว้อย่างเหมาะสม | H60: มีการจัดการเรียนการสอนเป็นไปตามประมวลรายวิชาครบถ้วนและการนำเข้าสู่บทเรียนให้ข้อมูลที่เป็นประโยชน์แก่ผู้เรียนครบถ้วน | I60: มีการส่งเสริมให้ผู้เรียนได้ฝึกทักษะการคิดได้อย่างเหมาะสมดีมาก | J60: มีการส่งเสริมให้ผู้เรียนได้ฝึกทักษะการสื่อสารได้อย่างเหมาะสมดีมาก
A61: 46212.62 | B61: bnco0902@signalschool.ac.th | C61: ร.อ.สุพจน์ มงคล | D61: ลักษณะทางทหาร "ดีมาก" มีความเชื่อมั่นในตนเองเป็นแบบอย่างที่ดีแก่ผู้เรียนได้ | E61: เสียงดังฟังชัดและจังหวะการพูดไม่ช้า/เร็วเกินไป | F61: มีประมวลรายวิชาและแนะนำเนื้อหาวิชา | G61: มีการจัดเตรียมสื่อการเรียนการสอนและรวบรวมแหล่งอ้างอิงไว้อย่างเหมาะสม | H61: มีการจัดการเรียนการสอนเป็นไปตามประมวลรายวิชาครบถ้วนและการนำเข้าสู่บทเรียนให้ข้อมูลที่เป็นประโยชน์แก่ผู้เรียนครบถ้วน | I61: มีการส่งเสริมให้ผู้เรียนได้ฝึกทักษะการคิดได้อย่างเหมาะสมดีมาก | J61: มีการส่งเสริมให้ผู้เรียนได้ฝึกทักษะการสื่อสารได้อย่างเหมาะสมดีมาก
A62: 46212.62 | B62: bnco0942@signalschool.ac.th | C62: ร.อ. สุพจน์ มงคล | D62: ลักษณะทางทหาร "ดีมาก" มีความเชื่อมั่นในตนเองเป็นแบบอย่างที่ดีแก่ผู้เรียนได้ | E62: เสียงดังฟังชัดและจังหวะการพูดไม่ช้า/เร็วเกินไป | F62: มีประมวลรายวิชาและแนะนำเนื้อหาวิชา | G62: มีการจัดเตรียมสื่อการเรียนการสอนและรวบรวมแหล่งอ้างอิงไว้อย่างเหมาะสม | H62: มีการจัดการเรียนการสอนเป็นไปตามประมวลรายวิชาครบถ้วนและการนำเข้าสู่บทเรียนให้ข้อมูลที่เป็นประโยชน์แก่ผู้เรียนครบถ้วน | I62: มีการส่งเสริมให้ผู้เรียนได้ฝึกทักษะการคิดได้อย่างเหมาะสมดีมาก | J62: มีการส่งเสริมให้ผู้เรียนได้ฝึกทักษะการสื่อสารได้อย่างเหมาะสมดีมาก
A63: 46212.62 | B63: bnco0903@signalschool.ac.th | C63: ร.อ.สุพจน์ มงคล | D63: ลักษณะทางทหาร "ดีมาก" มีความเชื่อมั่นในตนเองเป็นแบบอย่างที่ดีแก่ผู้เรียนได้ | E63: เสียงดังฟังชัดและจังหวะการพูดไม่ช้า/เร็วเกินไป | F63: มีประมวลรายวิชาและแนะนำเนื้อหาวิชา | G63: มีการจัดเตรียมสื่อการเรียนการสอนและรวบรวมแหล่งอ้างอิงไว้อย่างเหมาะสม | H63: มีการจัดการเรียนการสอนเป็นไปตามประมวลรายวิชาครบถ้วนและการนำเข้าสู่บทเรียนให้ข้อมูลที่เป็นประโยชน์แก่ผู้เรียนครบถ้วน | I63: มีการส่งเสริมให้ผู้เรียนได้ฝึกทักษะการคิดได้อย่างเหมาะสมดีมาก | J63: มีการส่งเสริมให้ผู้เรียนได้ฝึกทักษะการสื่อสารได้อย่างเหมาะสมดีมาก
A64: 46212.62 | B64: bnco0959@signalschool.ac.th | C64: ร.อ.สุพจน์ มงคล | D64: ลักษณะทางทหาร "ดีมาก" มีความเชื่อมั่นในตนเองเป็นแบบอย่างที่ดีแก่ผู้เรียนได้ | E64: เสียงดังฟังชัดและจังหวะการพูดไม่ช้า/เร็วเกินไป | F64: มีประมวลรายวิชาและแนะนำเนื้อหาวิชา | G64: มีการจัดเตรียมสื่อการเรียนการสอนและรวบรวมแหล่งอ้างอิงไว้อย่างเหมาะสม | H64: มีการจัดการเรียนการสอนเป็นไปตามประมวลรายวิชาครบถ้วนและการนำเข้าสู่บทเรียนให้ข้อมูลที่เป็นประโยชน์แก่ผู้เรียนครบถ้วน | I64: มีการส่งเสริมให้ผู้เรียนได้ฝึกทักษะการคิดได้อย่างเหมาะสมดีมาก | J64: มีการส่งเสริมให้ผู้เรียนได้ฝึกทักษะการสื่อสารได้อย่างเหมาะสมดีมาก
A65: 46212.62 | B65: bnco0945@signalschool.ac.th | C65: ร.อ. สุพจน์ มงคล | D65: ลักษณะทางทหาร "ดีมาก" มีความเชื่อมั่นในตนเองเป็นแบบอย่างที่ดีแก่ผู้เรียนได้ | E65: เสียงดังฟังชัดและจังหวะการพูดไม่ช้า/เร็วเกินไป | F65: มีประมวลรายวิชาและแนะนำเนื้อหาวิชา | G65: มีการจัดเตรียมสื่อการเรียนการสอนและรวบรวมแหล่งอ้างอิงไว้อย่างเหมาะสม | H65: มีการจัดการเรียนการสอนเป็นไปตามประมวลรายวิชาครบถ้วนและการนำเข้าสู่บทเรียนให้ข้อมูลที่เป็นประโยชน์แก่ผู้เรียนครบถ้วน | I65: มีการส่งเสริมให้ผู้เรียนได้ฝึกทักษะการคิดได้อย่างเหมาะสมดีมาก | J65: มีการส่งเสริมให้ผู้เรียนได้ฝึกทักษะการสื่อสารได้อย่างเหมาะสมดีมาก
A66: 46212.62 | B66: bnco0956@signalschool.ac.th | C66: ร.อ.สุพจน์ มงคล | D66: ลักษณะทางทหาร "ดีมาก" มีความเชื่อมั่นในตนเองเป็นแบบอย่างที่ดีแก่ผู้เรียนได้ | E66: เสียงดังฟังชัดและจังหวะการพูดไม่ช้า/เร็วเกินไป | F66: มีประมวลรายวิชาและแนะนำเนื้อหาวิชา | G66: มีการจัดเตรียมสื่อการเรียนการสอนและรวบรวมแหล่งอ้างอิงไว้อย่างเหมาะสม | H66: มีการจัดการเรียนการสอนเป็นไปตามประมวลรายวิชาครบถ้วนและการนำเข้าสู่บทเรียนให้ข้อมูลที่เป็นประโยชน์แก่ผู้เรียนครบถ้วน | I66: มีการส่งเสริมให้ผู้เรียนได้ฝึกทักษะการคิดได้อย่างเหมาะสมดีมาก | J66: มีการส่งเสริมให้ผู้เรียนได้ฝึกทักษะการสื่อสารได้อย่างเหมาะสมดีมาก
A67: 46212.62 | B67: bnco0979@signalschool.ac.th | C67: ร.อ.สุพจน์ มงคล | D67: ลักษณะทางทหาร "ดีมาก" มีความเชื่อมั่นในตนเองเป็นแบบอย่างที่ดีแก่ผู้เรียนได้ | E67: เสียงดังฟังชัดและจังหวะการพูดไม่ช้า/เร็วเกินไป | F67: มีประมวลรายวิชาและแนะนำเนื้อหาวิชา | G67: มีการจัดเตรียมสื่อการเรียนการสอนและรวบรวมแหล่งอ้างอิงไว้อย่างเหมาะสม | H67: มีการจัดการเรียนการสอนเป็นไปตามประมวลรายวิชาครบถ้วนและการนำเข้าสู่บทเรียนให้ข้อมูลที่เป็นประโยชน์แก่ผู้เรียนครบถ้วน | I67: มีการส่งเสริมให้ผู้เรียนได้ฝึกทักษะการคิดได้อย่างเหมาะสมดีมาก | J67: มีการส่งเสริมให้ผู้เรียนได้ฝึกทักษะการสื่อสารได้อย่างเหมาะสมดีมาก
... A80: 46213.405 | B80: bnco0931@signalschool.ac.th | C80: ร.อ.สุพจน์ มงคล | D80: ลักษณะทางทหาร "ดีมาก" มีความเชื่อมั่นในตนเองเป็นแบบอย่างที่ดีแก่ผู้เรียนได้ | E80: เสียงดังฟังชัดและจังหวะการพูดไม่ช้า/เร็วเกินไป | F80: มีประมวลรายวิชาและแนะนำเนื้อหาวิชา | G80: มีการจัดเตรียมสื่อการเรียนการสอนและรวบรวมแหล่งอ้างอิงไว้อย่างเหมาะสม | H80: มีการจัดการเรียนการสอนเป็นไปตามประมวลรายวิชาครบถ้วนและการนำเข้าสู่บทเรียนให้ข้อมูลที่เป็นประโยชน์แก่ผู้เรียนครบถ้วน | I80: มีการส่งเสริมให้ผู้เรียนได้ฝึกทักษะการคิดได้อย่างเหมาะสมดีมาก | J80: มีการส่งเสริมให้ผู้เรียนได้ฝึกทักษะการสื่อสารได้อย่างเหมาะสมดีมาก
A81: 46213.455 | B81: bnco0975@signalschool.ac.th | C81: ร.อ.สุพจน์ มงคล | D81: ลักษณะทางทหาร "ดีมาก" มีความเชื่อมั่นในตนเองเป็นแบบอย่างที่ดีแก่ผู้เรียนได้ | E81: เสียงดังฟังชัดและจังหวะการพูดไม่ช้า/เร็วเกินไป | F81: มีประมวลรายวิชาและแนะนำเนื้อหาวิชา | G81: มีการจัดเตรียมสื่อการเรียนการสอนและรวบรวมแหล่งอ้างอิงไว้อย่างเหมาะสม | H81: มีการจัดการเรียนการสอนเป็นไปตามประมวลรายวิชาบางส่วน "หรือ" การนำเข้าสู่บทเรียนให้ข้อมูลที่เป็นประโยชน์แก่ผู้เรียน (อย่างใดอย่างหนึ่ง) | I81: มีการส่งเสริมให้ผู้เรียนได้ฝึกทักษะการคิดได้อย่างเหมาะสมดีมาก | J81: มีการส่งเสริมให้ผู้เรียนได้ฝึกทักษะการสื่อสารได้อย่างเหมาะสมดีมาก | K81: ไม่มี

Sheet ค่า 1.3
A1: ประทับเวลา | B1: ที่อยู่อีเมล | C1: ยศ ชื่อ-สกุล ครู-อาจารย์ผู้สอน | E1: 1. บุคลิกภาพและลักษณะท่าทางของอาจารย์ผู้สอน | F1: 2. การพูดและการใช้นํ้าเสียง | G1: 3. การเตรียมการสอน | H1: 4. การจัดเตรียมสื่อการสอน | I1: 5. การถ่ายทอดความรู้และการนำเข้าสู่บทเรียน | J1: 6. ผู้เรียนได้ฝึกทักษะการคิดวิเคราะห์ หรือการพัฒนาความคิดสร้างสรรค์จากการเรียนรายวิชานี้มากน้อยเพียงใด | K1: 7. ผู้เรียนได้ฝึกทักษะการสื่อสาร การนำเสนอ และการใช้งานเทคโนโลยีสารสนเทศจากการเรียนรายวิชานี้มากน้อยเพียงใด | M1: ตรวจสอบผู้เข้าประเมิน
A2: ='1.3'!A:A -> 46191.197 | B2: ='1.3'!B:B -> bnco0940@signalschool.ac.th | C2: ='1.3'!C:C -> ร.อ.สุพจน์ มงคล | D2: 1 | E2: =IFERROR(vlookup('1.3'!D:D,lookup!$A$2:$B$4,2,false),0) -> 5 | F2: =IFERROR(vlookup('1.3'!E:E,lookup!$A$6:$B$8,2,false),0) -> 5 | G2: =IFERROR(vlookup('1.3'!F:F,lookup!$A$10:$B$12,2,false),0) -> 5 | H2: =IFERROR(vlookup('1.3'!G:G,lookup!$A$14:$B$16,2,false),0) -> 5 | I2: =IFERROR(vlookup('1.3'!H:H,lookup!$A$18:$B$20,2,false),0) -> 5 | J2: =IFERROR(vlookup('1.3'!I:I,lookup!$A$22:$B$24,2,false),0) -> 5 | K2: =IFERROR(vlookup('1.3'!J:J,lookup!$A$26:$B$28,2,false),0) -> 5 | M2: 1 | N2: =CONCAT(R2,"@signalschool.ac.th") -> bnco0901@signalschool.ac.th | O2: =IFERROR(VLOOKUP(N2,B$2:D$81,3,FALSE),0) -> 1 | R2: bnco0901
A3: ='1.3'!A:A -> 46195.342 | B3: ='1.3'!B:B -> bnco0980@signalschool.ac.th | C3: ='1.3'!C:C -> ร.อ. สุพจน์ มงคล | D3: 1 | E3: =IFERROR(vlookup('1.3'!D:D,lookup!$A$2:$B$4,2,false),0) -> 5 | F3: =IFERROR(vlookup('1.3'!E:E,lookup!$A$6:$B$8,2,false),0) -> 5 | G3: =IFERROR(vlookup('1.3'!F:F,lookup!$A$10:$B$12,2,false),0) -> 5 | H3: =IFERROR(vlookup('1.3'!G:G,lookup!$A$14:$B$16,2,false),0) -> 5 | I3: =IFERROR(vlookup('1.3'!H:H,lookup!$A$18:$B$20,2,false),0) -> 3 | J3: =IFERROR(vlookup('1.3'!I:I,lookup!$A$22:$B$24,2,false),0) -> 5 | K3: =IFERROR(vlookup('1.3'!J:J,lookup!$A$26:$B$28,2,false),0) -> 5 | M3: 2 | N3: =CONCAT(R3,"@signalschool.ac.th") -> bnco0902@signalschool.ac.th | O3: =IFERROR(VLOOKUP(N3,B$2:D$81,3,FALSE),0) -> 1 | R3: bnco0902
A4: ='1.3'!A:A -> 46203.704 | B4: ='1.3'!B:B -> bnco0910@signalschool.ac.th | C4: ='1.3'!C:C -> พ.ท.หญิงลัดดาวัลย์ / พ.ท.วิญญขนม์ | D4: 1 | E4: =IFERROR(vlookup('1.3'!D:D,lookup!$A$2:$B$4,2,false),0) -> 5 | F4: =IFERROR(vlookup('1.3'!E:E,lookup!$A$6:$B$8,2,false),0) -> 5 | G4: =IFERROR(vlookup('1.3'!F:F,lookup!$A$10:$B$12,2,false),0) -> 5 | H4: =IFERROR(vlookup('1.3'!G:G,lookup!$A$14:$B$16,2,false),0) -> 5 | I4: =IFERROR(vlookup('1.3'!H:H,lookup!$A$18:$B$20,2,false),0) -> 5 | J4: =IFERROR(vlookup('1.3'!I:I,lookup!$A$22:$B$24,2,false),0) -> 5 | K4: =IFERROR(vlookup('1.3'!J:J,lookup!$A$26:$B$28,2,false),0) -> 5 | M4: 3 | N4: =CONCAT(R4,"@signalschool.ac.th") -> bnco0903@signalschool.ac.th | O4: =IFERROR(VLOOKUP(N4,B$2:D$81,3,FALSE),0) -> 1 | R4: bnco0903
A5: ='1.3'!A:A -> 46204.344 | B5: ='1.3'!B:B -> bnco0950@signalschool.ac.th | C5: ='1.3'!C:C -> ร.อ.สุพจน์ มงคล | D5: 1 | E5: =IFERROR(vlookup('1.3'!D:D,lookup!$A$2:$B$4,2,false),0) -> 5 | F5: =IFERROR(vlookup('1.3'!E:E,lookup!$A$6:$B$8,2,false),0) -> 5 | G5: =IFERROR(vlookup('1.3'!F:F,lookup!$A$10:$B$12,2,false),0) -> 5 | H5: =IFERROR(vlookup('1.3'!G:G,lookup!$A$14:$B$16,2,false),0) -> 5 | I5: =IFERROR(vlookup('1.3'!H:H,lookup!$A$18:$B$20,2,false),0) -> 5 | J5: =IFERROR(vlookup('1.3'!I:I,lookup!$A$22:$B$24,2,false),0) -> 5 | K5: =IFERROR(vlookup('1.3'!J:J,lookup!$A$26:$B$28,2,false),0) -> 5 | M5: 4 | N5: =CONCAT(R5,"@signalschool.ac.th") -> bnco0904@signalschool.ac.th | O5: =IFERROR(VLOOKUP(N5,B$2:D$81,3,FALSE),0) -> 1 | R5: bnco0904
A6: ='1.3'!A:A -> 46204.467 | B6: ='1.3'!B:B -> bnco0951@signalschool.ac.th | C6: ='1.3'!C:C -> ร.อ.สุพจน์ มงคล | D6: 1 | E6: =IFERROR(vlookup('1.3'!D:D,lookup!$A$2:$B$4,2,false),0) -> 5 | F6: =IFERROR(vlookup('1.3'!E:E,lookup!$A$6:$B$8,2,false),0) -> 5 | G6: =IFERROR(vlookup('1.3'!F:F,lookup!$A$10:$B$12,2,false),0) -> 5 | H6: =IFERROR(vlookup('1.3'!G:G,lookup!$A$14:$B$16,2,false),0) -> 5 | I6: =IFERROR(vlookup('1.3'!H:H,lookup!$A$18:$B$20,2,false),0) -> 5 | J6: =IFERROR(vlookup('1.3'!I:I,lookup!$A$22:$B$24,2,false),0) -> 5 | K6: =IFERROR(vlookup('1.3'!J:J,lookup!$A$26:$B$28,2,false),0) -> 5 | M6: 5 | N6: =CONCAT(R6,"@signalschool.ac.th") -> bnco0905@signalschool.ac.th | O6: =IFERROR(VLOOKUP(N6,B$2:D$81,3,FALSE),0) -> 1 | R6: bnco0905
A7: ='1.3'!A:A -> 46206.596 | B7: ='1.3'!B:B -> bnco0920@signalschool.ac.th | C7: ='1.3'!C:C -> พ.ท.หญิงลัดดาวัลย์ / พ.ท.วิญญูชนม์ | D7: 1 | E7: =IFERROR(vlookup('1.3'!D:D,lookup!$A$2:$B$4,2,false),0) -> 5 | F7: =IFERROR(vlookup('1.3'!E:E,lookup!$A$6:$B$8,2,false),0) -> 5 | G7: =IFERROR(vlookup('1.3'!F:F,lookup!$A$10:$B$12,2,false),0) -> 5 | H7: =IFERROR(vlookup('1.3'!G:G,lookup!$A$14:$B$16,2,false),0) -> 5 | I7: =IFERROR(vlookup('1.3'!H:H,lookup!$A$18:$B$20,2,false),0) -> 5 | J7: =IFERROR(vlookup('1.3'!I:I,lookup!$A$22:$B$24,2,false),0) -> 5 | K7: =IFERROR(vlookup('1.3'!J:J,lookup!$A$26:$B$28,2,false),0) -> 5 | M7: 6 | N7: =CONCAT(R7,"@signalschool.ac.th") -> bnco0906@signalschool.ac.th | O7: =IFERROR(VLOOKUP(N7,B$2:D$81,3,FALSE),0) -> 1 | R7: bnco0906
A8: ='1.3'!A:A -> 46212.581 | B8: ='1.3'!B:B -> bnco0906@signalschool.ac.th | C8: ='1.3'!C:C -> ร.อ.สุพจน์ มงคล | D8: 1 | E8: =IFERROR(vlookup('1.3'!D:D,lookup!$A$2:$B$4,2,false),0) -> 3 | F8: =IFERROR(vlookup('1.3'!E:E,lookup!$A$6:$B$8,2,false),0) -> 3 | G8: =IFERROR(vlookup('1.3'!F:F,lookup!$A$10:$B$12,2,false),0) -> 3 | H8: =IFERROR(vlookup('1.3'!G:G,lookup!$A$14:$B$16,2,false),0) -> 3 | I8: =IFERROR(vlookup('1.3'!H:H,lookup!$A$18:$B$20,2,false),0) -> 3 | J8: =IFERROR(vlookup('1.3'!I:I,lookup!$A$22:$B$24,2,false),0) -> 3 | K8: =IFERROR(vlookup('1.3'!J:J,lookup!$A$26:$B$28,2,false),0) -> 3 | M8: 7 | N8: =CONCAT(R8,"@signalschool.ac.th") -> bnco0907@signalschool.ac.th | O8: =IFERROR(VLOOKUP(N8,B$2:D$81,3,FALSE),0) -> 1 | R8: bnco0907
A9: ='1.3'!A:A -> 46212.614 | B9: ='1.3'!B:B -> bnco0955@signalschool.ac.th | C9: ='1.3'!C:C -> อาจารย์ประจำวิชาการส่งกำลังและซ่อมบำรุงสายสื่อสาร | D9: 1 | E9: =IFERROR(vlookup('1.3'!D:D,lookup!$A$2:$B$4,2,false),0) -> 5 | F9: =IFERROR(vlookup('1.3'!E:E,lookup!$A$6:$B$8,2,false),0) -> 5 | G9: =IFERROR(vlookup('1.3'!F:F,lookup!$A$10:$B$12,2,false),0) -> 5 | H9: =IFERROR(vlookup('1.3'!G:G,lookup!$A$14:$B$16,2,false),0) -> 5 | I9: =IFERROR(vlookup('1.3'!H:H,lookup!$A$18:$B$20,2,false),0) -> 5 | J9: =IFERROR(vlookup('1.3'!I:I,lookup!$A$22:$B$24,2,false),0) -> 5 | K9: =IFERROR(vlookup('1.3'!J:J,lookup!$A$26:$B$28,2,false),0) -> 5 | M9: 8 | N9: =CONCAT(R9,"@signalschool.ac.th") -> bnco0908@signalschool.ac.th | O9: =IFERROR(VLOOKUP(N9,B$2:D$81,3,FALSE),0) -> 1 | R9: bnco0908
A10: ='1.3'!A:A -> 46212.616 | B10: ='1.3'!B:B -> bnco0936@signalschool.ac.th | C10: ='1.3'!C:C -> ร.อ.สุพจน์ มงคล | D10: 1 | E10: =IFERROR(vlookup('1.3'!D:D,lookup!$A$2:$B$4,2,false),0) -> 5 | F10: =IFERROR(vlookup('1.3'!E:E,lookup!$A$6:$B$8,2,false),0) -> 5 | G10: =IFERROR(vlookup('1.3'!F:F,lookup!$A$10:$B$12,2,false),0) -> 5 | H10: =IFERROR(vlookup('1.3'!G:G,lookup!$A$14:$B$16,2,false),0) -> 5 | I10: =IFERROR(vlookup('1.3'!H:H,lookup!$A$18:$B$20,2,false),0) -> 5 | J10: =IFERROR(vlookup('1.3'!I:I,lookup!$A$22:$B$24,2,false),0) -> 5 | K10: =IFERROR(vlookup('1.3'!J:J,lookup!$A$26:$B$28,2,false),0) -> 5 | M10: 9 | N10: =CONCAT(R10,"@signalschool.ac.th") -> bnco0909@signalschool.ac.th | O10: =IFERROR(VLOOKUP(N10,B$2:D$81,3,FALSE),0) -> 1 | R10: bnco0909
A11: ='1.3'!A:A -> 46212.617 | B11: ='1.3'!B:B -> bnco0919@signalschool.ac.th | C11: ='1.3'!C:C -> ร.อ.สุพจน์ มงคล | D11: 1 | E11: =IFERROR(vlookup('1.3'!D:D,lookup!$A$2:$B$4,2,false),0) -> 5 | F11: =IFERROR(vlookup('1.3'!E:E,lookup!$A$6:$B$8,2,false),0) -> 5 | G11: =IFERROR(vlookup('1.3'!F:F,lookup!$A$10:$B$12,2,false),0) -> 5 | H11: =IFERROR(vlookup('1.3'!G:G,lookup!$A$14:$B$16,2,false),0) -> 5 | I11: =IFERROR(vlookup('1.3'!H:H,lookup!$A$18:$B$20,2,false),0) -> 5 | J11: =IFERROR(vlookup('1.3'!I:I,lookup!$A$22:$B$24,2,false),0) -> 5 | K11: =IFERROR(vlookup('1.3'!J:J,lookup!$A$26:$B$28,2,false),0) -> 5 | M11: 10 | N11: =CONCAT(R11,"@signalschool.ac.th") -> bnco0910@signalschool.ac.th | O11: =IFERROR(VLOOKUP(N11,B$2:D$81,3,FALSE),0) -> 1 | R11: bnco0910
A12: ='1.3'!A:A -> 46212.618 | B12: ='1.3'!B:B -> bnco0958@signalschool.ac.th | C12: ='1.3'!C:C -> ร.อ.สุพจน์ มงคล | D12: 1 | E12: =IFERROR(vlookup('1.3'!D:D,lookup!$A$2:$B$4,2,false),0) -> 5 | F12: =IFERROR(vlookup('1.3'!E:E,lookup!$A$6:$B$8,2,false),0) -> 5 | G12: =IFERROR(vlookup('1.3'!F:F,lookup!$A$10:$B$12,2,false),0) -> 5 | H12: =IFERROR(vlookup('1.3'!G:G,lookup!$A$14:$B$16,2,false),0) -> 5 | I12: =IFERROR(vlookup('1.3'!H:H,lookup!$A$18:$B$20,2,false),0) -> 5 | J12: =IFERROR(vlookup('1.3'!I:I,lookup!$A$22:$B$24,2,false),0) -> 5 | K12: =IFERROR(vlookup('1.3'!J:J,lookup!$A$26:$B$28,2,false),0) -> 5 | M12: 11 | N12: =CONCAT(R12,"@signalschool.ac.th") -> bnco0911@signalschool.ac.th | O12: =IFERROR(VLOOKUP(N12,B$2:D$81,3,FALSE),0) -> 1 | R12: bnco0911
A13: ='1.3'!A:A -> 46212.618 | B13: ='1.3'!B:B -> bnco0974@signalschool.ac.th | C13: ='1.3'!C:C -> ร.อ.สุพจน์ มงคล | D13: 1 | E13: =IFERROR(vlookup('1.3'!D:D,lookup!$A$2:$B$4,2,false),0) -> 5 | F13: =IFERROR(vlookup('1.3'!E:E,lookup!$A$6:$B$8,2,false),0) -> 3 | G13: =IFERROR(vlookup('1.3'!F:F,lookup!$A$10:$B$12,2,false),0) -> 5 | H13: =IFERROR(vlookup('1.3'!G:G,lookup!$A$14:$B$16,2,false),0) -> 5 | I13: =IFERROR(vlookup('1.3'!H:H,lookup!$A$18:$B$20,2,false),0) -> 5 | J13: =IFERROR(vlookup('1.3'!I:I,lookup!$A$22:$B$24,2,false),0) -> 5 | K13: =IFERROR(vlookup('1.3'!J:J,lookup!$A$26:$B$28,2,false),0) -> 5 | M13: 12 | N13: =CONCAT(R13,"@signalschool.ac.th") -> bnco0912@signalschool.ac.th | O13: =IFERROR(VLOOKUP(N13,B$2:D$81,3,FALSE),0) -> 1 | R13: bnco0912
... A81: ='1.3'!A:A -> 46213.455 | B81: ='1.3'!B:B -> bnco0975@signalschool.ac.th | C81: ='1.3'!C:C -> ร.อ.สุพจน์ มงคล | D81: 1 | E81: =IFERROR(vlookup('1.3'!D:D,lookup!$A$2:$B$4,2,false),0) -> 5 | F81: =IFERROR(vlookup('1.3'!E:E,lookup!$A$6:$B$8,2,false),0) -> 5 | G81: =IFERROR(vlookup('1.3'!F:F,lookup!$A$10:$B$12,2,false),0) -> 5 | H81: =IFERROR(vlookup('1.3'!G:G,lookup!$A$14:$B$16,2,false),0) -> 5 | I81: =IFERROR(vlookup('1.3'!H:H,lookup!$A$18:$B$20,2,false),0) -> 3 | J81: =IFERROR(vlookup('1.3'!I:I,lookup!$A$22:$B$24,2,false),0) -> 5 | K81: =IFERROR(vlookup('1.3'!J:J,lookup!$A$26:$B$28,2,false),0) -> 5 | M81: 80 | N81: =CONCAT(R81,"@signalschool.ac.th") -> bnco0980@signalschool.ac.th | O81: =IFERROR(VLOOKUP(N81,B$2:D$81,3,FALSE),0) -> 1 | R81: bnco0980
E82: =AVERAGE(E2:E81) -> 4.975 | F82: =AVERAGE(F2:F81) -> 4.95 | G82: =AVERAGE(G2:G81) -> 4.925 | H82: =AVERAGE(H2:H81) -> 4.975 | I82: =AVERAGE(I2:I81) -> 4.925 | J82: =AVERAGE(J2:J81) -> 4.925 | K82: =AVERAGE(K2:K81) -> 4.925 | L82: =AVERAGE(E82:K82) -> 4.9428571 | N82: ยอดผู้เข้าประเมิน | O82: =SUM(O2:O81) -> 80
N83: ภาพรวมร้อยละ | O83: =(O82*100)/80 -> 100

Sheet 1.4
A1: ประทับเวลา | B1: ที่อยู่อีเมล | C1: ยศ ชื่อ-สกุล ครู-อาจารย์ผู้สอน | D1: 1. บุคลิกภาพและลักษณะท่าทางของอาจารย์ผู้สอน | E1: 2. การพูดและการใช้นํ้าเสียง | F1: 3. การเตรียมการสอน | G1: 4. การจัดเตรียมสื่อการสอน | H1: 5. การถ่ายทอดความรู้และการนำเข้าสู่บทเรียน | I1: 6. ผู้เรียนได้ฝึกทักษะการคิดวิเคราะห์ หรือการพัฒนาความคิดสร้างสรรค์จากการเรียนรายวิชานี้มากน้อยเพียงใด | J1: 7. ผู้เรียนได้ฝึกทักษะการสื่อสาร การนำเสนอ และการใช้งานเทคโนโลยีสารสนเทศจากการเรียนรายวิชานี้มากน้อยเพียงใด | K1: ข้อเสนอแนะอื่นๆ
A2: 46181.524 | B2: bnco0910@signalschool.ac.th | C2: จ.ส.ต. ภาณุพงษ์ ใจเฉื่อย | D2: ลักษณะทางทหาร "ดีมาก" มีความเชื่อมั่นในตนเองเป็นแบบอย่างที่ดีแก่ผู้เรียนได้ | E2: เสียงดังฟังชัดและจังหวะการพูดไม่ช้า/เร็วเกินไป | F2: มีประมวลรายวิชาและแนะนำเนื้อหาวิชา | G2: มีการจัดเตรียมสื่อการเรียนการสอนและรวบรวมแหล่งอ้างอิงไว้อย่างเหมาะสม | H2: มีการจัดการเรียนการสอนเป็นไปตามประมวลรายวิชาครบถ้วนและการนำเข้าสู่บทเรียนให้ข้อมูลที่เป็นประโยชน์แก่ผู้เรียนครบถ้วน | I2: มีการส่งเสริมให้ผู้เรียนได้ฝึกทักษะการคิดได้อย่างเหมาะสมดีมาก | J2: มีการส่งเสริมให้ผู้เรียนได้ฝึกทักษะการสื่อสารได้อย่างเหมาะสมดีมาก
A3: 46189.455 | B3: bnco0940@signalschool.ac.th | C3: จ.ส.ต. ภาณุพงษ์ ใจเฉือย | D3: ลักษณะทางทหาร "ดีมาก" มีความเชื่อมั่นในตนเองเป็นแบบอย่างที่ดีแก่ผู้เรียนได้ | E3: เสียงดังฟังชัดและจังหวะการพูดไม่ช้า/เร็วเกินไป | F3: มีประมวลรายวิชาและแนะนำเนื้อหาวิชา | G3: มีการจัดเตรียมสื่อการเรียนการสอนและรวบรวมแหล่งอ้างอิงไว้อย่างเหมาะสม | H3: มีการจัดการเรียนการสอนเป็นไปตามประมวลรายวิชาครบถ้วนและการนำเข้าสู่บทเรียนให้ข้อมูลที่เป็นประโยชน์แก่ผู้เรียนครบถ้วน | I3: มีการส่งเสริมให้ผู้เรียนได้ฝึกทักษะการคิดได้อย่างเหมาะสมดีมาก | J3: มีการส่งเสริมให้ผู้เรียนได้ฝึกทักษะการสื่อสารได้อย่างเหมาะสมดีมาก | K3: -
A4: 46195.348 | B4: bnco0980@signalschool.ac.th | C4: จ.ส.ต.ภานุพงษ์ ใจเฉื่อย | D4: ลักษณะทางทหาร "ดีมาก" มีความเชื่อมั่นในตนเองเป็นแบบอย่างที่ดีแก่ผู้เรียนได้ | E4: เสียงดังฟังชัดและจังหวะการพูดไม่ช้า/เร็วเกินไป | F4: มีประมวลรายวิชา "แต่ไม่มีการ" แนะนำเนื้อหาวิชา | G4: มีการจัดเตรียมสื่อการเรียนการสอนและรวบรวมแหล่งอ้างอิงไว้อย่างเหมาะสม | H4: มีการจัดการเรียนการสอนเป็นไปตามประมวลรายวิชาครบถ้วนและการนำเข้าสู่บทเรียนให้ข้อมูลที่เป็นประโยชน์แก่ผู้เรียนครบถ้วน | I4: มีการส่งเสริมให้ผู้เรียนได้ฝึกทักษะการคิดได้อย่างเหมาะสมดีมาก | J4: มีการส่งเสริมให้ผู้เรียนได้ฝึกทักษะการสื่อสารได้อย่างเหมาะสมดีมาก
A5: 46204.349 | B5: bnco0950@signalschool.ac.th | C5: จ.ส.ต.ภาณุพงษ์ ใจเฉื่อย | D5: ลักษณะทางทหาร "ดีมาก" มีความเชื่อมั่นในตนเองเป็นแบบอย่างที่ดีแก่ผู้เรียนได้ | E5: เสียงดังฟังชัดและจังหวะการพูดไม่ช้า/เร็วเกินไป | F5: มีประมวลรายวิชาและแนะนำเนื้อหาวิชา | G5: มีการจัดเตรียมสื่อการเรียนการสอนและรวบรวมแหล่งอ้างอิงไว้อย่างเหมาะสม | H5: มีการจัดการเรียนการสอนเป็นไปตามประมวลรายวิชาครบถ้วนและการนำเข้าสู่บทเรียนให้ข้อมูลที่เป็นประโยชน์แก่ผู้เรียนครบถ้วน | I5: มีการส่งเสริมให้ผู้เรียนได้ฝึกทักษะการคิดได้อย่างเหมาะสมดีมาก | J5: มีการส่งเสริมให้ผู้เรียนได้ฝึกทักษะการสื่อสารได้อย่างเหมาะสมดีมาก | K5: ไม่มีครับ
A6: 46204.466 | B6: bnco0951@signalschool.ac.th | C6: จ.ส.ต.ภาณุพงษ์ ใจเฉื่อย | D6: ลักษณะทางทหาร "ดีมาก" มีความเชื่อมั่นในตนเองเป็นแบบอย่างที่ดีแก่ผู้เรียนได้ | E6: เสียงดังฟังชัดและจังหวะการพูดไม่ช้า/เร็วเกินไป | F6: มีประมวลรายวิชาและแนะนำเนื้อหาวิชา | G6: มีการจัดเตรียมสื่อการเรียนการสอนและรวบรวมแหล่งอ้างอิงไว้อย่างเหมาะสม | H6: มีการจัดการเรียนการสอนเป็นไปตามประมวลรายวิชาครบถ้วนและการนำเข้าสู่บทเรียนให้ข้อมูลที่เป็นประโยชน์แก่ผู้เรียนครบถ้วน | I6: มีการส่งเสริมให้ผู้เรียนได้ฝึกทักษะการคิดได้อย่างเหมาะสมดีมาก | J6: มีการส่งเสริมให้ผู้เรียนได้ฝึกทักษะการสื่อสารได้อย่างเหมาะสมดีมาก
A7: 46206.597 | B7: bnco0920@signalschool.ac.th | C7: ร.ท.ศุภรัชฎ / จ.ส.ต.ภาณุพงษ์ | D7: ลักษณะทางทหาร "ดีมาก" มีความเชื่อมั่นในตนเองเป็นแบบอย่างที่ดีแก่ผู้เรียนได้ | E7: เสียงดังฟังชัดและจังหวะการพูดไม่ช้า/เร็วเกินไป | F7: มีประมวลรายวิชาและแนะนำเนื้อหาวิชา | G7: มีการจัดเตรียมสื่อการเรียนการสอนและรวบรวมแหล่งอ้างอิงไว้อย่างเหมาะสม | H7: มีการจัดการเรียนการสอนเป็นไปตามประมวลรายวิชาครบถ้วนและการนำเข้าสู่บทเรียนให้ข้อมูลที่เป็นประโยชน์แก่ผู้เรียนครบถ้วน | I7: มีการส่งเสริมให้ผู้เรียนได้ฝึกทักษะการคิดได้อย่างเหมาะสมดีมาก | J7: มีการส่งเสริมให้ผู้เรียนได้ฝึกทักษะการสื่อสารได้อย่างเหมาะสมดีมาก | K7: สอนได้ดีครับ เนื้อหาครบถ้วน
A8: 46212.583 | B8: bnco0906@signalschool.ac.th | C8: จ.ส.อ.ศุภรัชฏ หมอกสุข จ.ส.ต.ภาณุพงษ์ ใจเฉื่อย | D8: ลักษณะทางทหาร "มีความเหมาะสม" มีความเชื่อมั่นในตนเองปานกลาง | E8: เสียงเบา "แต่" จังหวะการพูดไม่ช้า/เร็วเกินไป | F8: มีประมวลรายวิชา "แต่ไม่มีการ" แนะนำเนื้อหาวิชา | G8: มีการจัดเตรียมสื่อการเรียนการสอน "แต่ไม่ปรากฏ" แหล่งอ้างอิง | H8: มีการจัดการเรียนการสอนเป็นไปตามประมวลรายวิชาบางส่วน "หรือ" การนำเข้าสู่บทเรียนให้ข้อมูลที่เป็นประโยชน์แก่ผู้เรียน (อย่างใดอย่างหนึ่ง) | I8: มีการส่งเสริมให้ผู้เรียนได้ฝึกทักษะการคิดได้อย่างเหมาะสม | J8: มีการส่งเสริมให้ผู้เรียนได้ฝึกทักษะการสื่อสารได้อย่างเหมาะสม
A9: 46212.616 | B9: bnco0955@signalschool.ac.th | C9: อาจารย์ประจำวิชาการสื่อสารทางยุทธวิธี | D9: ลักษณะทางทหาร "ดีมาก" มีความเชื่อมั่นในตนเองเป็นแบบอย่างที่ดีแก่ผู้เรียนได้ | E9: เสียงดังฟังชัดและจังหวะการพูดไม่ช้า/เร็วเกินไป | F9: มีประมวลรายวิชาและแนะนำเนื้อหาวิชา | G9: มีการจัดเตรียมสื่อการเรียนการสอนและรวบรวมแหล่งอ้างอิงไว้อย่างเหมาะสม | H9: มีการจัดการเรียนการสอนเป็นไปตามประมวลรายวิชาครบถ้วนและการนำเข้าสู่บทเรียนให้ข้อมูลที่เป็นประโยชน์แก่ผู้เรียนครบถ้วน | I9: มีการส่งเสริมให้ผู้เรียนได้ฝึกทักษะการคิดได้อย่างเหมาะสมดีมาก | J9: มีการส่งเสริมให้ผู้เรียนได้ฝึกทักษะการสื่อสารได้อย่างเหมาะสมดีมาก
A10: 46212.617 | B10: bnco0936@signalschool.ac.th | C10: ร.ท.ศุภรัชฎ หมอกสุข | D10: ลักษณะทางทหาร "ดีมาก" มีความเชื่อมั่นในตนเองเป็นแบบอย่างที่ดีแก่ผู้เรียนได้ | E10: เสียงดังฟังชัดและจังหวะการพูดไม่ช้า/เร็วเกินไป | F10: มีประมวลรายวิชาและแนะนำเนื้อหาวิชา | G10: มีการจัดเตรียมสื่อการเรียนการสอนและรวบรวมแหล่งอ้างอิงไว้อย่างเหมาะสม | H10: มีการจัดการเรียนการสอนเป็นไปตามประมวลรายวิชาครบถ้วนและการนำเข้าสู่บทเรียนให้ข้อมูลที่เป็นประโยชน์แก่ผู้เรียนครบถ้วน | I10: มีการส่งเสริมให้ผู้เรียนได้ฝึกทักษะการคิดได้อย่างเหมาะสมดีมาก | J10: มีการส่งเสริมให้ผู้เรียนได้ฝึกทักษะการสื่อสารได้อย่างเหมาะสมดีมาก
A11: 46212.618 | B11: bnco0919@signalschool.ac.th | C11: ร.ท.ศุภรัชฎ หมอกสุข | D11: ลักษณะทางทหาร "ดีมาก" มีความเชื่อมั่นในตนเองเป็นแบบอย่างที่ดีแก่ผู้เรียนได้ | E11: เสียงดังฟังชัดและจังหวะการพูดไม่ช้า/เร็วเกินไป | F11: มีประมวลรายวิชาและแนะนำเนื้อหาวิชา | G11: มีการจัดเตรียมสื่อการเรียนการสอนและรวบรวมแหล่งอ้างอิงไว้อย่างเหมาะสม | H11: มีการจัดการเรียนการสอนเป็นไปตามประมวลรายวิชาครบถ้วนและการนำเข้าสู่บทเรียนให้ข้อมูลที่เป็นประโยชน์แก่ผู้เรียนครบถ้วน | I11: มีการส่งเสริมให้ผู้เรียนได้ฝึกทักษะการคิดได้อย่างเหมาะสมดีมาก | J11: มีการส่งเสริมให้ผู้เรียนได้ฝึกทักษะการสื่อสารได้อย่างเหมาะสมดีมาก
A12: 46212.618 | B12: bnco0958@signalschool.ac.th | C12: ร.ท.ศุภรัชฎ หมอกสุข | D12: ลักษณะทางทหาร "ดีมาก" มีความเชื่อมั่นในตนเองเป็นแบบอย่างที่ดีแก่ผู้เรียนได้ | E12: เสียงดังฟังชัดและจังหวะการพูดไม่ช้า/เร็วเกินไป | F12: มีประมวลรายวิชาและแนะนำเนื้อหาวิชา | G12: มีการจัดเตรียมสื่อการเรียนการสอนและรวบรวมแหล่งอ้างอิงไว้อย่างเหมาะสม | H12: มีการจัดการเรียนการสอนเป็นไปตามประมวลรายวิชาครบถ้วนและการนำเข้าสู่บทเรียนให้ข้อมูลที่เป็นประโยชน์แก่ผู้เรียนครบถ้วน | I12: มีการส่งเสริมให้ผู้เรียนได้ฝึกทักษะการคิดได้อย่างเหมาะสมดีมาก | J12: มีการส่งเสริมให้ผู้เรียนได้ฝึกทักษะการสื่อสารได้อย่างเหมาะสมดีมาก
A13: 46212.619 | B13: bnco0932@signalschool.ac.th | C13: ร.ท.ศุภรัชฎ หมอกสุข | D13: ลักษณะทางทหาร "ดีมาก" มีความเชื่อมั่นในตนเองเป็นแบบอย่างที่ดีแก่ผู้เรียนได้ | E13: เสียงดังฟังชัดและจังหวะการพูดไม่ช้า/เร็วเกินไป | F13: มีประมวลรายวิชาและแนะนำเนื้อหาวิชา | G13: มีการจัดเตรียมสื่อการเรียนการสอนและรวบรวมแหล่งอ้างอิงไว้อย่างเหมาะสม | H13: มีการจัดการเรียนการสอนเป็นไปตามประมวลรายวิชาครบถ้วนและการนำเข้าสู่บทเรียนให้ข้อมูลที่เป็นประโยชน์แก่ผู้เรียนครบถ้วน | I13: มีการส่งเสริมให้ผู้เรียนได้ฝึกทักษะการคิดได้อย่างเหมาะสมดีมาก | J13: มีการส่งเสริมให้ผู้เรียนได้ฝึกทักษะการสื่อสารได้อย่างเหมาะสมดีมาก
A14: 46212.619 | B14: bnco0962@signalschool.ac.th | C14: ร.ท.ศุภรัชฎ หมอกสุข | D14: ลักษณะทางทหาร "ดีมาก" มีความเชื่อมั่นในตนเองเป็นแบบอย่างที่ดีแก่ผู้เรียนได้ | E14: เสียงดังฟังชัดและจังหวะการพูดไม่ช้า/เร็วเกินไป | F14: มีประมวลรายวิชาและแนะนำเนื้อหาวิชา | G14: มีการจัดเตรียมสื่อการเรียนการสอนและรวบรวมแหล่งอ้างอิงไว้อย่างเหมาะสม | H14: มีการจัดการเรียนการสอนเป็นไปตามประมวลรายวิชาครบถ้วนและการนำเข้าสู่บทเรียนให้ข้อมูลที่เป็นประโยชน์แก่ผู้เรียนครบถ้วน | I14: มีการส่งเสริมให้ผู้เรียนได้ฝึกทักษะการคิดได้อย่างเหมาะสมดีมาก | J14: มีการส่งเสริมให้ผู้เรียนได้ฝึกทักษะการสื่อสารได้อย่างเหมาะสมดีมาก
A15: 46212.619 | B15: bnco0924@signalschool.ac.th | C15: ร.ท.ศุภรัชฎ หมอกสุข | D15: ลักษณะทางทหาร "ดีมาก" มีความเชื่อมั่นในตนเองเป็นแบบอย่างที่ดีแก่ผู้เรียนได้ | E15: เสียงดังฟังชัดและจังหวะการพูดไม่ช้า/เร็วเกินไป | F15: มีประมวลรายวิชาและแนะนำเนื้อหาวิชา | G15: มีการจัดเตรียมสื่อการเรียนการสอนและรวบรวมแหล่งอ้างอิงไว้อย่างเหมาะสม | H15: มีการจัดการเรียนการสอนเป็นไปตามประมวลรายวิชาครบถ้วนและการนำเข้าสู่บทเรียนให้ข้อมูลที่เป็นประโยชน์แก่ผู้เรียนครบถ้วน | I15: มีการส่งเสริมให้ผู้เรียนได้ฝึกทักษะการคิดได้อย่างเหมาะสมดีมาก | J15: มีการส่งเสริมให้ผู้เรียนได้ฝึกทักษะการสื่อสารได้อย่างเหมาะสมดีมาก
A16: 46212.619 | B16: bnco0918@signalschool.ac.th | C16: ร.ท.ศุภรัชฎ หมอกสุข | D16: ลักษณะทางทหาร "ดีมาก" มีความเชื่อมั่นในตนเองเป็นแบบอย่างที่ดีแก่ผู้เรียนได้ | E16: เสียงดังฟังชัดและจังหวะการพูดไม่ช้า/เร็วเกินไป | F16: มีประมวลรายวิชาและแนะนำเนื้อหาวิชา | G16: มีการจัดเตรียมสื่อการเรียนการสอนและรวบรวมแหล่งอ้างอิงไว้อย่างเหมาะสม | H16: มีการจัดการเรียนการสอนเป็นไปตามประมวลรายวิชาครบถ้วนและการนำเข้าสู่บทเรียนให้ข้อมูลที่เป็นประโยชน์แก่ผู้เรียนครบถ้วน | I16: มีการส่งเสริมให้ผู้เรียนได้ฝึกทักษะการคิดได้อย่างเหมาะสมดีมาก | J16: มีการส่งเสริมให้ผู้เรียนได้ฝึกทักษะการสื่อสารได้อย่างเหมาะสมดีมาก
A17: 46212.619 | B17: bnco0923@signalschool.ac.th | C17: ร.ท.ศุภรัชฎ หมอกสุข | D17: ลักษณะทางทหาร "ดีมาก" มีความเชื่อมั่นในตนเองเป็นแบบอย่างที่ดีแก่ผู้เรียนได้ | E17: เสียงดังฟังชัดและจังหวะการพูดไม่ช้า/เร็วเกินไป | F17: มีประมวลรายวิชาและแนะนำเนื้อหาวิชา | G17: มีการจัดเตรียมสื่อการเรียนการสอนและรวบรวมแหล่งอ้างอิงไว้อย่างเหมาะสม | H17: มีการจัดการเรียนการสอนเป็นไปตามประมวลรายวิชาครบถ้วนและการนำเข้าสู่บทเรียนให้ข้อมูลที่เป็นประโยชน์แก่ผู้เรียนครบถ้วน | I17: มีการส่งเสริมให้ผู้เรียนได้ฝึกทักษะการคิดได้อย่างเหมาะสมดีมาก | J17: มีการส่งเสริมให้ผู้เรียนได้ฝึกทักษะการสื่อสารได้อย่างเหมาะสมดีมาก
A18: 46212.62 | B18: bnco0938@signalschool.ac.th | C18: ร.ท.ศุภรัชฏ หมอกสุข | D18: ลักษณะทางทหาร "มีความเหมาะสม" มีความเชื่อมั่นในตนเองปานกลาง | E18: เสียงเบา "แต่" จังหวะการพูดไม่ช้า/เร็วเกินไป | F18: มีประมวลรายวิชา "แต่ไม่มีการ" แนะนำเนื้อหาวิชา | G18: มีการจัดเตรียมสื่อการเรียนการสอน "แต่ไม่ปรากฏ" แหล่งอ้างอิง | H18: มีการจัดการเรียนการสอนเป็นไปตามประมวลรายวิชาบางส่วน "หรือ" การนำเข้าสู่บทเรียนให้ข้อมูลที่เป็นประโยชน์แก่ผู้เรียน (อย่างใดอย่างหนึ่ง) | I18: มีการส่งเสริมให้ผู้เรียนได้ฝึกทักษะการคิดได้อย่างเหมาะสม | J18: มีการส่งเสริมให้ผู้เรียนได้ฝึกทักษะการสื่อสารได้อย่างเหมาะสม
A19: 46212.62 | B19: bnco0928@signalschool.ac.th | C19: ร.ท.ศุภรัชฏ หมอกสุข | D19: ลักษณะทางทหาร "ดีมาก" มีความเชื่อมั่นในตนเองเป็นแบบอย่างที่ดีแก่ผู้เรียนได้ | E19: เสียงดังฟังชัดและจังหวะการพูดไม่ช้า/เร็วเกินไป | F19: มีประมวลรายวิชาและแนะนำเนื้อหาวิชา | G19: มีการจัดเตรียมสื่อการเรียนการสอนและรวบรวมแหล่งอ้างอิงไว้อย่างเหมาะสม | H19: มีการจัดการเรียนการสอนเป็นไปตามประมวลรายวิชาครบถ้วนและการนำเข้าสู่บทเรียนให้ข้อมูลที่เป็นประโยชน์แก่ผู้เรียนครบถ้วน | I19: มีการส่งเสริมให้ผู้เรียนได้ฝึกทักษะการคิดได้อย่างเหมาะสมดีมาก | J19: มีการส่งเสริมให้ผู้เรียนได้ฝึกทักษะการสื่อสารได้อย่างเหมาะสมดีมาก
... A33: 46212.621 | B33: bnco0916@signalschool.ac.th | C33: ร.ท.ศุภรัชฎ หมอกสุข | D33: ลักษณะทางทหาร "ดีมาก" มีความเชื่อมั่นในตนเองเป็นแบบอย่างที่ดีแก่ผู้เรียนได้ | E33: เสียงดังฟังชัดและจังหวะการพูดไม่ช้า/เร็วเกินไป | F33: มีประมวลรายวิชาและแนะนำเนื้อหาวิชา | G33: มีการจัดเตรียมสื่อการเรียนการสอนและรวบรวมแหล่งอ้างอิงไว้อย่างเหมาะสม | H33: มีการจัดการเรียนการสอนเป็นไปตามประมวลรายวิชาครบถ้วนและการนำเข้าสู่บทเรียนให้ข้อมูลที่เป็นประโยชน์แก่ผู้เรียนครบถ้วน | I33: มีการส่งเสริมให้ผู้เรียนได้ฝึกทักษะการคิดได้อย่างเหมาะสมดีมาก | J33: มีการส่งเสริมให้ผู้เรียนได้ฝึกทักษะการสื่อสารได้อย่างเหมาะสมดีมาก
A34: 46212.621 | B34: bnco0968@signalschool.ac.th | C34: ร.ท.ศุภรัชฎ หมอกสุข | D34: ลักษณะทางทหาร "ดีมาก" มีความเชื่อมั่นในตนเองเป็นแบบอย่างที่ดีแก่ผู้เรียนได้ | E34: เสียงดังฟังชัดและจังหวะการพูดไม่ช้า/เร็วเกินไป | F34: มีประมวลรายวิชาและแนะนำเนื้อหาวิชา | G34: มีการจัดเตรียมสื่อการเรียนการสอนและรวบรวมแหล่งอ้างอิงไว้อย่างเหมาะสม | H34: มีการจัดการเรียนการสอนเป็นไปตามประมวลรายวิชาครบถ้วนและการนำเข้าสู่บทเรียนให้ข้อมูลที่เป็นประโยชน์แก่ผู้เรียนครบถ้วน | I34: มีการส่งเสริมให้ผู้เรียนได้ฝึกทักษะการคิดได้อย่างเหมาะสมดีมาก | J34: มีการส่งเสริมให้ผู้เรียนได้ฝึกทักษะการสื่อสารได้อย่างเหมาะสมดีมาก | K34: ไม่มี
A35: 46212.621 | B35: bnco0974@signalschool.ac.th | C35: ร.ท.ศุภรัชฎ หมอกสุข | D35: ลักษณะทางทหาร "ดีมาก" มีความเชื่อมั่นในตนเองเป็นแบบอย่างที่ดีแก่ผู้เรียนได้ | E35: เสียงดังฟังชัดและจังหวะการพูดไม่ช้า/เร็วเกินไป | F35: มีประมวลรายวิชาและแนะนำเนื้อหาวิชา | G35: มีการจัดเตรียมสื่อการเรียนการสอนและรวบรวมแหล่งอ้างอิงไว้อย่างเหมาะสม | H35: มีการจัดการเรียนการสอนเป็นไปตามประมวลรายวิชาบางส่วน "หรือ" การนำเข้าสู่บทเรียนให้ข้อมูลที่เป็นประโยชน์แก่ผู้เรียน (อย่างใดอย่างหนึ่ง) | I35: ควรมีการส่งเสริมให้ผู้เรียนได้มีการฝึกทักษะการคิด | J35: มีการส่งเสริมให้ผู้เรียนได้ฝึกทักษะการสื่อสารได้อย่างเหมาะสม
A36: 46212.621 | B36: bnco0921@signalschool.ac.th | C36: ร.ท.ศุภรัฎ หมอกสุข | D36: ลักษณะทางทหาร "ดีมาก" มีความเชื่อมั่นในตนเองเป็นแบบอย่างที่ดีแก่ผู้เรียนได้ | E36: เสียงดังฟังชัดและจังหวะการพูดไม่ช้า/เร็วเกินไป | F36: มีประมวลรายวิชาและแนะนำเนื้อหาวิชา | G36: มีการจัดเตรียมสื่อการเรียนการสอนและรวบรวมแหล่งอ้างอิงไว้อย่างเหมาะสม | H36: มีการจัดการเรียนการสอนเป็นไปตามประมวลรายวิชาครบถ้วนและการนำเข้าสู่บทเรียนให้ข้อมูลที่เป็นประโยชน์แก่ผู้เรียนครบถ้วน | I36: มีการส่งเสริมให้ผู้เรียนได้ฝึกทักษะการคิดได้อย่างเหมาะสมดีมาก | J36: มีการส่งเสริมให้ผู้เรียนได้ฝึกทักษะการสื่อสารได้อย่างเหมาะสมดีมาก
A37: 46212.621 | B37: bnco0908@signalschool.ac.th | C37: ร.ท.ศุภรัชฎ หมอกสุข | D37: ลักษณะทางทหาร "ดีมาก" มีความเชื่อมั่นในตนเองเป็นแบบอย่างที่ดีแก่ผู้เรียนได้ | E37: เสียงดังฟังชัดและจังหวะการพูดไม่ช้า/เร็วเกินไป | F37: มีประมวลรายวิชาและแนะนำเนื้อหาวิชา | G37: มีการจัดเตรียมสื่อการเรียนการสอนและรวบรวมแหล่งอ้างอิงไว้อย่างเหมาะสม | H37: มีการจัดการเรียนการสอนเป็นไปตามประมวลรายวิชาครบถ้วนและการนำเข้าสู่บทเรียนให้ข้อมูลที่เป็นประโยชน์แก่ผู้เรียนครบถ้วน | I37: มีการส่งเสริมให้ผู้เรียนได้ฝึกทักษะการคิดได้อย่างเหมาะสมดีมาก | J37: มีการส่งเสริมให้ผู้เรียนได้ฝึกทักษะการสื่อสารได้อย่างเหมาะสมดีมาก
A38: 46212.621 | B38: bnco0973@signalschool.ac.th | C38: ร.ท.ศุภรัชฎ หมอกสุข | D38: ลักษณะทางทหาร "ดีมาก" มีความเชื่อมั่นในตนเองเป็นแบบอย่างที่ดีแก่ผู้เรียนได้ | E38: เสียงดังฟังชัดและจังหวะการพูดไม่ช้า/เร็วเกินไป | F38: มีประมวลรายวิชาและแนะนำเนื้อหาวิชา | G38: มีการจัดเตรียมสื่อการเรียนการสอนและรวบรวมแหล่งอ้างอิงไว้อย่างเหมาะสม | H38: มีการจัดการเรียนการสอนเป็นไปตามประมวลรายวิชาครบถ้วนและการนำเข้าสู่บทเรียนให้ข้อมูลที่เป็นประโยชน์แก่ผู้เรียนครบถ้วน | I38: มีการส่งเสริมให้ผู้เรียนได้ฝึกทักษะการคิดได้อย่างเหมาะสมดีมาก | J38: มีการส่งเสริมให้ผู้เรียนได้ฝึกทักษะการสื่อสารได้อย่างเหมาะสมดีมาก
A39: 46212.621 | B39: bnco0909@signalschool.ac.th | C39: ร.ท.ศุภรัช หมอกสุข | D39: ลักษณะทางทหาร "ดีมาก" มีความเชื่อมั่นในตนเองเป็นแบบอย่างที่ดีแก่ผู้เรียนได้ | E39: เสียงดังฟังชัดและจังหวะการพูดไม่ช้า/เร็วเกินไป | F39: มีประมวลรายวิชาและแนะนำเนื้อหาวิชา | G39: มีการจัดเตรียมสื่อการเรียนการสอนและรวบรวมแหล่งอ้างอิงไว้อย่างเหมาะสม | H39: มีการจัดการเรียนการสอนเป็นไปตามประมวลรายวิชาครบถ้วนและการนำเข้าสู่บทเรียนให้ข้อมูลที่เป็นประโยชน์แก่ผู้เรียนครบถ้วน | I39: มีการส่งเสริมให้ผู้เรียนได้ฝึกทักษะการคิดได้อย่างเหมาะสมดีมาก | J39: มีการส่งเสริมให้ผู้เรียนได้ฝึกทักษะการสื่อสารได้อย่างเหมาะสมดีมาก
A40: 46212.621 | B40: bnco0964@signalschool.ac.th | C40: ร.ท.ศุภรัชฎ หมอกสุข | D40: ลักษณะทางทหาร "ดีมาก" มีความเชื่อมั่นในตนเองเป็นแบบอย่างที่ดีแก่ผู้เรียนได้ | E40: เสียงดังฟังชัดและจังหวะการพูดไม่ช้า/เร็วเกินไป | F40: มีประมวลรายวิชาและแนะนำเนื้อหาวิชา | G40: มีการจัดเตรียมสื่อการเรียนการสอนและรวบรวมแหล่งอ้างอิงไว้อย่างเหมาะสม | H40: มีการจัดการเรียนการสอนเป็นไปตามประมวลรายวิชาครบถ้วนและการนำเข้าสู่บทเรียนให้ข้อมูลที่เป็นประโยชน์แก่ผู้เรียนครบถ้วน | I40: มีการส่งเสริมให้ผู้เรียนได้ฝึกทักษะการคิดได้อย่างเหมาะสมดีมาก | J40: มีการส่งเสริมให้ผู้เรียนได้ฝึกทักษะการสื่อสารได้อย่างเหมาะสมดีมาก
A41: 46212.622 | B41: bnco0930@signalschool.ac.th | C41: ร.ท.ศุภรัชฎ หมอกสุข | D41: ลักษณะทางทหาร "ดีมาก" มีความเชื่อมั่นในตนเองเป็นแบบอย่างที่ดีแก่ผู้เรียนได้ | E41: เสียงดังฟังชัดและจังหวะการพูดไม่ช้า/เร็วเกินไป | F41: มีประมวลรายวิชาและแนะนำเนื้อหาวิชา | G41: มีการจัดเตรียมสื่อการเรียนการสอนและรวบรวมแหล่งอ้างอิงไว้อย่างเหมาะสม | H41: มีการจัดการเรียนการสอนเป็นไปตามประมวลรายวิชาครบถ้วนและการนำเข้าสู่บทเรียนให้ข้อมูลที่เป็นประโยชน์แก่ผู้เรียนครบถ้วน | I41: มีการส่งเสริมให้ผู้เรียนได้ฝึกทักษะการคิดได้อย่างเหมาะสมดีมาก | J41: มีการส่งเสริมให้ผู้เรียนได้ฝึกทักษะการสื่อสารได้อย่างเหมาะสมดีมาก
A42: 46212.622 | B42: bnco0926@signalschool.ac.th | C42: ร.ท.ศุภรัชฎ หมอกสุข | D42: ลักษณะทางทหาร "ดีมาก" มีความเชื่อมั่นในตนเองเป็นแบบอย่างที่ดีแก่ผู้เรียนได้ | E42: เสียงดังฟังชัดและจังหวะการพูดไม่ช้า/เร็วเกินไป | F42: มีประมวลรายวิชาและแนะนำเนื้อหาวิชา | G42: มีการจัดเตรียมสื่อการเรียนการสอนและรวบรวมแหล่งอ้างอิงไว้อย่างเหมาะสม | H42: มีการจัดการเรียนการสอนเป็นไปตามประมวลรายวิชาครบถ้วนและการนำเข้าสู่บทเรียนให้ข้อมูลที่เป็นประโยชน์แก่ผู้เรียนครบถ้วน | I42: มีการส่งเสริมให้ผู้เรียนได้ฝึกทักษะการคิดได้อย่างเหมาะสมดีมาก | J42: มีการส่งเสริมให้ผู้เรียนได้ฝึกทักษะการสื่อสารได้อย่างเหมาะสมดีมาก
A43: 46212.622 | B43: bnco0979@signalschool.ac.th | C43: ร.ท.ศุภรัชฎ หมอกสุข | D43: ลักษณะทางทหาร "ดีมาก" มีความเชื่อมั่นในตนเองเป็นแบบอย่างที่ดีแก่ผู้เรียนได้ | E43: เสียงดังฟังชัดและจังหวะการพูดไม่ช้า/เร็วเกินไป | F43: มีประมวลรายวิชาและแนะนำเนื้อหาวิชา | G43: มีการจัดเตรียมสื่อการเรียนการสอนและรวบรวมแหล่งอ้างอิงไว้อย่างเหมาะสม | H43: มีการจัดการเรียนการสอนเป็นไปตามประมวลรายวิชาครบถ้วนและการนำเข้าสู่บทเรียนให้ข้อมูลที่เป็นประโยชน์แก่ผู้เรียนครบถ้วน | I43: มีการส่งเสริมให้ผู้เรียนได้ฝึกทักษะการคิดได้อย่างเหมาะสมดีมาก | J43: มีการส่งเสริมให้ผู้เรียนได้ฝึกทักษะการสื่อสารได้อย่างเหมาะสมดีมาก
A44: 46212.622 | B44: bnco0927@signalschool.ac.th | C44: ร.ท.ศุภรัชฎ หมอกสุข | D44: ลักษณะทางทหาร "ดีมาก" มีความเชื่อมั่นในตนเองเป็นแบบอย่างที่ดีแก่ผู้เรียนได้ | E44: เสียงดังฟังชัดและจังหวะการพูดไม่ช้า/เร็วเกินไป | F44: มีประมวลรายวิชาและแนะนำเนื้อหาวิชา | G44: มีการจัดเตรียมสื่อการเรียนการสอนและรวบรวมแหล่งอ้างอิงไว้อย่างเหมาะสม | H44: มีการจัดการเรียนการสอนเป็นไปตามประมวลรายวิชาครบถ้วนและการนำเข้าสู่บทเรียนให้ข้อมูลที่เป็นประโยชน์แก่ผู้เรียนครบถ้วน | I44: มีการส่งเสริมให้ผู้เรียนได้ฝึกทักษะการคิดได้อย่างเหมาะสมดีมาก | J44: มีการส่งเสริมให้ผู้เรียนได้ฝึกทักษะการสื่อสารได้อย่างเหมาะสมดีมาก
A45: 46212.622 | B45: bnco0942@signalschool.ac.th | C45: ร.ท. ศุภรัชฎ หมอกสุข | D45: ลักษณะทางทหาร "ดีมาก" มีความเชื่อมั่นในตนเองเป็นแบบอย่างที่ดีแก่ผู้เรียนได้ | E45: เสียงดังฟังชัดและจังหวะการพูดไม่ช้า/เร็วเกินไป | F45: มีประมวลรายวิชาและแนะนำเนื้อหาวิชา | G45: มีการจัดเตรียมสื่อการเรียนการสอนและรวบรวมแหล่งอ้างอิงไว้อย่างเหมาะสม | H45: มีการจัดการเรียนการสอนเป็นไปตามประมวลรายวิชาครบถ้วนและการนำเข้าสู่บทเรียนให้ข้อมูลที่เป็นประโยชน์แก่ผู้เรียนครบถ้วน | I45: มีการส่งเสริมให้ผู้เรียนได้ฝึกทักษะการคิดได้อย่างเหมาะสมดีมาก | J45: มีการส่งเสริมให้ผู้เรียนได้ฝึกทักษะการสื่อสารได้อย่างเหมาะสมดีมาก
A46: 46212.622 | B46: bnco0912@signalschool.ac.th | C46: ร.ท. ศุภรัชฏ หมอกสุข | D46: ลักษณะทางทหาร "ดีมาก" มีความเชื่อมั่นในตนเองเป็นแบบอย่างที่ดีแก่ผู้เรียนได้ | E46: เสียงดังฟังชัดและจังหวะการพูดไม่ช้า/เร็วเกินไป | F46: มีประมวลรายวิชาและแนะนำเนื้อหาวิชา | G46: มีการจัดเตรียมสื่อการเรียนการสอนและรวบรวมแหล่งอ้างอิงไว้อย่างเหมาะสม | H46: มีการจัดการเรียนการสอนเป็นไปตามประมวลรายวิชาครบถ้วนและการนำเข้าสู่บทเรียนให้ข้อมูลที่เป็นประโยชน์แก่ผู้เรียนครบถ้วน | I46: มีการส่งเสริมให้ผู้เรียนได้ฝึกทักษะการคิดได้อย่างเหมาะสมดีมาก | J46: มีการส่งเสริมให้ผู้เรียนได้ฝึกทักษะการสื่อสารได้อย่างเหมาะสมดีมาก
... A49: 46212.622 | B49: bnco0943@signalschool.ac.th | C49: ร.ท.ศุภรัชฎ หมอกสุข | D49: ลักษณะทางทหาร "ดีมาก" มีความเชื่อมั่นในตนเองเป็นแบบอย่างที่ดีแก่ผู้เรียนได้ | E49: เสียงดังฟังชัดและจังหวะการพูดไม่ช้า/เร็วเกินไป | F49: มีประมวลรายวิชาและแนะนำเนื้อหาวิชา | G49: มีการจัดเตรียมสื่อการเรียนการสอนและรวบรวมแหล่งอ้างอิงไว้อย่างเหมาะสม | H49: มีการจัดการเรียนการสอนเป็นไปตามประมวลรายวิชาครบถ้วนและการนำเข้าสู่บทเรียนให้ข้อมูลที่เป็นประโยชน์แก่ผู้เรียนครบถ้วน | I49: มีการส่งเสริมให้ผู้เรียนได้ฝึกทักษะการคิดได้อย่างเหมาะสมดีมาก | J49: มีการส่งเสริมให้ผู้เรียนได้ฝึกทักษะการสื่อสารได้อย่างเหมาะสมดีมาก
A50: 46212.623 | B50: bnco0957@signalschool.ac.th | C50: ร.อ.ศุภรัชฎ หมอกสุข | D50: ลักษณะทางทหาร "ดีมาก" มีความเชื่อมั่นในตนเองเป็นแบบอย่างที่ดีแก่ผู้เรียนได้ | E50: เสียงดังฟังชัดและจังหวะการพูดไม่ช้า/เร็วเกินไป | F50: มีประมวลรายวิชาและแนะนำเนื้อหาวิชา | G50: มีการจัดเตรียมสื่อการเรียนการสอนและรวบรวมแหล่งอ้างอิงไว้อย่างเหมาะสม | H50: มีการจัดการเรียนการสอนเป็นไปตามประมวลรายวิชาครบถ้วนและการนำเข้าสู่บทเรียนให้ข้อมูลที่เป็นประโยชน์แก่ผู้เรียนครบถ้วน | I50: มีการส่งเสริมให้ผู้เรียนได้ฝึกทักษะการคิดได้อย่างเหมาะสมดีมาก | J50: มีการส่งเสริมให้ผู้เรียนได้ฝึกทักษะการสื่อสารได้อย่างเหมาะสมดีมาก | K50: -
A51: 46212.623 | B51: bnco0948@signalschool.ac.th | C51: ร.ท.ศุภรัชฎ หมอกสุข | D51: ลักษณะทางทหาร "ดีมาก" มีความเชื่อมั่นในตนเองเป็นแบบอย่างที่ดีแก่ผู้เรียนได้ | E51: เสียงดังฟังชัดและจังหวะการพูดไม่ช้า/เร็วเกินไป | F51: มีประมวลรายวิชาและแนะนำเนื้อหาวิชา | G51: มีการจัดเตรียมสื่อการเรียนการสอนและรวบรวมแหล่งอ้างอิงไว้อย่างเหมาะสม | H51: มีการจัดการเรียนการสอนเป็นไปตามประมวลรายวิชาครบถ้วนและการนำเข้าสู่บทเรียนให้ข้อมูลที่เป็นประโยชน์แก่ผู้เรียนครบถ้วน | I51: มีการส่งเสริมให้ผู้เรียนได้ฝึกทักษะการคิดได้อย่างเหมาะสมดีมาก | J51: มีการส่งเสริมให้ผู้เรียนได้ฝึกทักษะการสื่อสารได้อย่างเหมาะสมดีมาก | K51: ไม่มีครับ
A52: 46212.623 | B52: bnco0929@signalschool.ac.th | C52: ร.ท.ศุภรัชฎ หมอกสุข | D52: ลักษณะทางทหาร "ดีมาก" มีความเชื่อมั่นในตนเองเป็นแบบอย่างที่ดีแก่ผู้เรียนได้ | E52: เสียงดังฟังชัดและจังหวะการพูดไม่ช้า/เร็วเกินไป | F52: มีประมวลรายวิชาและแนะนำเนื้อหาวิชา | G52: มีการจัดเตรียมสื่อการเรียนการสอนและรวบรวมแหล่งอ้างอิงไว้อย่างเหมาะสม | H52: มีการจัดการเรียนการสอนเป็นไปตามประมวลรายวิชาครบถ้วนและการนำเข้าสู่บทเรียนให้ข้อมูลที่เป็นประโยชน์แก่ผู้เรียนครบถ้วน | I52: มีการส่งเสริมให้ผู้เรียนได้ฝึกทักษะการคิดได้อย่างเหมาะสมดีมาก | J52: มีการส่งเสริมให้ผู้เรียนได้ฝึกทักษะการสื่อสารได้อย่างเหมาะสมดีมาก | K52: งานมอบเยอะไปนิดนึงครับ เพราะเมื่อมาเรียนที่โรงเรียนก็ได้ปฏิบัติหรือลองทำได้ เช่นกัน จึงอยากแนะนำให้งานมอบลดลงนิดนึงครับ
A53: 46212.623 | B53: bnco0903@signalschool.ac.th | C53: ร.ท.ศุภรัชฎ หมอกสุข | D53: ลักษณะทางทหาร "ดีมาก" มีความเชื่อมั่นในตนเองเป็นแบบอย่างที่ดีแก่ผู้เรียนได้ | E53: เสียงดังฟังชัดและจังหวะการพูดไม่ช้า/เร็วเกินไป | F53: มีประมวลรายวิชาและแนะนำเนื้อหาวิชา | G53: มีการจัดเตรียมสื่อการเรียนการสอนและรวบรวมแหล่งอ้างอิงไว้อย่างเหมาะสม | H53: มีการจัดการเรียนการสอนเป็นไปตามประมวลรายวิชาครบถ้วนและการนำเข้าสู่บทเรียนให้ข้อมูลที่เป็นประโยชน์แก่ผู้เรียนครบถ้วน | I53: มีการส่งเสริมให้ผู้เรียนได้ฝึกทักษะการคิดได้อย่างเหมาะสมดีมาก | J53: มีการส่งเสริมให้ผู้เรียนได้ฝึกทักษะการสื่อสารได้อย่างเหมาะสมดีมาก
A54: 46212.623 | B54: bnco0905@signalschool.ac.th | C54: ร.ท.ศุภรัชฎ หมอกสุข | D54: ลักษณะทางทหาร "ดีมาก" มีความเชื่อมั่นในตนเองเป็นแบบอย่างที่ดีแก่ผู้เรียนได้ | E54: เสียงดังฟังชัดและจังหวะการพูดไม่ช้า/เร็วเกินไป | F54: มีประมวลรายวิชาและแนะนำเนื้อหาวิชา | G54: มีการจัดเตรียมสื่อการเรียนการสอนและรวบรวมแหล่งอ้างอิงไว้อย่างเหมาะสม | H54: มีการจัดการเรียนการสอนเป็นไปตามประมวลรายวิชาครบถ้วนและการนำเข้าสู่บทเรียนให้ข้อมูลที่เป็นประโยชน์แก่ผู้เรียนครบถ้วน | I54: มีการส่งเสริมให้ผู้เรียนได้ฝึกทักษะการคิดได้อย่างเหมาะสมดีมาก | J54: มีการส่งเสริมให้ผู้เรียนได้ฝึกทักษะการสื่อสารได้อย่างเหมาะสมดีมาก
A55: 46212.623 | B55: bnco0937@signalschool.ac.th | C55: ร.ท.ศุภรัชฎ หมอกสุข | D55: ลักษณะทางทหาร "ดีมาก" มีความเชื่อมั่นในตนเองเป็นแบบอย่างที่ดีแก่ผู้เรียนได้ | E55: เสียงดังฟังชัดและจังหวะการพูดไม่ช้า/เร็วเกินไป | F55: มีประมวลรายวิชาและแนะนำเนื้อหาวิชา | G55: มีการจัดเตรียมสื่อการเรียนการสอนและรวบรวมแหล่งอ้างอิงไว้อย่างเหมาะสม | H55: มีการจัดการเรียนการสอนเป็นไปตามประมวลรายวิชาครบถ้วนและการนำเข้าสู่บทเรียนให้ข้อมูลที่เป็นประโยชน์แก่ผู้เรียนครบถ้วน | I55: มีการส่งเสริมให้ผู้เรียนได้ฝึกทักษะการคิดได้อย่างเหมาะสมดีมาก | J55: มีการส่งเสริมให้ผู้เรียนได้ฝึกทักษะการสื่อสารได้อย่างเหมาะสมดีมาก
A56: 46212.623 | B56: bnco0922@signalschool.ac.th | C56: ร.ท.ศุภรัชฎ หมอกสุข | D56: ลักษณะทางทหาร "ดีมาก" มีความเชื่อมั่นในตนเองเป็นแบบอย่างที่ดีแก่ผู้เรียนได้ | E56: เสียงดังฟังชัดและจังหวะการพูดไม่ช้า/เร็วเกินไป | F56: มีประมวลรายวิชาและแนะนำเนื้อหาวิชา | G56: มีการจัดเตรียมสื่อการเรียนการสอนและรวบรวมแหล่งอ้างอิงไว้อย่างเหมาะสม | H56: มีการจัดการเรียนการสอนเป็นไปตามประมวลรายวิชาครบถ้วนและการนำเข้าสู่บทเรียนให้ข้อมูลที่เป็นประโยชน์แก่ผู้เรียนครบถ้วน | I56: มีการส่งเสริมให้ผู้เรียนได้ฝึกทักษะการคิดได้อย่างเหมาะสมดีมาก | J56: มีการส่งเสริมให้ผู้เรียนได้ฝึกทักษะการสื่อสารได้อย่างเหมาะสมดีมาก | K56: -
A57: 46212.623 | B57: bnco0914@signalschool.ac.th | C57: ร.ท.ศุภรัชฎ หมอกสุข | D57: ลักษณะทางทหาร "ดีมาก" มีความเชื่อมั่นในตนเองเป็นแบบอย่างที่ดีแก่ผู้เรียนได้ | E57: เสียงดังฟังชัดและจังหวะการพูดไม่ช้า/เร็วเกินไป | F57: มีประมวลรายวิชาและแนะนำเนื้อหาวิชา | G57: มีการจัดเตรียมสื่อการเรียนการสอนและรวบรวมแหล่งอ้างอิงไว้อย่างเหมาะสม | H57: มีการจัดการเรียนการสอนเป็นไปตามประมวลรายวิชาครบถ้วนและการนำเข้าสู่บทเรียนให้ข้อมูลที่เป็นประโยชน์แก่ผู้เรียนครบถ้วน | I57: มีการส่งเสริมให้ผู้เรียนได้ฝึกทักษะการคิดได้อย่างเหมาะสมดีมาก | J57: มีการส่งเสริมให้ผู้เรียนได้ฝึกทักษะการสื่อสารได้อย่างเหมาะสมดีมาก
A58: 46212.624 | B58: bnco0963@signalschool.ac.th | C58: ร.ท.ศุภรัชฎ หมอกสุข | D58: ลักษณะทางทหาร "ดีมาก" มีความเชื่อมั่นในตนเองเป็นแบบอย่างที่ดีแก่ผู้เรียนได้ | E58: เสียงดังฟังชัดและจังหวะการพูดไม่ช้า/เร็วเกินไป | F58: มีประมวลรายวิชาและแนะนำเนื้อหาวิชา | G58: มีการจัดเตรียมสื่อการเรียนการสอนและรวบรวมแหล่งอ้างอิงไว้อย่างเหมาะสม | H58: มีการจัดการเรียนการสอนเป็นไปตามประมวลรายวิชาครบถ้วนและการนำเข้าสู่บทเรียนให้ข้อมูลที่เป็นประโยชน์แก่ผู้เรียนครบถ้วน | I58: มีการส่งเสริมให้ผู้เรียนได้ฝึกทักษะการคิดได้อย่างเหมาะสมดีมาก | J58: มีการส่งเสริมให้ผู้เรียนได้ฝึกทักษะการสื่อสารได้อย่างเหมาะสมดีมาก
A59: 46212.624 | B59: bnco0939@signalschool.ac.th | C59: ร.ท.ศุภรัชฎ หมอกสุข | D59: ลักษณะทางทหาร "ดีมาก" มีความเชื่อมั่นในตนเองเป็นแบบอย่างที่ดีแก่ผู้เรียนได้ | E59: เสียงดังฟังชัดและจังหวะการพูดไม่ช้า/เร็วเกินไป | F59: มีประมวลรายวิชาและแนะนำเนื้อหาวิชา | G59: มีการจัดเตรียมสื่อการเรียนการสอนและรวบรวมแหล่งอ้างอิงไว้อย่างเหมาะสม | H59: มีการจัดการเรียนการสอนเป็นไปตามประมวลรายวิชาครบถ้วนและการนำเข้าสู่บทเรียนให้ข้อมูลที่เป็นประโยชน์แก่ผู้เรียนครบถ้วน | I59: มีการส่งเสริมให้ผู้เรียนได้ฝึกทักษะการคิดได้อย่างเหมาะสมดีมาก | J59: มีการส่งเสริมให้ผู้เรียนได้ฝึกทักษะการสื่อสารได้อย่างเหมาะสมดีมาก
A60: 46212.624 | B60: bnco0902@signalschool.ac.th | C60: ร.ท.ศุภรัชฏ หมอกสุข | D60: ลักษณะทางทหาร "ดีมาก" มีความเชื่อมั่นในตนเองเป็นแบบอย่างที่ดีแก่ผู้เรียนได้ | E60: เสียงดังฟังชัดและจังหวะการพูดไม่ช้า/เร็วเกินไป | F60: มีประมวลรายวิชาและแนะนำเนื้อหาวิชา | G60: มีการจัดเตรียมสื่อการเรียนการสอนและรวบรวมแหล่งอ้างอิงไว้อย่างเหมาะสม | H60: มีการจัดการเรียนการสอนเป็นไปตามประมวลรายวิชาครบถ้วนและการนำเข้าสู่บทเรียนให้ข้อมูลที่เป็นประโยชน์แก่ผู้เรียนครบถ้วน | I60: มีการส่งเสริมให้ผู้เรียนได้ฝึกทักษะการคิดได้อย่างเหมาะสมดีมาก | J60: มีการส่งเสริมให้ผู้เรียนได้ฝึกทักษะการสื่อสารได้อย่างเหมาะสมดีมาก
A61: 46212.624 | B61: bnco0933@signalschool.ac.th | C61: ร.ท.ศุภรัชฏ หมอกสุข | D61: ลักษณะทางทหาร "ดีมาก" มีความเชื่อมั่นในตนเองเป็นแบบอย่างที่ดีแก่ผู้เรียนได้ | E61: เสียงดังฟังชัดและจังหวะการพูดไม่ช้า/เร็วเกินไป | F61: มีประมวลรายวิชาและแนะนำเนื้อหาวิชา | G61: มีการจัดเตรียมสื่อการเรียนการสอนและรวบรวมแหล่งอ้างอิงไว้อย่างเหมาะสม | H61: มีการจัดการเรียนการสอนเป็นไปตามประมวลรายวิชาครบถ้วนและการนำเข้าสู่บทเรียนให้ข้อมูลที่เป็นประโยชน์แก่ผู้เรียนครบถ้วน | I61: มีการส่งเสริมให้ผู้เรียนได้ฝึกทักษะการคิดได้อย่างเหมาะสมดีมาก | J61: มีการส่งเสริมให้ผู้เรียนได้ฝึกทักษะการสื่อสารได้อย่างเหมาะสมดีมาก
